{
  "gdp_usd": 100998916781.079,
  "gdp_per_capita": 2665.87444776753,
  "gdp_growth_pct": 4.42390664406875,
  "population": 37885849,
  "ease_of_business": null,
  "exports_usd": 31798017664.371,
  "imports_usd": 19552084464.7389,
  "inflation_pct": 28.2404948915772,
  "unemployment_pct": 14.108
}