{
  "gdp_usd": 23124729853.0218,
  "gdp_per_capita": 981.992649769081,
  "gdp_growth_pct": 4.79980951667159,
  "population": null,
  "ease_of_business": null,
  "exports_usd": 6603895283.60786,
  "imports_usd": 7387126425.77464,
  "inflation_pct": 4.19081721344523,
  "unemployment_pct": 3.477
}