{
  "gdp_usd": 3082433067.32634,
  "gdp_per_capita": 219.424830882698,
  "gdp_growth_pct": 4.11227376264944,
  "population": 14047786,
  "ease_of_business": null,
  "exports_usd": null,
  "imports_usd": null,
  "inflation_pct": 20.2124925027847,
  "unemployment_pct": 0.922
}