{
  "gdp_usd": 21482643706.4249,
  "gdp_per_capita": 1485.38018885134,
  "gdp_growth_pct": 7.45311566226201,
  "population": 14462724,
  "ease_of_business": null,
  "exports_usd": 4047363784.45537,
  "imports_usd": 4683140133.79221,
  "inflation_pct": 1.16093089640415,
  "unemployment_pct": 1.589
}