{
  "gdp_usd": 19402063512.9066,
  "gdp_per_capita": 7695.75319445165,
  "gdp_growth_pct": -2.98986879467928,
  "population": 2521139,
  "ease_of_business": null,
  "exports_usd": 5315056808.77715,
  "imports_usd": 8480830491.00823,
  "inflation_pct": 2.81835131676251,
  "unemployment_pct": 24.477
}