{
  "gdp_usd": 70962185790.7094,
  "gdp_per_capita": 649.383338556725,
  "gdp_growth_pct": 6.12675551779212,
  "population": 109276265,
  "ease_of_business": null,
  "exports_usd": 34597093710.8684,
  "imports_usd": 36758285260.9903,
  "inflation_pct": 2.88585107289988,
  "unemployment_pct": 4.434
}