{
  "gdp_usd": 2751494281.06887,
  "gdp_per_capita": 516.160999996036,
  "gdp_growth_pct": 1.49999999847535,
  "population": 5330690,
  "ease_of_business": null,
  "exports_usd": 412917514.039995,
  "imports_usd": 864653558.507516,
  "inflation_pct": 1.47733600718743,
  "unemployment_pct": 6.251
}