{
  "gdp_usd": 15719986076.6464,
  "gdp_per_capita": 2482.2489948456,
  "gdp_growth_pct": 2.57966943921721,
  "population": 6332961,
  "ease_of_business": null,
  "exports_usd": 8296952539.2444,
  "imports_usd": 6352207277.44474,
  "inflation_pct": 3.09143630919166,
  "unemployment_pct": 19.876
}