{
  "gdp_usd": 87113179149.284,
  "gdp_per_capita": 2727.8935220697,
  "gdp_growth_pct": 6.01953461940062,
  "population": 31934230,
  "ease_of_business": null,
  "exports_usd": 22673498100.9121,
  "imports_usd": 21984235109.7114,
  "inflation_pct": 3.45053028131018,
  "unemployment_pct": 2.323
}