{
  "gdp_usd": 53296694320.2057,
  "gdp_per_capita": 1830.00833684727,
  "gdp_growth_pct": 3.52472308052245,
  "population": 29123744,
  "ease_of_business": null,
  "exports_usd": 8353326094.39976,
  "imports_usd": 9982430835.96898,
  "inflation_pct": 4.53331349711606,
  "unemployment_pct": 3.602
}