{
  "gdp_usd": 2725414150.72735,
  "gdp_per_capita": 5192.48157325878,
  "gdp_growth_pct": 7.24388538990945,
  "population": 524877,
  "ease_of_business": null,
  "exports_usd": 1158263031.53433,
  "imports_usd": 1471907533.53908,
  "inflation_pct": 1.0481698336865,
  "unemployment_pct": 11.939
}