{
  "gdp_usd": 4152145939.98458,
  "gdp_per_capita": 3552.72335079222,
  "gdp_growth_pct": 6.98048467276334,
  "population": 1168722,
  "ease_of_business": null,
  "exports_usd": 5248946382.25083,
  "imports_usd": 4767585147.50648,
  "inflation_pct": 2.1120116728497,
  "unemployment_pct": 26.015
}