{
  "gdp_usd": 269322281664.773,
  "gdp_per_capita": 5752.99076651465,
  "gdp_growth_pct": 3.69999999907979,
  "population": 46814308,
  "ease_of_business": null,
  "exports_usd": 53466882956.8478,
  "imports_usd": 54624467791.6853,
  "inflation_pct": 4.04611455313434,
  "unemployment_pct": 11.633
}