{
  "gdp_usd": 389059911003.566,
  "gdp_per_capita": 3338.47371395895,
  "gdp_growth_pct": 2.3991692678251,
  "population": 116538258,
  "ease_of_business": null,
  "exports_usd": 63713393368.3925,
  "imports_usd": 90357257459.4849,
  "inflation_pct": 28.2705899322082,
  "unemployment_pct": 6.781
}