{
  "gdp_usd": 2065001626.01626,
  "gdp_per_capita": 688.68165957684,
  "gdp_growth_pct": 8.67980010138049,
  "population": 3535603,
  "ease_of_business": null,
  "exports_usd": 374897684.552846,
  "imports_usd": 603784852.03252,
  "inflation_pct": null,
  "unemployment_pct": 5.978
}