{
  "gdp_usd": 149740297952.986,
  "gdp_per_capita": 1133.88279681719,
  "gdp_growth_pct": 7.61277447511073,
  "population": 132059767,
  "ease_of_business": null,
  "exports_usd": 8294520632.78272,
  "imports_usd": 17760943866.582,
  "inflation_pct": 21.037746057771,
  "unemployment_pct": 3.323
}