{
  "gdp_usd": 20895684425.6752,
  "gdp_per_capita": 8230.04311451151,
  "gdp_growth_pct": 3.39403899592401,
  "population": 2538952,
  "ease_of_business": null,
  "exports_usd": 13494077457.8665,
  "imports_usd": 5739732546.48916,
  "inflation_pct": 1.17311998381218,
  "unemployment_pct": 20.154
}