{
  "gdp_usd": 82308110386.4641,
  "gdp_per_capita": 2390.77237652715,
  "gdp_growth_pct": 5.59045469593266,
  "population": 34427414,
  "ease_of_business": null,
  "exports_usd": 29197465998.8647,
  "imports_usd": 28244066026.1723,
  "inflation_pct": 22.8483281157842,
  "unemployment_pct": 2.979
}