{
  "gdp_usd": 2404888749.21907,
  "gdp_per_capita": 871.340291776294,
  "gdp_growth_pct": 5.55126069510321,
  "population": 2759988,
  "ease_of_business": null,
  "exports_usd": 210399924.350749,
  "imports_usd": 803756504.829352,
  "inflation_pct": 11.5610532897511,
  "unemployment_pct": 6.521
}