{
  "gdp_usd": 25008678293.4084,
  "gdp_per_capita": 1694.95375862193,
  "gdp_growth_pct": 5.35004659051708,
  "population": 14754785,
  "ease_of_business": null,
  "exports_usd": 10351843899.1588,
  "imports_usd": 14101095979.571,
  "inflation_pct": 8.12313914948596,
  "unemployment_pct": 5.163
}