{
  "gdp_usd": 12765777677.0622,
  "gdp_per_capita": 6745.40013244916,
  "gdp_growth_pct": 0.907248245986736,
  "population": 1892516,
  "ease_of_business": null,
  "exports_usd": 4488990305.15777,
  "imports_usd": 3239596744.42796,
  "inflation_pct": 2.92140227309103,
  "unemployment_pct": 8.337
}