{
  "gdp_usd": 2218393804.54798,
  "gdp_per_capita": 1007.74151728028,
  "gdp_growth_pct": 4.14631137217332,
  "population": 2201352,
  "ease_of_business": null,
  "exports_usd": 262820174.454457,
  "imports_usd": 598062698.261412,
  "inflation_pct": 3.76555825770114,
  "unemployment_pct": 2.673
}