{
  "gdp_usd": 120339557905.932,
  "gdp_per_capita": 2132.43452097647,
  "gdp_growth_pct": 4.72473994710138,
  "population": null,
  "ease_of_business": null,
  "exports_usd": 20536686006.5913,
  "imports_usd": 27822985577.2646,
  "inflation_pct": 4.48978854243448,
  "unemployment_pct": 5.449
}