{
  "gdp_usd": 1440991455.45188,
  "gdp_per_capita": 1662.75663312504,
  "gdp_growth_pct": 3.3381010943571,
  "population": 866628,
  "ease_of_business": null,
  "exports_usd": 142823532.426167,
  "imports_usd": 496590153.052493,
  "inflation_pct": 5.05192609588218,
  "unemployment_pct": 3.819
}