{
  "gdp_usd": 4779300900,
  "gdp_per_capita": 851.497723870206,
  "gdp_growth_pct": 4.02185464964835,
  "population": null,
  "ease_of_business": null,
  "exports_usd": null,
  "imports_usd": null,
  "inflation_pct": 8.21497439118964,
  "unemployment_pct": 2.884
}