{
  "gdp_usd": 2271759454.51107,
  "gdp_per_capita": 971.90771824829,
  "gdp_growth_pct": 2.85452253179545,
  "population": 2337423,
  "ease_of_business": null,
  "exports_usd": 909092611.458147,
  "imports_usd": 2088115593.48483,
  "inflation_pct": 6.10544624245032,
  "unemployment_pct": 16.315
}