{
  "gdp_usd": 48487151215.345,
  "gdp_per_capita": 6569.16408678648,
  "gdp_growth_pct": 1.89995052025442,
  "population": 7381023,
  "ease_of_business": null,
  "exports_usd": null,
  "imports_usd": 27562617337.6643,
  "inflation_pct": 2.12615766885025,
  "unemployment_pct": 18.758
}