{
  "gdp_usd": 160610994054.734,
  "gdp_per_capita": 4153.1943359375,
  "gdp_growth_pct": 3.79336515978963,
  "population": 38081173,
  "ease_of_business": null,
  "exports_usd": 67454245753.4821,
  "imports_usd": 80608604200.2698,
  "inflation_pct": 0.985256592004507,
  "unemployment_pct": 9
}