{
  "gdp_usd": 17420501490.1231,
  "gdp_per_capita": 544.987501003384,
  "gdp_growth_pct": 4.19999999988647,
  "population": 31964956,
  "ease_of_business": null,
  "exports_usd": 4052441956.49773,
  "imports_usd": 5525278015.34173,
  "inflation_pct": 7.61335784313723,
  "unemployment_pct": 3.041
}