{
  "gdp_usd": 26794747239.8805,
  "gdp_per_capita": 1094.61949265799,
  "gdp_growth_pct": 4.99226917482922,
  "population": 24478595,
  "ease_of_business": null,
  "exports_usd": 6046342986.56671,
  "imports_usd": 7323175197.56254,
  "inflation_pct": null,
  "unemployment_pct": 2.831
}