{
  "gdp_usd": 10908045686.8808,
  "gdp_per_capita": 2110.12036938187,
  "gdp_growth_pct": 6.30760213290844,
  "population": 5169395,
  "ease_of_business": null,
  "exports_usd": 4517112387.20263,
  "imports_usd": 5692691361.14091,
  "inflation_pct": 2.49164347481972,
  "unemployment_pct": 10.319
}