{
  "gdp_usd": 14937861786.17,
  "gdp_per_capita": 11990.7798944837,
  "gdp_growth_pct": null,
  "population": 1245779,
  "ease_of_business": null,
  "exports_usd": 10025062116.6689,
  "imports_usd": 11697830481.4156,
  "inflation_pct": 3.6045220384796,
  "unemployment_pct": 5.635
}