{
  "gdp_usd": 11316411329.4619,
  "gdp_per_capita": 522.570393642547,
  "gdp_growth_pct": 1.6734340852915,
  "population": 21655286,
  "ease_of_business": null,
  "exports_usd": 1502749517.68843,
  "imports_usd": 4168480304.06473,
  "inflation_pct": 32.1796504225025,
  "unemployment_pct": 5.072
}