{
  "gdp_usd": 22745341305.0622,
  "gdp_per_capita": 656.776824637306,
  "gdp_growth_pct": 2.14854964610538,
  "population": 34631766,
  "ease_of_business": null,
  "exports_usd": null,
  "imports_usd": 12015027432.9082,
  "inflation_pct": 4.07856834812022,
  "unemployment_pct": 6.628
}