{
  "gdp_usd": 13372354511.716,
  "gdp_per_capita": 4413.12752211572,
  "gdp_growth_pct": 3.71154502416731,
  "population": 3030131,
  "ease_of_business": null,
  "exports_usd": 5568765591.02145,
  "imports_usd": 9091147387.8775,
  "inflation_pct": 4.23903922877036,
  "unemployment_pct": 19.291
}