{
  "gdp_usd": 19876128485.7857,
  "gdp_per_capita": 735.270255787226,
  "gdp_growth_pct": 10.3000000007793,
  "population": null,
  "ease_of_business": null,
  "exports_usd": 5430937500.73081,
  "imports_usd": 4502353238.50075,
  "inflation_pct": 9.07151997725013,
  "unemployment_pct": 0.394
}