{
  "gdp_usd": 252261880141.151,
  "gdp_per_capita": 1084.16041805436,
  "gdp_growth_pct": 4.06236408888319,
  "population": 232679478,
  "ease_of_business": null,
  "exports_usd": 387790744.883702,
  "imports_usd": 710201795.919282,
  "inflation_pct": 33.2420966545406,
  "unemployment_pct": 3.064
}