{
  "gdp_usd": 14251642235.0968,
  "gdp_per_capita": 999.65456165547,
  "gdp_growth_pct": 8.89065529573114,
  "population": 14256567,
  "ease_of_business": null,
  "exports_usd": 4392652633.98017,
  "imports_usd": null,
  "inflation_pct": 1.77029240198635,
  "unemployment_pct": 11.363
}