{
  "gdp_usd": 2167239562.46013,
  "gdp_per_capita": 17858.8226383978,
  "gdp_growth_pct": 3.46568066415341,
  "population": null,
  "ease_of_business": null,
  "exports_usd": 1845801876.19931,
  "imports_usd": 2236609631.05002,
  "inflation_pct": 0.311726050919668,
  "unemployment_pct": null
}