{
  "gdp_usd": 49672435513.1126,
  "gdp_per_capita": 984.607666015625,
  "gdp_growth_pct": -13.9643375197179,
  "population": null,
  "ease_of_business": null,
  "exports_usd": null,
  "imports_usd": 633066205.911067,
  "inflation_pct": 138.80846024176,
  "unemployment_pct": 7.53
}