{
  "gdp_usd": 6971127235.3123,
  "gdp_per_capita": 806.654650417726,
  "gdp_growth_pct": 4.29322336690163,
  "population": 8642022,
  "ease_of_business": null,
  "exports_usd": 1203610314.09175,
  "imports_usd": 1622864248.13392,
  "inflation_pct": 28.6337500014115,
  "unemployment_pct": 3.15
}