{
  "gdp_usd": 32808056600.9436,
  "gdp_per_capita": 1773.21829923448,
  "gdp_growth_pct": 6.06055141198976,
  "population": null,
  "ease_of_business": null,
  "exports_usd": 8100664779.95513,
  "imports_usd": 14254913872.5242,
  "inflation_pct": 0.804503298792438,
  "unemployment_pct": 2.735
}