{
  "gdp_usd": 11967000000,
  "gdp_per_capita": 629.538899449007,
  "gdp_growth_pct": 4.11139335779471,
  "population": 19009151,
  "ease_of_business": null,
  "exports_usd": 3735000000,
  "imports_usd": 11861000000,
  "inflation_pct": null,
  "unemployment_pct": 18.948
}