{
  "gdp_usd": 11997800760.2242,
  "gdp_per_capita": 1080.14718624765,
  "gdp_growth_pct": -10.7933646271143,
  "population": 11943408,
  "ease_of_business": null,
  "exports_usd": 4397355862.60474,
  "imports_usd": 3467364408.19044,
  "inflation_pct": 91.4408220769046,
  "unemployment_pct": 12.374
}