{
  "gdp_usd": 822154621.088897,
  "gdp_per_capita": 3490.56883486557,
  "gdp_growth_pct": 1.09999940100751,
  "population": 235536,
  "ease_of_business": null,
  "exports_usd": null,
  "imports_usd": null,
  "inflation_pct": 14.3519273571008,
  "unemployment_pct": 9.132
}