{
  "gdp_usd": 4858885840.77236,
  "gdp_per_capita": 3909.55892378182,
  "gdp_growth_pct": 2.97391075973985,
  "population": 1242822,
  "ease_of_business": null,
  "exports_usd": 2611937418.73633,
  "imports_usd": 2610423259.22481,
  "inflation_pct": 2.59801620311077,
  "unemployment_pct": 34.202
}