{
  "gdp_usd": 19518819751.283,
  "gdp_per_capita": 961.55975562506,
  "gdp_growth_pct": 4.19925854085865,
  "population": 20299123,
  "ease_of_business": null,
  "exports_usd": 5811653282.91208,
  "imports_usd": 3531613266.1756,
  "inflation_pct": 8.89950732263754,
  "unemployment_pct": 1.057
}