{
  "gdp_usd": 10651180146.531,
  "gdp_per_capita": 1119.38160509429,
  "gdp_growth_pct": 6.53204505563791,
  "population": 9515236,
  "ease_of_business": null,
  "exports_usd": 2162409655.2528,
  "imports_usd": 3161651829.76449,
  "inflation_pct": 2.86262074089801,
  "unemployment_pct": 1.995
}