{
  "gdp_usd": 51332285656.5422,
  "gdp_per_capita": 4181.13789301228,
  "gdp_growth_pct": null,
  "population": 12277109,
  "ease_of_business": null,
  "exports_usd": 25667010358.6338,
  "imports_usd": 28898464567.6502,
  "inflation_pct": 7.20661657168794,
  "unemployment_pct": 15.108
}