{
  "gdp_usd": 78844405385.2195,
  "gdp_per_capita": 1186.71691894531,
  "gdp_growth_pct": 5.5263138305945,
  "population": 68560157,
  "ease_of_business": null,
  "exports_usd": 15635226304.0617,
  "imports_usd": 17095546885.1206,
  "inflation_pct": 3.05694676312373,
  "unemployment_pct": 1.572
}