{
  "gdp_usd": 53911907086.1525,
  "gdp_per_capita": 1077.91278452817,
  "gdp_growth_pct": 6.05558075875589,
  "population": 50015092,
  "ease_of_business": null,
  "exports_usd": 9034338030.17196,
  "imports_usd": 13960593896.0233,
  "inflation_pct": 3.3233806708656,
  "unemployment_pct": 2.746
}