{
  "gdp_usd": 401144998373.585,
  "gdp_per_capita": 6267.186814093,
  "gdp_growth_pct": 0.534843531905139,
  "population": 64007187,
  "ease_of_business": null,
  "exports_usd": 127531645077.343,
  "imports_usd": 119761291334.041,
  "inflation_pct": 4.36115246518962,
  "unemployment_pct": 32.391
}