{
  "gdp_usd": 25303185342.2511,
  "gdp_per_capita": 1187.10943350064,
  "gdp_growth_pct": 3.82004825518591,
  "population": 21314956,
  "ease_of_business": null,
  "exports_usd": null,
  "imports_usd": 6971790366.11773,
  "inflation_pct": 14.9856262747939,
  "unemployment_pct": 5.918
}