{
  "gdp_usd": 41539411516.4448,
  "gdp_per_capita": 2497.20332208763,
  "gdp_growth_pct": 1.74239524880791,
  "population": 16634373,
  "ease_of_business": null,
  "exports_usd": 7497382687.20078,
  "imports_usd": 9735878259.12836,
  "inflation_pct": 104.705170628667,
  "unemployment_pct": 9.293
}