email,company_name,sector,county,job_title,positions_available,company_org_number
2425@magazin.profi.ro,ZAMIRA IMPEX SRL,COMERT,Suceava,LUCRATOR COMERCIAL,1,47712579
a.bradea@sercaver.ro,SERCAVER SRL,Altele,Bistrița-Năsăud,MONTATOR SUBANSAMBLE,5,23114098
a.ciuciuc@ceb4.ro,WEBUILD SPA MILANO SUCURSALA ROMANIA BUCURESTI,Construcții / Instalații,Bihor,"MUNCITOR NECALIFICAT LA ÎNTRETINEREA DE DRUMURI, SOSELE, PODURI, BARAJE",1,6669684
a.coman@accountant.com,S.C.PIRAMIDA BUSINESS MANAGEME,COMERT,Municipiul București,LUCRATOR COMERCIAL,3,35368804
a.mihalea@p-csystem.com,PCM ROM SRL,Construcții / Instalații,Giurgiu,INGINER MECANIC,1,31085090
aandronic.mihaela@yahpp.com,ELYO-TIPA S.R.L.,Construcții / Instalații,Suceava,SOFER DE AUTOTURISME SI CAMIONETE,1,46182660
abonat@ppprotectsecurity.ro,PP PROTECT SECURITY SRL,Armată / Pază/ Protecție,Cluj,GESTIONAR DEPOZIT,1,32401540
accounting@companyromania.com,HL ENGINEERING SRL,Altele,Timiș,AMBALATOR MANUAL,1,50831812
accounting@mindtheg.com,GLOBAL ART PRODUCTION SRL,Administrativ / Secretariat,Mureș,FEMEIE DE SERVICIU,1,26340510
accounting@ragmet.com,RAGMET RAFFINERIA SRL,Altele,Ilfov,LUCRATOR SORTATOR DESEURI RECICLABILE,20,45075550
acicluj@mail.dntcj.ro,ACI CLUJ SA,Altele,Cluj,LACATUS MECANIC,4,200513
adalcisa.lupu@ro.post,COMPANIA NATIONALA POSTA ROMANA S.A. BUCURESTI SUCURSALA CONSTANTA,Altele,Buzău,CURIER,2,40711789
adela.bucur@quadra.com,QUADRA COMMODITIES ROMANIA S.R.L,Vânzări,Municipiul București,MANAGER ACHIZITII,1,46908870
adela.condurache@hidroserv.ro,S.S.H. HIDROSERV S.A.,Specialiști / Tehnicieni,Alba,MAISTRU ENERGETICIAN/ELECTRICIAN,1,32097794
adela.predescu@radissonblu.com,NEMO INVESTMENT VEHICLE S.A.,Turism / Alimentație,Municipiul București,AJUTOR OSPATAR,1,38520000
adela.tirban@vpkgroup.com,VPK PACKAGING SRL,Producție / Logistică,Bihor,LACATUS MECANIC,1,20571656
adelina.bordei@insight.com,AMDARIS ROMÂNIA SRL,IT / Telecomunicații,Timiș,PROGRAMATOR,4,30522820
adina.ceclan@diferit.eu,ECO DIF SOLUTION SRL,Construcții / Instalații,Cluj,ELECTRICIAN DE ÎNTRETINERE SI REPARATII,1,23935743
adinamoldovan@noreck.ro,SEV STRUCTURI SRL,Construcții / Instalații,Cluj,"MUNCITOR NECALIFICAT LA DEMOLAREA CLADIRILOR, CAPTUSELI ZIDARIE, PLACI MOZAIC, FAIANTA, GRESIE, PARCHET",1,31086312
adjunct@capitalsuceava.ro,BANCA COOPERATISTA CAPITAL SUCEAVA,Contabilitate / Financiar,Suceava,OPERATOR GHISEU BANCA,1,2693507
admin.payroll@aumovio.com,AUMOVIO Systems Romania SRL,Producție / Logistică,Sibiu,ANALIST CUMPARARI/CONSULTANT FURNIZORI,2,17679640
admin@nistorcce.ro,NISTOR CCE SRL,Construcții / Instalații,,MASINIST LA MASINI PENTRU TERASAMENTE (IFRONIST),1,44603607
adrian@getvizual.ro,GETVIZUAL MEDIA SRL,Marketing,Sibiu,SPECIALIST ÎN RELATII PUBLICE,1,46332873
adrian@salonb.ro,NONLINIAR MOB S.R.L.,PRODUCTIE MOBILA,Cluj,REGLOR MASINI DE PRELUCRAT LEMN,1,46293812
adriana.avram@constam.ro,CONSTAM PROCESARE OŢEL SRL,Construcții / Instalații,Buzău,Conducător auto transport rutier de mărfuri,2,34318948
adriana.boca@comsig.ro,COMSIG AUTOMOBILE SRL,COMERT,Bistrița-Năsăud,CONTABIL,1,17157507
adriana.ioan@inflpr.ro,"INSTITUTUL NATIONAL DE CERCETARE DEZVOLTARE PENTRU FIZICA LASERILOR, PLASMEI SI RADIATIEI - INFLPR RA",Altele,Ilfov,ASISTENT DE CERCETARE ÎN FIZICA,2,9052135
adriana.martin@omnigroup.ro,OMNI CESTARO GROUP SRL,Construcții / Instalații,Tulcea,TUBULATOR NAVAL,40,18799874
adriana.simuleac@tgie.ro,SCANDIC DISTILLERIES SA,Specialiști / Tehnicieni,Bihor,INSTALATOR INSTALATII TEHNICO-SANITARE SI DE GAZE,1,12601233
aflorea@frigoglass.com,FRIGOGLASS ROMANIA SRL,Producție / Logistică,Timiș,SUDOR MANUAL CU ARC ELECTRIC,1,6469724
agneta.micoara@gualapack.com,GUALA PACK NADAB SRL,Producție / Logistică,Arad,STIVUITORIST,2,27810947
aida.andritoiu@nestlersgroup.com,S.C. XPATH.GLOBAL SRL,Altele,Municipiul București,AGENT SERVICII CLIENT,2,21775247
ajofm.gr@anofm.gov.ro,AGENTIA JUDETEANA PENTRU OCUPAREA FORTEI DE MUNCA GIURGIU,Altele,Giurgiu,CONSILIER INSTITUTII PUBLICE,1,11358536
akheron@akheronserv.com,AKHERON SERV SRL,Agricultură / Zootehnie,Bihor,SPECIALIST ÎN RELATII PUBLICE,1,10410091
alba@medima.ro,MEDIMA HEALTH S.A.,Medicină / Sănătate /Psihoterapie,Alba,REPREZENTANT MEDICAL,1,37839517
alex.hr@elec.ro,WELEAD MOBILITY S.A.,Servicii transport / curierat,Ilfov,SOFER DE AUTOTURISME SI CAMIONETE,150,38311284
alex@deutschermarkt.ro,AM DEUTSCHER MARKT S.R.L.,Retail,Prahova,LUCRATOR COMERCIAL,1,39276991
alexandra.bargau@goldenfoods.com.ro,GOLDEN FOODS SNACKS S.A.,Producție / Logistică,Prahova,AMBALATOR MANUAL,1,24645268
alexandra.bitu@farplas-smart.com,FARPLAS SMART SOLUTIONS S.A.,Producție / Logistică,Argeș,SCULER-MATRITER,1,42511434
alexandra.cauia@tri-wall.ro,TRI-WALL ROMÂNIA S.R.L.,Producție / Logistică,Iași,OPERATOR LA MASINI-UNELTE CU COMANDA NUMERICA,3,38958095
alexandra.dosaru@osmet.ro,OSMET SRL,Construcții / Instalații,Ialomița,LACATUS MECANIC,4,15299050
alexandra.dragoi@ferma-stoian.ro,S.C. BIG LAND COMPANY S.R.L.,Altele,Constanța,MUNCITOR NECALIFICAT ÎN AGRICULTURA,5,14637829
alexandra.niculae@terragaz.ro,TERRA GAZ CONSTRUCT SRL,Construcții / Instalații,Ilfov,MASINIST LA MASINI PENTRU TERASAMENTE (IFRONIST),4,10376216
alexandra.prozan@sefar.com,SEFAR SRL,Altele,Mureș,"CONFECTIONER, PRELUCRATOR ÎN INDUSTRIA TEXTILA",3,18019910
alexandra.radu@algeco.com,S.C. ALGECO S.R.L.,Construcții / Instalații,Ilfov,REPREZENTANT COMERCIAL,1,21970426
alexandra@delarte.ro,DELARTE FOOD SRL,Altele,Ilfov,LUCRATOR BUCATARIE (SPALATOR VASE MARI),4,30683886
alexandru.dobroiu@topmop.ro,S.C.TOP DDD STATION SRL,Au pair / Babysitter / Curățenie,Municipiul București,MANAGER PROIECT,1,36297108
alexandru.golea@royalprogaz.ro,ROYAL PROGAZ,COMERT,Bacău,AGENT DE VÂNZARI,1,47362341
alexandru.petric@zooagrotraiani.ro,ZOO AGRO TRAIANI SRL,Agricultură / Zootehnie,Constanța,ÎNGRIJITOR ANIMALE,2,17884769
alexandru.pop@ttbiotec.com,TT BIOTEC SRL,Producție / Logistică,Maramureș,LUCRATOR SORTATOR DESEURI RECICLABILE,3,48435379
alin.balan@gixen.ro,GIXEN SRL,Altele,Călărași,MANIPULANT MARFURI,1,9053467
alin.danila@pttexpress.ro,POȘTA TABITA TOUR,Servicii transport / curierat,Alba,MANIPULANT MARFURI,1,42927194
alin.juca@iuliustown.ro,LIGHT CLEANING SRL,Au pair / Babysitter / Curățenie,Timiș,ÎNGRIJITOR CLADIRI,2,18857550
alin_bica@supeco.ro,SUPECO INVESTMENT SRL,COMERT,Bihor,LUCRATOR COMERCIAL,1,33067767
alina.andronic@romstal.ro,ROMSTAL IMEX SRL,COMERT,Municipiul București,BRAND MANAGER,2,5990324
alina.bornaz@elcargid.ro,ELCAR GID SRL,SERVICE AUTO,Buzău,ELECTRICIAN AUTO,1,15204785
alina.bucataru@croco.ro,CROCO SRL,Altele,Bacău,AMBALATOR MANUAL,3,6268054
alina.filip@droker.ro,DROKER SRL,Producție / Logistică,Alba,CONTROLOR CALITATE,1,12485074
alina.letan@almainstal.ro,ALMA INSTAL AMC SRL,Construcții / Instalații,Ilfov,"MUNCITOR NECALIFICAT LA DEMOLAREA CLADIRILOR, CAPTUSELI ZIDARIE, PLACI MOZAIC, FAIANTA, GRESIE, PARCHET",8,41062639
alina.lung@leoni.com,LEONI WIRING SYSTEMS ARAD SRL,Producție / Logistică,Arad,SPECIALIST MENTENANTA ELECTROMECANICA-AUTOMATICA ECHIPAMENTE INDUSTRIALE,4,11385425
alina.mocanu@pro-therm.ro,SEA STORE S.R.L.,Construcții / Instalații,Prahova,INSTALATOR INSTALATII TEHNICO-SANITARE SI DE GAZE,2,40925260
alina.muresan@vatabai.ro,COMPLEX VAȚA BĂI S.R.L.,RESTAURANTE,Hunedoara,OSPATAR (CHELNER),1,45441376
alina.pogor@omcomould.com,OMCO ROMANIA SRL,Producție / Logistică,Iași,OPERATOR LA MASINI-UNELTE CU COMANDA NUMERICA,3,17891928
alina.uifalean@visa-sa.com,VISA S.R.L.,Construcții / Instalații,Hunedoara,FAIANTAR,3,6146812
alina.valentina.serban@blum.com,BLUM ROMANIA SRL,Altele,,SPECIALIST ÎN RELATII PUBLICE,1,7177000
alina.vulpe@popeci.ro,S.C. POPECI AUTO S.R.L.,SERVICE AUTO,Dolj,PROGRAMATOR DE SISTEM INFORMATIC,1,14174058
alina@emea-invest.ro,ALEXIA CANDY SHOP SRL,Vânzări,Argeș,CASIER ÎNCASATOR,1,45586326
alina@energometal.ro,ENERGOMETAL TERMOSERV SRL,Construcții / Instalații,Călărași,LACATUS MECANIC,1,36942777
alinag@neoclinique.org,NEOCLINIQUE NEOCARE SRL,Altele,,FEMEIE DE SERVICIU,1,25405360
alisa.buzica@camen.ro,ECOGRAFIE 3D SRL,Medicină / Sănătate /Psihoterapie,Dolj,MEDIC SPECIALIST,1,14131812
allegria@oron.ro,ALLEGRIA TURISM SRL,RESTAURANTE,Bihor,AJUTOR OSPATAR,1,31555494
amalia.sobec@holcim.com,SOMACO GRUP PREFABRICATE SRL,Construcții / Instalații,Neamț,FINISOR TERASAMENTE,2,22424341
amalia.stan@schnellleitung.ro,SCHNELL LEITUNG SA,Construcții / Instalații,Prahova,SAPATOR MANUAL,3,13014130
ambrus.szabolcs@bayersecurity.ro,S.C. BAYER SECURITY S.R.L.,Altele,Harghita,AGENT DE SECURITATE,2,49073358
ana.androne@globalworker.ro,CORCHIŞ DUMITRU CONSTRUCT SRL,Altele,Timiș,ZIDAR ROSAR-TENCUITOR,5,36596614
ana.coritar@sindtour.ro,SIND TOUR TRADING SRL,Turism / Alimentație,Bihor,SEF RESTAURANT,1,26616528
ana.maier@blackseasuppliers.ro,BLACK SEA SUPPLIER -P.L RESITA,COMERT,Caraș-Severin,INGINER MECANIC,2,16375309
ana@dafcons.ro,DAF CONSULTING MANAGEMENT S.R.L.,Altele,Ilfov,FEMEIE DE SERVICIU,1,34368598
ana@ig.ro,Infoservice Alba SRL,Specialiști / Tehnicieni,Alba,TEHNICIAN ECHIPAMENTE DE CALCUL SI RETELE,1,52109524
anamaria.burca@indcar.ro,INDCAR BUS INDUSTRIES SRL,Producție / Logistică,Brașov,manager logistica si distributie,1,24065295
anamaria.david@akzonobel.com,AKZO NOBEL COATINGS S.R.L,Contabilitate / Financiar,Municipiul București,CONTABIL-SEF,1,6046627
anamaria.tanase@termene.ro,TERMENE JUST SRL,Call center / Suport clienți,Prahova,OPERATOR VÂNZARI PRIN TELEFON,1,33034700
anamaria.visan@elaniaresort.ro,APULUM TURISM SRL,Turism / Alimentație,Cluj,LUCRATOR BUCATARIE (SPALATOR VASE MARI),1,30511872
anca.buhoci@prodbacsecurity.ro,PRODBAC SECURITY SRL,Altele,Bacău,AGENT DE SECURITATE,5,11827080
anca.dulgheru@smart-b.ro,"SOCIETATEA PENTRU SERVICII DE MENTENANTA A RETELEI ELECTRICE DE TRANSPORT ""SMART"" SA",Inginerie,Municipiul București,INGINER ELECTROENERGETICA,2,14232728
anca.muntean@bergbanat.ro,BERG BANAT SRL,Producție / Logistică,Cluj,STIVUITORIST,3,1815100
anca.saru@assaabloy.com,ASSA ABLOY ROMANIA SRL,Producție / Logistică,Municipiul București,OPERATOR FABRICATIE FLUX,4,10473502
ancuta.branzei@alu-menziken.com,ALU MENZIKEN SRL,Producție / Logistică,Satu Mare,"MUNCITOR NECALIFICAT LA ASAMBLAREA, MONTAREA PIESELOR",1,34377820
ancuta.hrit@xannat.ro,XANNAT MINERALS SRL,Altele,Constanța,INGINER MECANIC,1,17391698
ancuta.popa@tekniagroup.com,TEKNIA ORADEA S.R.L.,Altele,Bihor,"MUNCITOR NECALIFICAT LA ASAMBLAREA, MONTAREA PIESELOR",1,28390485
anda.anghelache@reigrup.ro,INFINIT FASHION ATELIER SRL,Turism / Alimentație,Constanța,RECEPTIONER DE HOTEL,1,34639891
anda.popescu@temenos.com,TEMENOS ROMANIA SRL,IT / Telecomunicații,Municipiul București,INGINER DE SISTEM ÎN INFORMATICA,1,2604305
andonecatalin30@gamil.com,SC CATSTEF IMPEX 2025 SRL,COMERT,Vaslui,LUCRATOR COMERCIAL,3,52449046
andra.miloi@lhel.ro,Axa Estate srl,Construcții / Instalații,Brașov,AGENT SERVICII CLIENT,1,33795663
andra@11th.ro,S.C. AB CONSULTING HUB S.R.L.,Educație / Training / Coaching,Municipiul București,FEMEIE DE SERVICIU,2,41008419
andra_nitoiu@siad.eu,SIAD ROMANIA SRL,Producție / Logistică,Municipiul București,IMBUTELIATOR FLUIDE SUB PRESIUNE,1,8184529
andrada.marincasi@electro-net.ro,SC ELECTRONET CONCEPT SRL,Construcții / Instalații,,ELECTRICIAN ÎN CONSTRUCTII,1,31221578
andradabianca.eni@draexlmaier.com,DPR DRAXLMAIER PROCESE DE PRODUCTIE ROMANIA SRL,Producție / Logistică,Timiș,ADMINISTRATOR BAZE DE DATE,1,13551362
andreea-elena.anghel@ecoprofix.com,ECO PROFIX CONSULTING SRL,Altele,Prahova,SOFER DE AUTOTURISME SI CAMIONETE,3,36997101
andreea.adam@trigo-group.com,TRIGO ROMANIA S.A.,Producție / Logistică,,STIVUITORIST,4,18531331
andreea.bogles@varta-ag.com,VARTA MICROBATTERY SRL,Producție / Logistică,Brașov,INGINER DE CERCETARE ÎN ELECTRONICA APLICATA,1,32711524
andreea.chitiga@kredianis.ro,KREDIANIS SRL,COMERT,,CASIER,3,28464540
andreea.cioclu@austriajuice.com,AUSTRIA JUICE ROMANIA SRL,Altele,Vaslui,ELECTRICIAN DE ÎNTRETINERE SI REPARATII,1,9549151
andreea.dimitriu@strabag.com,SAT REABILITARE RECICLARE SRL,Construcții / Instalații,Municipiul București,REFERENT,1,26977794
andreea.gantoi@klintensiv.com,KLINTENSIV S.R.L.,Altele,Ilfov,AMBALATOR MANUAL,2,29359178
andreea.haiduc@bf1systems.com,BF SYSTEMS MANUFACTURING SRL,Altele,,CONFECTIONER CABLAJE AUTO,6,38179451
andreea.ionita@xlab.ro,SC X LAB SOLUTIONS SRL,COMERT,Municipiul București,REPREZENTANT COMERCIAL,2,14600285
andreea.purcea@romcarbon.com,ROMCARBON SA,Altele,Buzău,MUNCITOR NECALIFICAT LA AMBALAREA PRODUSELOR SOLIDE SI SEMISOLIDE,5,1158050
andreea.vlasin@unitahotels.ro,UNITA TURISM HOLDING SA,Altele,Timiș,ÎNGRIJITOR SPATII HOTELIERE,1,2094737
andreea@agropec.ro,NAGY ANDREEA ÎNTREPRINDERE INDIVIDUALĂ,Altele,Alba,AGRICULTOR ÎN CULTURI VEGETALE SI CRESCATOR DE ANIMALE,4,29593771
andreea@motobikeshop.eu,MOTO BIKE SHOP SRL,COMERT,Timiș,AMBALATOR MANUAL,1,17968231
andreea@oldtimer.ro,RESTOMOD BARN S.R.L ,SERVICE AUTO,,FEMEIE DE SERVICIU,1,45291457
andreea@pazasiprotectiearad.ro,LULU SECURITY 2000 SRL,SERVICII DE PAZA SI PROTECTIE,Arad,AGENT DE SECURITATE,3,39873728
andreeadobrin@tavernasarbului.ro,TAVERNA SARBULUI SRL,RESTAURANTE,Municipiul București,AJUTOR BUCATAR,2,15105404
andrei.bodan@yafct.ro,BERZOVIA FARM SRL,Agricultură / Zootehnie,Caraș-Severin,ÎNGRIJITOR ANIMALE,1,41581172
andrei.chirilovici@ro.eckerle-gruppe.com,ECKERLE AUTOMOTIVE SRL,Producție / Logistică,Cluj,REGLOR BENZI MONTAJ,1,15154407
angajari@clasicmex.ro,CLASIC PROD MEX SRL,PRODUCTIE MOBILA,Cluj,TÂMPLAR UNIVERSAL,2,33645950
angajari@ivcons.ro,IVAN CIVIL TOP-CONSTRUCT S.R.L.,Construcții / Instalații,Vaslui,STIVUITORIST,1,39361922
angela.lazar@criomecsa.ro,CRIOMEC SA,Producție / Logistică,Galați,TEHNICIAN MECANIC,1,5668427
angelica.ianco@selgros.ro,SELGROS CASH CARRY SRL,Retail,Bistrița-Năsăud,LUCRATOR COMERCIAL,3,11805367
anisioara.barhala@ro.post,COMPANIA NATIONALA POSTA ROMANA S.A. BUCURESTI SUCURSALA CONSTANTA,Altele,Galați,CURIER,1,40711789
apetrariu@marcel.com.ro,MARCEL TRADING SRL,COMERT,Neamț,LUCRATOR COMERCIAL,2,17609858
apostu@imperialinn.ro,COFIT CONSTRUCT SRL,Turism / Alimentație,Mureș,CAMERISTA HOTEL,1,27030020
apply_oradea@celestica.com,S.C. CELESTICA (ROMANIA) S.R.L.,Producție / Logistică,Bihor,TEHNICIAN ASIGURAREA CALITATII,4,16386391
arosu@verdemg.com,Verde Magnesium SRL,Altele,Municipiul București,ANALIST FINANCIAR,2,41220909
asistentmanager@agress.ro,AGRESS BEAUTY CLINIQUE SRL,Medicină / Sănătate /Psihoterapie,Galați,ASISTENT MEDICAL GENERALIST,3,31607550
asm@bricowoodtrade.ro,BRICO WOOD TRADE SRL,PRODUCTIE MOBILA,Argeș,TÂMPLAR UNIVERSAL,25,33476192
attila.gyorgy@gat-sped.eu,GAT-SPEDITION SRL,Servicii transport / curierat,Harghita,Conducător auto transport rutier de mărfuri,1,50058840
aurica.toma@hasit.ro,HASIT ROMANIA SRL,Construcții / Instalații,Cluj,OPERATOR FABRICATIE FLUX,1,13018697
avril@avril.ro,AVRIL S.R.L.,Construcții / Instalații,Prahova,"MUNCITOR NECALIFICAT LA DEMOLAREA CLADIRILOR, CAPTUSELI ZIDARIE, PLACI MOZAIC, FAIANTA, GRESIE, PARCHET",1,2825969
b.kira@benytrans.ro,BENY TRANS INTERNATIONAL SRL,Servicii transport / curierat,Satu Mare,SOFER DE AUTOTURISME SI CAMIONETE,2,10803520
balazs@beautywood.hu,BEAUTYWOOD RO S.R.L.,Vânzări,Bihor,REPREZENTANT COMERCIAL,2,35480424
banatovinex@ymail.com,SC BANAT OVINEX SRL,Altele,Timiș,ÎNGRIJITOR ANIMALE,4,13169835
baneasa@pizzahut.ro,AMERICAN RESTAURANT SYSTEM SA,RESTAURANTE,Municipiul București,BUCATAR,3,6331682
baneasa@taco-bell.ro,CALIFORNIA FRESH FLAVORS SRL,RESTAURANTE,Municipiul București,LUCRATOR BUCATARIE (SPALATOR VASE MARI),7,37783734
barbubarbomoisi@gmai.com,LA MSD BARBU SRL,COMERT,Ialomița,VÂNZATOR,2,52254028
basilioprobo@yahoo.co.nz,FUTURA ROMANIA SRL,FABRICAREA ARTICOLELOR DE IMBRACAMINTE,,UCENIC,5,51325520
BASSELocalPayroll@bat.com,BRITISH AMERICAN SHARED SERVICES EUROPE SRL,Contabilitate / Financiar,,ȘEF BIROU ANALIZE ECONOMICE,1,23774019
benedek.tibor@plazmontech.ro,PLAZMONTECH KFT-SÓSKÚT-SUCURSALA HARGHITA,Altele,Harghita,OPERATOR LA FABRICAREA CONSERVELOR DIN LEGUME SAU FRUCTE,1,40238592
bianca.harasim@cupio.ro,CUPIO INTERNATIONAL SRL,COMERT,Hunedoara,LUCRATOR GESTIONAR,2,29461428
bianca.mares@resco.ro,RESCO DISTRIBUȚIE LOGISTICĂ S.A.,COMERT,,Conducător auto transport rutier de mărfuri,2,48268670
bianca.potyesz@cupio.ro,RAZADI SRL,COMERT,Timiș,AMBALATOR MANUAL,3,19051501
bianca.vierita@coliseum.ro,COLISEUM SA,COMERT,Dolj,Conducător auto transport rutier de mărfuri,1,5057024
birou.asistenti.personali@social2.ro,DGASPC SECTOR 2,ASISTENTA SOCIALA,Municipiul București,ASISTENT PERSONAL AL PERSOANEI CU HANDICAP GRAV,8,17093691
birou.contabilitate@district-sud.ro,DISTRICT SUD SRL,COMERT,Dolj,STIVUITORIST,2,26126852
boca.carmen@actrading.ro,A C TRADING SRL,Producție / Logistică,Mureș,CONTROLOR CALITATE,1,25234945
bogdan.boian@distrigoods.ro,DISTRI GOODS SRL,Altele,Argeș,LUCRATOR COMERCIAL,2,42242859
br@fereastra1.ro,METROPOLIS SRL,Producție / Logistică,Vaslui,AGENT DE VÂNZARI,1,17004031
brasov@liviodario.ro,LIVIODARIO SRL,Altele,Brașov,Conducator auto transport rutier de persoane,1,11070834
brutarie@painvivant.ro,ARTIBRUN SRL,Altele,Galați,BRUTAR,2,33034395
bucharest.colosseum@lcwaikiki.com,LC WAIKIKI RETAIL RO SRL,Retail,Municipiul București,CASIER,1,26054330
bucharest.grandarena@lcwaikiki.com,LC WAIKIKI RETAIL RO SRL,Retail,Municipiul București,LUCRATOR COMERCIAL,1,26054330
budescu.maria@pomadil.ro,POMADIL COM SRL,COMERT,Gorj,LUCRATOR GESTIONAR,1,3846919
bv.ojpc_sb@ro.post,COMPANIA NATIONALA POSTA ROMANA S.A. BUCURESTI SUCURSALA BRASOV,Servicii transport / curierat,Sibiu,FACTOR POSTAL,1,40723325
c.manta@itc-logistic.ro,ITC LOGISTIC ROMANIA SRL,Producție / Logistică,Timiș,LUCRATOR GESTIONAR,1,18779419
calin.rosu@corexgroup.com,COREX ROMANIA SRL,Producție / Logistică,Bihor,STIVUITORIST,1,24652923
calin@eurobil.ro,EUROBIL IMPEX SRL,Altele,Cluj,FRIGORIFERIST (FRIGOTEHNIST),2,4791544
calina.sebe-gotu@exclusivcatering.ro,EXCLUSIV CATERING SRL,RESTAURANTE,Cluj,BUCATAR,1,14442363
calitate@biogenvet.ro,BIOGEN VET SRL,Altele,Bacău,MANIPULANT MARFURI,3,37677709
camelia.fatol@saraexpert.ro,Plomonas Coffee srl,RESTAURANTE,Arad,FEMEIE DE SERVICIU,1,35706220
camelia.luta@karcher.com,CER CLEANING EQUIPMENT SRL,Producție / Logistică,,AMBALATOR MANUAL,10,19306966
camelia.marian@aramis.com.ro,ARAMIS INVEST SRL,PRODUCTIE MOBILA,Sălaj,MUNCITOR NECALIFICAT ÎN INDUSTRIA CONFECTIILOR,10,6793010
camelia@coloradea.com,Coloradea Srl,Producție / Logistică,Bihor,CONFECTIONER ARTICOLE HÂRTIE,1,52333822
caminvarstnici@apulum.ro,CAMINUL PENTRU PERSOANE VARSTNICE ALBA IULIA,ASISTENTA SOCIALA,Alba,FIZIOKINETOTERAPEUT,1,9778945
cariere@binarelectronics.ro,S.C. BINAR HOLDING S.R.L.,Specialiști / Tehnicieni,Maramureș,TEHNICIAN ELECTRONICA,2,38827995
cariere@continentlhotels.ro,CONTINENTAL HOTELS S.A.,Turism / Alimentație,Municipiul București,INGINER ELECTRICIAN,1,1559737
cariere@depozitprodsid.ro,Virsal Systems SRL,COMERT,Prahova,MANIPULANT MARFURI,2,12093810
cariere@kredianis.ro,KREDIANIS SRL,COMERT,Vaslui,CASIER,5,28464540
cariere@next-gen.ro,NEXTGEN COMMUNICATIONS SRL,IT / Telecomunicații,Constanța,TEHNICIAN RETELE DE TELECOMUNICATII,1,24166583
cariere@provident.ro,PROVIDENT FINANCIAL ROMANIA INSTITUTIE FINANCIARA NEBANCARA SA,Vânzări,Municipiul București,AGENT DE VÂNZARI,4,18346091
cariere@som.ro,MEDEX VITAL SERV SRL,Medicină / Sănătate /Psihoterapie,Mureș,INFIRMIER/INFIRMIERA,4,38192027
carla@digitalhunt.co,KIRMAN ADRIANA -CARLA,Au pair / Babysitter / Curățenie,Municipiul București,MENAJERA,1,2910416284571
carmen.radu@ro.post,COMPANIA NATIONALA POSTA ROMANA SA SUCURSALA PLOIESTI,Altele,Prahova,ADMINISTRATOR BAZE DE DATE,1,40706456
carmen.spulber@axaplus.ro,AXA PLUS SRL,Construcții / Instalații,Brașov,CONFECTIONER TÂMPLARIE DIN ALUMINIU SI MASE PLASTICE,3,10660810
carmen@promotop.eu,PROMOTOP MKT SRL,Producție / Logistică,Iași,OPERATOR PRESA DE TRANSFER TERMIC,1,16562293
catalina.onu@aaylex.com,AAYLEX ONE S.A.,Agricultură / Zootehnie,Buzău,MUNCITOR NECALIFICAT ÎN AGRICULTURA,10,45303187
catherine@distral.ro,SMIRO TOUR SRL,Turism / Alimentație,Cluj,AJUTOR OSPATAR,2,23966294
cbadulescu@ccninsaat.com,CCN ALTYAPI YATIRIMLARI VE INȘAAT ANONIM ȘIRKETI ANKARA SUCURSALA BUCURESTI,Construcții / Instalații,Municipiul București,FUNCTIONAR ECONOMIC,1,45820167
cbanv@cbanordvest.ro,CBA NORD VEST SRL,COMERT,Maramureș,LUCRATOR COMERCIAL,1,14636912
ceahlau@mecanicaceahlau.ro,MECANICA CEAHLAU SA,Altele,Neamț,LACATUS MECANIC,1,2045262
cerasela.pichineru@hrg-hotels.com,COMTEL FOCUS SA,Turism / Alimentație,Ilfov,ÎNGRIJITOR SPATII HOTELIERE,1,5223011
certexpert@innofa.com,INNOFA ROMANIA SRL,Producție / Logistică,Sibiu,CONFECTIONER-ASAMBLOR ARTICOLE DIN TEXTILE,4,51553498
cfl@ltpgroup.com,LTP BALKAN SRL,FABRICAREA ARTICOLELOR DE IMBRACAMINTE,Botoșani,"OPERATOR CONFECTIONER INDUSTRIAL ÎMBRACAMINTE DIN TESATURI, TRICOTAJE, MATERIALE SINTETICE",4,46026823
chiruta.george@dornaecohouse.ro,SC DORNA ESCAPE SRL,RESTAURANTE,Suceava,OSPATAR (CHELNER),2,43186900
cimhr@cognizant.com,COGNIZANT TECHNOLOGY SOLUTIONS ROMANIA S.R.L.,Altele,Cluj,CONSULTANT ÎN INFORMATICA,1,10938454
claudia.panait@euromellis.ro,EUROMELLIS NATURA S.R.L.,Producție / Logistică,Prahova,"USCATOR-DESHIDRATOR LEGUME, FRUCTE",1,33365240
claudia@furniturevision.ro,FURNITURE VISION SRL,Altele,Ilfov,"MUNCITOR NECALIFICAT LA ASAMBLAREA, MONTAREA PIESELOR",1,32586286
claudia@minamuseum.com,LE BRUNCH GOURMET SRL,RESTAURANTE,Municipiul București,AJUTOR BUCATAR,1,35983329
claudiu.oprea@cgtrans.com,OPREA CLAUDIU-IONUT,Au pair / Babysitter / Curățenie,Municipiul București,GUVERNANTA,1,1961112384978
claudiu@euphoria.ro,EUPHORIA PUB SRL,RESTAURANTE,Cluj,LUCRATOR BUCATARIE (SPALATOR VASE MARI),3,26538322
climapro.srl@gmai.com,CLIMA PRO SRL,Construcții / Instalații,Olt,INGINER INSTALATII PENTRU CONSTRUCTII,1,21436100
clujcareers@steelcase.com,STEELCASE SRL,Altele,Cluj,DESIGNER GRAFICA (STUDII SUPERIOARE),1,29181916
comenzi@rotecom.ro,ROTECOM-GLASS S.R.L.,Construcții / Instalații,Mureș,OPERATOR CALCULATOR ELECTRONIC SI RETELE,1,15302805
comercial@artwood.ro,ART WOOD COMPANY SRL,PRODUCTIE MOBILA,Hunedoara,MANIPULANT MARFURI,2,16065421
comercial@conservfruct.ro,CONSERVFRUCT SRL,Agricultură / Zootehnie,Neamț,MANIPULANT MARFURI,3,4998460
conpet@conpet.ro,CONPET SA,Altele,Prahova,FEMEIE DE SERVICIU,2,1350020
constantin.bacrau@bacrau.ro,S.C. BACRAU INTERNATIONAL S.R.,Altele,Suceava,SOFER DE AUTOTURISME SI CAMIONETE,3,1628829
construct@metaller.ro,METALLER ELECTRIC SRL,COMERT,Mureș,MANIPULANT MARFURI,1,44098050
cont@agrifarm.ro,AGRIFARM SRL,Agricultură / Zootehnie,Dolj,MUNCITOR NECALIFICAT ÎN AGRICULTURA,3,11515860
conta@aquapark-felix.ro,PRESIDENT LUXURY,Turism / Alimentație,Bihor,INSTALATOR INSTALATII TEHNICO-SANITARE SI DE GAZE,1,47598912
conta@rcbelectro.ro,RCB ELECTRO 97 SA,Construcții / Instalații,Bistrița-Năsăud,CONFECTIONER IZOLATII LA CONDUCTORI ELECTRICI,4,7488031
contabilitate2@gica.ro,GICA IMPORT-EXPORT ITALIA SRL,COMERT,Arad,TEHNICIAN MECANIC,1,8375570
contabilitate3@xprompt.ro,X PROMPT PRINT SRL,Producție / Logistică,,LEGATOR MANUAL (ÎN POLIGRAFIE SI ATELIERE SPECIALE),25,49686832
contabilitate@amgagregate.ro,AMG MINERALS SRL,Altele,Dolj,MANAGER,1,27049618
contabilitate@aromaevents.ro,ROMSIANA SRL,RESTAURANTE,Cluj,BUCATAR,1,14331888
contabilitate@atriaconcept.ro,ATRIA CONCEPT SRL,Construcții / Instalații,Galați,MAISTRU ELECTROMECANIC,1,35988245
contabilitate@atxcomputers.ro,ATXCOMPUTERS GROUP SRL,COMERT,Prahova,MANIPULANT MARFURI,4,13400041
contabilitate@axaporcelaine.ro,AXA PORCELAINE SRL,Producție / Logistică,Alba,FASONATOR PRODUSE CERAMICE,1,1762110
contabilitate@bizhunts.ro,BIZ HUNT SOFTWARE SRL,Altele,Dâmbovița,DIRECTOR GENERAL ADJUNCT SOCIETATE COMERCIALA,1,32954922
contabilitate@boutiquedupain.ro,BOUTIQUE DU PAIN BUCHAREST SRL,Altele,Municipiul București,AJUTOR BUCATAR,6,25403300
contabilitate@businessdivision.ro,HOSPICE SENIORUM,Medicină / Sănătate /Psihoterapie,Iași,INFIRMIER/INFIRMIERA,10,49306569
contabilitate@centralmotors.ro,CENTRAL MOTORS SRL,SERVICE AUTO,Bistrița-Năsăud,ELECTROMECANIC AUTO,1,12517010
contabilitate@chocolatefactory.ro,MHV PROCESSING S.R.L.,FABRICAREA ARTICOLELOR DE IMBRACAMINTE,Maramureș,"CROITOR-CONFECTIONER ÎMBRACAMINTE, DUPA COMANDA",3,41129038
contabilitate@craciuntrade.ro,CRĂCIUN TRADE SRL,SERVICE AUTO,Sibiu,UCENIC,2,17714802
contabilitate@dmconstructcluj.ro,D&M CONSTRUCT SRL,Construcții / Instalații,Cluj,"INGINER CONSTRUCTII CIVILE, INDUSTRIALE SI AGRICOLE",1,17475500
contabilitate@eutrucks.ro,EUROTRADE TRANSILVANIA SRL,SERVICE AUTO,Brașov,SPALATOR VEHICULE,1,21432745
contabilitate@fendercables.com,FENDER CABLES SRL,Producție / Logistică,Cluj,"MUNCITOR NECALIFICAT LA ASAMBLAREA, MONTAREA PIESELOR",1,13414934
contabilitate@globaltech.com.ro,GLOBAL TECH SRL,COMERT,Iași,TEHNICIAN ENERGETICIAN/ELECTRICIAN,2,1971141
contabilitate@hermi.ro,HERMI CONSTRUCT SRL,Producție / Logistică,Brașov,OPERATOR LA MASINI-UNELTE SEMIAUTOMATE SI AUTOMATE,3,8084759
contabilitate@hidroavil.ro,HIDROAVIL CONSTRUCT SRL,Construcții / Instalații,Gorj,"MUNCITOR NECALIFICAT LA DEMOLAREA CLADIRILOR, CAPTUSELI ZIDARIE, PLACI MOZAIC, FAIANTA, GRESIE, PARCHET",1,30731347
contabilitate@janmar.ro,JANMAR COM SRL,COMERT,,MANIPULANT MARFURI,1,5211602
contabilitate@kereszturi.com,TARNAVA MARE COOPERATIVA AGRICOLA,Producție / Logistică,Harghita,AMBALATOR MANUAL,1,28274995
contabilitate@kynita.ro,KYNITA SRL,Producție / Logistică,Vâlcea,AMBALATOR MANUAL,10,7485809
contabilitate@matprodsteel.ro,MATPROD STEEL SRL,Producție / Logistică,Cluj,MUNCITOR NECALIFICAT ÎN INDUSTRIA CONFECTIILOR,2,15918032
contabilitate@miragecraiova.ro,CASAMENTOS SRL,RESTAURANTE,Dolj,LUCRATOR COMERCIAL,2,36020998
contabilitate@narro.ro,AHTPAK TRADING 2021,COMERT,Ilfov,AGENT DE VÂNZARI,1,44421214
contabilitate@onoblic.ro,ON OBLIC SRL,Administrativ / Secretariat,,SECRETARA,1,22193514
contabilitate@palascom.ro,PALAS COM SRL,COMERT,Mureș,SEF DEPOZIT,4,6668000
contabilitate@pamastrading.ro,PAMAS TRADING SRL,COMERT,Ilfov,MANIPULANT MARFURI,3,12674049
contabilitate@pamirco.com,PAMIRCO SRL,Producție / Logistică,Timiș,MUNCITOR NECALIFICAT ÎN SILVICULTURA,1,15301346
contabilitate@paradisstar.ro,PARADIS STAR,COMERT,Constanța,Comerciant vanzator marfuri nealimentare,1,6018945
contabilitate@pastravuldintarata.com,PĂSTRĂVĂRIA VALEA STÂNII ZĂGANU S.R.L.,Altele,Prahova,CONSILIER JURIDIC,1,25458179
contabilitate@polteks.ro,POLTEKS SRL,Producție / Logistică,Prahova,STRUNGAR UNIVERSAL,1,13001679
contabilitate@privilegcatering.ro,PRIVILEG CATERING SRL,Turism / Alimentație,Ilfov,BUCATAR,2,14358263
contabilitate@proexib.ro,PROEXIB INSTAL SRL,Construcții / Instalații,Timiș,"MUNCITOR NECALIFICAT LA DEMOLAREA CLADIRILOR, CAPTUSELI ZIDARIE, PLACI MOZAIC, FAIANTA, GRESIE, PARCHET",5,29581068
contabilitate@selectgrup.ro,SELECT GRUP SA,RESTAURANTE,Iași,VÂNZATOR,2,7585859
contabilitate@sophiaromania.ro,SOPHIA INOVATION SRL,Producție / Logistică,Iași,CONFECTIONER-ASAMBLOR ARTICOLE DIN TEXTILE,1,28042022
contabilitate@spclepbv.ro,SERVICIUL PUBLIC COMUNITAR LOCAL DE EVIDENTA A PERSOANELOR BRASOV,Altele,Brașov,FEMEIE DE SERVICIU,1,17773744
contabilitate@steeleconfex.ro,STEELECONFEX S.R.L.,Altele,,MUNCITOR NECALIFICAT ÎN METALURGIE,5,43746838
contabilitate@tekso.ro,FIBA TRADING COMPANY IMPEX SRL,COMERT,Municipiul București,COFETAR,3,3320999
contabilitate@the-store.ro,THE STORE TRANSILVANIA SRL,COMERT,Bihor,VÂNZATOR,1,30874746
contabilitate@tivicoimpex.ro,SC TIVICO IMPEX SRL,Altele,Vaslui,Conducător auto transport rutier de mărfuri,1,8798146
contabilitate@tomorogaconstruct.ro,TOMOROGA CONSTRUCT SRL,Construcții / Instalații,,"INGINER CONSTRUCTII CIVILE, INDUSTRIALE SI AGRICOLE",1,16802248
contabilitate@turbotax.ro,OHORECA PARTNER RECICLARE SRL,COMERT,Maramureș,REPREZENTANT COMERCIAL,1,46485125
contabilitate@winfortrade.ro,WINFOR TRADE SRL,Construcții / Instalații,Harghita,Conducător auto transport rutier de mărfuri,3,18949564
contact@agrolegum.ro,AGROLEGUM LIE S.R.L.,Agricultură / Zootehnie,Ilfov,MUNCITOR NECALIFICAT ÎN AGRICULTURA,2,30961826
contact@alexandraanastasiei.ro,Asociația Femei din Piatra,Educație / Training / Coaching,Neamț,PEDAGOG SCOLAR,1,52233947
contact@arakineto.ro,PROKINETIC & NUTRITION S.R.L.,COMERT,,FIZIOTERAPEUT,1,40500439
contact@archicraft.ro,ARCHICRAFT DESIGN BUILD S.R.L.,Vânzări,Satu Mare,ASISTENT MANAGER,1,46647871
contact@artsani.ro,ARTSANI COM SRL,COMERT,Prahova,AGENT DE VÂNZARI,1,14528066
contact@atelierjuridic.ro,ODED GAMES SRL,Altele,Municipiul București,ADMINISTRATOR SOCIETATE COMERCIALA,1,50020110
contact@autotehnostil.ro,AUTO TEHNOSTIL SRL,Producție / Logistică,Cluj,ELECTRICIAN AUTO,1,35211990
contact@besthotelhd.ro,QUARTZ TURISM SRL,RESTAURANTE,Hunedoara,BUCATAR,1,36494886
contact@cadastru.biz,ZOOMACAD SRL,Inginerie,Municipiul București,INGINER GEODEZ,2,24736064
contact@caro-oradea.ro,SC CRISTESIM SRL,RESTAURANTE,Bihor,AJUTOR OSPATAR,1,16272923
contact@constructiiherald.ro,HERALD COM IMPEX SRL,Construcții / Instalații,Bihor,MUNCITOR NECALIFICAT LA SPARGEREA SI TAIEREA MATERIALELOR DE CONSTRUCTII,1,5680390
contact@contabilitate-ec.ro,CONTABILITATE EC SRL,Contabilitate / Financiar,Mureș,CONSILIER/EXPERT/INSPECTOR/REFERENT/ECONOMIST ÎN ECONOMIE GENERALA,1,17477331
contact@coronahr.ro,CORONA BUSINESS PROJECTS S.R.L.,Altele,Brașov,AMBALATOR MANUAL,5,39702965
contact@crispyhouse.ro,CRISPY HOUSE SRL,Altele,,BARMAN,1,32023380
contact@culturabraila.ro,CENTRUL CULTURAL SI DE AGREMENT CHIRA CHIRALINA,Administrativ / Secretariat,Brăila,ADMINISTRATOR,1,4342936
contact@delicio.ro,KRON BUILD SRL,RESTAURANTE,Brașov,LUCRATOR BUCATARIE (SPALATOR VASE MARI),8,27128533
contact@demitros.ro,DEMITROS SRL,Altele,Iași,BOBINATOR MASINI ELECTRICE ROTATIVE,1,7943590
contact@dypety.ro,DYPETY SRL,Altele,,"MUNCITOR NECALIFICAT LA ASAMBLAREA, MONTAREA PIESELOR",1,7258130
contact@edilexpertpubliservsuseni.ro,EDIL EXPERT PUBLISERV SUSENI SRL,Altele,Argeș,SAPATOR MANUAL,4,27414292
contact@ehvac.ro,ALUPLAST SYSTEM SRL,COMERT,Cluj,MANIPULANT MARFURI,2,16125213
contact@ellisium.ro,Ellisium Center,Altele,Iași,RECEPTIONIST,1,40362913
contact@farina.com.ro,FARINA COMPANY SA,Altele,Teleorman,AMBALATOR MANUAL,1,24515101
contact@fdfa.ro,SC WINDOWS DISTRIBUTION SRL,Altele,Arad,"MUNCITOR NECALIFICAT LA ASAMBLAREA, MONTAREA PIESELOR",10,33422800
contact@fish-house.ro,FISH HOUSE BY ZORAN,RESTAURANTE,Municipiul București,LUCRATOR BUCATARIE (SPALATOR VASE MARI),2,36637617
contact@foliesiambalaje.ro,GRAZZI CONSULTING SRL,Producție / Logistică,Caraș-Severin,OPERATOR MASE PLASTICE,2,25034360
contact@free-star.ro,FREE STAR SRL,COMERT,Neamț,REPREZENTANT COMERCIAL,1,5473441
contact@frigofab.ro,PROD SONRESA SRL,Altele,Bacău,FRIGORIFERIST (FRIGOTEHNIST),2,41257053
contact@ginort.ro,MIRODI EXPERT SRL,Construcții / Instalații,Municipiul București,ZUGRAV,2,37508360
contact@gmail.ro,CONSRED CONSTRUCT SRL,Construcții / Instalații,Cluj,"MUNCITOR NECALIFICAT LA DEMOLAREA CLADIRILOR, CAPTUSELI ZIDARIE, PLACI MOZAIC, FAIANTA, GRESIE, PARCHET",5,27147780
contact@hanulbucovinei.ro,TITIN TURISM SRL,Turism / Alimentație,Suceava,OSPATAR (CHELNER),1,49188307
contact@hotelliliacul.ro,SC LILIACUL COMPLEX COMERCIAL,Turism / Alimentație,Cluj,CAMERISTA HOTEL,2,217035
contact@hotelsilvadorna.ro,ORIENT MONTANA S.R.L.,Construcții / Instalații,Suceava,ÎNGRIJITOR CLADIRI,1,35356435
contact@hotelsuperski.ro,STAIMS COM SRL,Turism / Alimentație,Maramureș,ÎNGRIJITOR SPATII HOTELIERE,1,7064893
contact@ks-arhitectura.ro,KONKRET STUDIO SRL,Construcții / Instalații,Cluj,PROIECTANT ARHITECT,1,27954772
contact@luminiseyecenter.ro,LATERAL COMMUNICATION SRL,Medicină / Sănătate /Psihoterapie,Vâlcea,REGISTRATOR MEDICAL,1,47299139
contact@manprotection.ro,MAN PROTECTION SRL,Producție / Logistică,Arad,CROITOR,1,15041122
contact@marketrix.ro,MARKETRIX NEXUS S.R.L.,Marketing,Municipiul București,ADMINISTRATOR SOCIETATE COMERCIALA,1,52265655
contact@moveos.ro,MOVEOS SRL,Producție / Logistică,Gorj,"MUNCITOR NECALIFICAT LA ASAMBLAREA, MONTAREA PIESELOR",1,36290967
contact@offigurclean.ro,OFFIGUR KONCEPT S.R.L.,Altele,Maramureș,ÎNGRIJITOR CLADIRI,1,46508946
contact@parkvillas.ro,DENIX INVEST S.R.L.,Turism / Alimentație,Vâlcea,ÎNGRIJITOR SPATII VERZI,1,9820985
contact@recrutero.ro,DAVID CLEAN SRL,Altele,Municipiul București,VIDANJOR-CURATITOR CANALE,4,22130710
contact@rsconstruct.ro,ROM SERVICE CONSTRUCT,Construcții / Instalații,Municipiul București,SECRETARA,1,3511905
contact@rsge.ro,RELIABLE SOLUTIONS GROUP SRL,Inginerie,Municipiul București,ASISTENT MANAGER,1,29143300
contact@sjub.ro,SPITALUL CLINIC JUDETEAN DE URGENTA BISTRITA,Medicină / Sănătate /Psihoterapie,Bistrița-Năsăud,MEDIC REZIDENT,1,4347593
contact@sofipex.ro,SOFIPEX BUSINESS EXPERT SRL,COMERT,Prahova,"OPERATOR INTRODUCERE, VALIDARE SI PRELUCRARE DATE",2,36029733
contact@sofitex.ro,SOFIPEX BUSINESS EXPERT SRL,COMERT,Prahova,OPERATOR LA MASINI-UNELTE SEMIAUTOMATE SI AUTOMATE,2,36029733
contact@solum.ro,SOLUM ELECTROINSTAL SRL,Construcții / Instalații,Municipiul București,MUNCITOR NECALIFICAT LA SPARGEREA SI TAIEREA MATERIALELOR DE CONSTRUCTII,2,47263925
contact@starcrest.ro,BIA SI COM SRL,Producție / Logistică,Bistrița-Năsăud,MANIPULANT MARFURI,1,5412428
contact@storuri-sine.ro,ARTAMIS STOR SRL,Producție / Logistică,,OPERATOR CALCULATOR ELECTRONIC SI RETELE,1,33414971
contact@tasi.ro,TASILINE SRL,COMERT,Satu Mare,FEMEIE DE SERVICIU,1,52352573
contact@transformatoffice.ro,TRANSFORMAT SRL,IT / Telecomunicații,Cluj,AGENT DE VÂNZARI,1,16331400
contact@umancare.ro,DANIELA CONSTRUCT SRL,Altele,Vâlcea,"MUNCITOR NECALIFICAT LA DEMOLAREA CLADIRILOR, CAPTUSELI ZIDARIE, PLACI MOZAIC, FAIANTA, GRESIE, PARCHET",6,22307767
contact@vangao.ro,VANGAO S.R.L.,Producție / Logistică,Alba,MUNCITOR NECALIFICAT LA AMBALAREA PRODUSELOR SOLIDE SI SEMISOLIDE,1,23900249
contact@visualbrand.ro,S.C. STEVENSON S.R.L.,Marketing,Bihor,DESIGNER VIDEO,1,14903947
contapers@euro-center.ro,EURO CENTER AGENT DE ASIGURARE SRL,Contabilitate / Financiar,,CONTABIL,1,21898525
contrade@contrade.ro,CONTRADE SRL,COMERT,Brașov,MANIPULANT MARFURI,2,1112142
corina.feier@benta.ro,ALPHA PARTNER SECURITY SRL,SERVICII DE PAZA SI PROTECTIE,Mureș,"TEHNICIAN PENTRU SISTEME DE DETECTIE, SUPRAVEGHERE VIDEO, CONTROL ACCES",1,32975240
corina.livadariu@malita.ro,MALITA SARAY FOOD SRL,Producție / Logistică,Municipiul București,INGINER MASINI TERMICE,1,28302378
corina.negoita@sprinter.ro,SPRINTER PROMOTION SRL,Marketing,Municipiul București,LEGATOR MANUAL (ÎN POLIGRAFIE SI ATELIERE SPECIALE),1,14323508
cornelia.istrate@timken.com,TIMKEN ROMANIA SA,Altele,Prahova,GESTIONAR DEPOZIT,1,3196778
cornelia.necula@rasscosecuritate.com,RASSCO SECURITATE SA SOCIETATE,Specialiști / Tehnicieni,Municipiul București,"TEHNICIAN PENTRU SISTEME DE DETECTIE, SUPRAVEGHERE VIDEO, CONTROL ACCES",2,11816587
cosmin.cirlig@darteleconstruct.ro,DARTELECONSTRUCT srl,Construcții / Instalații,Caraș-Severin,"MUNCITOR NECALIFICAT LA DEMOLAREA CLADIRILOR, CAPTUSELI ZIDARIE, PLACI MOZAIC, FAIANTA, GRESIE, PARCHET",1,22051862
cosmin.haias@medisol.com.ro,S.C.MEDISOL SRL,Producție / Logistică,Timiș,METROLOG,1,18252965
cosmin.moldovan@cmdn.ro,MOLDOVAN URBAN FOOD S.R.L.,RESTAURANTE,Cluj,INGINER ÎN INDUSTRIA ALIMENTARA,1,22979717
cosmin.simerea@tehnoconfalticeni.ro,SC TEHNOCON SRL,Construcții / Instalații,Suceava,Conducător auto transport rutier de mărfuri,1,11748601
costina.grecu@pallex.ro,PALLET EXPRESS SRL,Producție / Logistică,Sibiu,STIVUITORIST,2,17387271
cresaoradea@daso-oradea.ro,CRESA ORADEA,Educație / Training / Coaching,Bihor,INSPECTOR DE SPECIALITATE ÎN ADMINISTRATIA PUBLICA,1,45709992
crina-steluta.simion@heidelbergmaterials.com,HEIDELBERG MATERIALS ROMÂNIA S.A.,Construcții / Instalații,Constanța,Conducător auto transport rutier de mărfuri,4,10640589
cristi@primitiv.ro,Primitiv Net,Construcții / Instalații,Municipiul București,PEISAGIST-FLORICULTOR,1,33321597
cristian.balmos@novatex.ro,NOVATEX SOLUTIONS,Specialiști / Tehnicieni,Bihor,INGINER GEODEZ,1,15087634
cristian@lafereastra.ro,COLLIEPRODCOM SRL,Producție / Logistică,Mureș,CONFECTIONER TÂMPLARIE DIN ALUMINIU SI MASE PLASTICE,1,4650936
cristiana.arsene@wetterbest.ro,WETTERBEST S.A.,Producție / Logistică,,OPERATOR LA MASINI-UNELTE CU COMANDA NUMERICA,1,12347950
cristina.acsinte@robertt.ro,ROBERTT INDUSTRIE SRL,Altele,Municipiul București,SPECIALIST IN ACHIZITII,1,46010746
cristina.cercel@idemia.com,IDEMIA TECHNOLOGIES ROMANIA S.R.L.,IT / Telecomunicații,Municipiul București,PROGRAMATOR AJUTOR,2,18280710
cristina.giurgiuman@cardiomedcluj.ro,CARDIOMED SRL,Medicină / Sănătate /Psihoterapie,Cluj,ASISTENT MEDICAL GENERALIST,2,23666661
cristina.ivan@farest.ro,FAR EST WINDOWS SRL,Producție / Logistică,Ilfov,"MUNCITOR NECALIFICAT LA ASAMBLAREA, MONTAREA PIESELOR",10,17073295
cristina.lungu@domarcons.ro,DOMARCONS SRL,Construcții / Instalații,Dolj,"MUNCITOR NECALIFICAT LA ÎNTRETINEREA DE DRUMURI, SOSELE, PODURI, BARAJE",1,5470895
cristina.macovei@integrasrl.ro,INTEGRA NEW,Altele,Argeș,AMBALATOR MANUAL,10,41678575
cristina.nastase@lidogirbea.ro,LIDO GIRBEA SRL,Inginerie,Prahova,INGINER ÎN INDUSTRIA ALIMENTARA,1,1365030
cristina.pricop@electroalfa.ro,Ciubotaru Gheorghe,Altele,,MENAJERA,1,1560421070029
cristina.roman@pragosa.ro,PRAGOSA ROMANIA SRL,Construcții / Instalații,Prahova,Conducător auto transport rutier de mărfuri,1,21732840
cristina.ticula@sita.aero,SITA B.V. Olanda Sucursala Bucuresti,IT / Telecomunicații,Municipiul București,MANAGER PROIECT INFORMATIC,1,14283136
cristina.verbal@hortishop.ro,HORTISHOP SRL,Altele,Giurgiu,SUDOR,11,30558077
cristina@cdtherm.ro,C&D THERM INSTALATII SRL,Construcții / Instalații,Bacău,INSTALATOR INSTALATII TEHNICO-SANITARE SI DE GAZE,3,8461921
cristina@topfatade.ro,TOP FACADESRL,Construcții / Instalații,Municipiul București,ASAMBLATOR-MONTATOR PROFILE ALUMINIU SI GEAM TERMOPAN,1,34812444
cristina_neamtiu@porta.com.pl,PORTA KMI ROMANIA SRL,Producție / Logistică,Arad,CONFECTIONER ARTICOLE SPECIALE DIN LEMN,4,15624380
cristinamaria.tudor@segulagrp.com,SEGULA INTEGRATION SRL,Producție / Logistică,Argeș,LACATUS MECANIC,4,18966620
csabi@ferox.ro,FEROX SRL,Construcții / Instalații,Bihor,MAISTRU ENERGETICIAN/ELECTRICIAN,1,59423
cursuri@bigbenschool.ro,S.C. BIG BEN KINDER S.R.L.,Educație / Training / Coaching,Municipiul București,Profesor de limbi straine,1,39477928
cv@zitec.com,ZITEC,IT / Telecomunicații,Municipiul București,MANAGER,1,15496736
d.grecu@penny.ro,REWE ROMANIA SRL,Administrativ / Secretariat,Vâlcea,VÂNZATOR,10,13348610
d@galffis.com,SC GALFFIS CHOCOLATE SRL,RESTAURANTE,Harghita,VÂNZATOR,2,36831515
dacia@panciu.net,AUTO SERVICE DAC S.R.L.,Altele,Vrancea,MECANIC AUTO,1,5617547
dadp@municipiulslobozia.ro,DIRECTIA DE ADMINISTRARE A DOMENIULUI PUBLIC,Altele,Ialomița,LUCRATOR OPERATIV PENTRU AUTOCONTAINERE,1,7326960
dan.gradinariu@agios.ro,AGIOS,Construcții / Instalații,Galați,VOPSITOR INDUSTRIAL,2,13332060
dan.munteanu@rosteel.ro,ROSTEEL INVEST SRL,Producție / Logistică,Galați,ÎNCARCATOR-DESCARCATOR,1,23089466
dan.seretan@fargrup.ro,FAR FOUNDATION SRL,Construcții / Instalații,Suceava,ANALIST DE MEDIU,1,26999270
dana.florescu@relen.ro,GIPI INTERMED SRL,FABRICAREA ARTICOLELOR DE IMBRACAMINTE,Bacău,CONFECTIONER-ASAMBLOR ARTICOLE DIN TEXTILE,2,31335120
dana.nistor@ro.issworld.com,ISS FACILITY SERVICES INTERNATIONAL S.R.L.,Specialiști / Tehnicieni,Municipiul București,INSTALATOR INSTALATII TEHNICO-SANITARE SI DE GAZE,1,29489119
dana.virban@medinstalatii.ro,MED INSTALATII SRL,Construcții / Instalații,Cluj,INGINER INSTALATII PENTRU CONSTRUCTII,2,34569281
danaghita@globalromania.ro,GLOBAL CASH & CARY SRL,COMERT,Buzău,LUCRATOR COMERCIAL,1,27157709
danaspinu@contasid.ro,SC EVICOM HONEY SRL,Agricultură / Zootehnie,Argeș,AMBALATOR MANUAL,25,39371144
daniel.rus@unicarm.ro,UNICARM SRL,Altele,Satu Mare,Conducător auto transport rutier de mărfuri,2,6531770
daniela.bacsi@bcs-ais.com,BCS AUTOMOTIVE INTERFACE SOLUTIONS ROMANIA S.R.L.,Altele,Timiș,MANAGER PROIECT,2,38184563
daniela.chiuia@transelectrica.ro,C.N.T.E.E. TRANSELECTRICA SA - SUCURSALA TERITORIALA DE TRANSPORT SIBIU,Altele,Mureș,SEF TURA DISPECER ENERGETIC,1,48034962
daniela.hulea@lacon.de,LACON ELECTRONIC SRL,Producție / Logistică,Galați,"INGINER ELECTRONIST TRANSPORTURI, TELECOMUNICATII",2,18666703
daniela.matei@bericap.com,BERICAP ROMANIA SRL,Producție / Logistică,Prahova,OPERATOR LA PRELUCRAREA MASELOR PLASTICE,4,16616571
daniela.nistor@rodasrl.ro,RODA SRL,Construcții / Instalații,Maramureș,MUNCITOR NECALIFICAT LA SPARGEREA SI TAIEREA MATERIALELOR DE CONSTRUCTII,5,3626018
daniela.petcu@royalhospital.ro,"CLINICA ""SF. LUCIA"" S.R.L.",Altele,Municipiul București,ASISTENT MEDICAL GENERALIST,2,16140205
daniela.pop@ipcompany.ro,YTP FENETRE SRL,Construcții / Instalații,Maramureș,"MUNCITOR NECALIFICAT LA ASAMBLAREA, MONTAREA PIESELOR",12,30588361
daniela.tanasie@bekaertdeslee.com,DESLEECLAMA SOLUTIONS SRL,Producție / Logistică,Vâlcea,MECANIC ÎNTRETINERE SI REPARATII MASINI DE CUSUT INDUSTRIALE,1,28244668
daniela.vasile@marriott.com,S.C.H. GRAND S.R.L.,Turism / Alimentație,Municipiul București,BUCATAR,4,1594319
daria.comanici@purepromotional.ro,PURE PROMOTIONAL S.R.L.,Producție / Logistică,Cluj,UCENIC,4,27855507
daried@acetsv.ro,ACET SA,Altele,Suceava,INGINER CONSTRUCTII HIDROTEHNICE,1,713519
darius.manea@hidroelectrica.ro,"SOCIETATEA DE PRODUCERE A ENERGIEI ELECTRICE IN HIDROCENTRALE "" HIDROELECTRICA"" S.A.",Producție / Logistică,Municipiul București,INGINER ELECTROTEHNIST,1,13267213
darius@tecor.ro,TECOR INDUSTRIES SRL,Altele,Bihor,STRUNGAR UNIVERSAL,2,6617430
declaratii@geseidl.ro,DIADVOX SRL,Marketing,Prahova,CONSILIER/EXPERT/INSPECTOR/REFERENT/ECONOMIST ÎN COMERT SI MARKETING,1,12659910
delia.sabau@textor-textiles.ro,TEXTOR SA,Producție / Logistică,Mureș,CONFECTIONER-ASAMBLOR ARTICOLE DIN TEXTILE,1,1203895
denisa.m@maamgarments.com,SC TEX ACCES MCV SRL,COMERT,Municipiul București,MANIPULANT MARFURI,1,16649455
dep.hr@various-brands.ro,LANIASPORT S.R.L.,Vânzări,Timiș,DIRECTOR MAGAZIN,2,32748604
dexa@vitacom.ro,VITACOM ELECTRONICS SRL,COMERT,Cluj,REPREZENTANT COMERCIAL,2,214527
dgavriliu@pregis.com,JIFFY PACKAGING S.A.,Producție / Logistică,Neamț,OPERATOR LA PRELUCRAREA MASELOR PLASTICE,1,6315466
diana.barsa@classfurn.ro,CLASS FURN ROMANIA SRL,PRODUCTIE MOBILA,Bihor,"MUNCITOR NECALIFICAT LA ASAMBLAREA, MONTAREA PIESELOR",5,11080820
diana.bordei@takko.ro,SC TAKKO FASHION INTERNATIONAL SRL,Vânzări,Ilfov,LUCRATOR COMERCIAL,1,21711430
diana.dobra@legeshr.ro,CITY LOCK SECURITY SRL,SERVICII DE PAZA SI PROTECTIE,Timiș,AGENT DE SECURITATE,1,30936016
diana.maidanuc@yaghoo.com,IMOB INVEST SRL,Altele,Giurgiu,LUCRATOR COMERCIAL,1,16536707
diana.pavlovschi@diaplastpitesti.ro,DIAPLAST PRODUCTION SRL,Producție / Logistică,Argeș,OPERATOR MASE PLASTICE,10,18384524
diana.pop@samus-tec.ro,SAMUS TEC S.A.,Construcții / Instalații,Cluj,SCHELAR,1,35350378
diana.raileanu@imaginelive.com,IMAGINELIVE RO SRL,Sport / Artă / Divertisment,,CRUPIER,5,48200569
diana@casavie.ro,S.C. GREEN XPC SRL,COMERT,Mureș,AGENT DE VÂNZARI,1,38253400
diana@microgrup.ro,MICRO GRUP DISTRIBUTION SRL,Administrativ / Secretariat,Ilfov,"OPERATOR INTRODUCERE, VALIDARE SI PRELUCRARE DATE",2,32581440
didinicoara@iclud.com,SC  DOLCE MELISON SRL,Altele,Alba,LUCRATOR BUCATARIE (SPALATOR VASE MARI),1,52534885
directiamunicipallocato@primariaroman.ro,DIRECTIA GENERALA MUNICIPAL LOCATO,Administrativ / Secretariat,Neamț,GROPAR,2,40103820
divizia9.tm@socarpetroleum.ro,SOCAR PETROLEUM S.A.,Retail,Timiș,LUCRATOR GESTIONAR,1,12546600
dmardale@cobaplastics.com,COBA AUTOMOTIVE SRL,Contabilitate / Financiar,Prahova,CONTABIL,1,35284991
documente@totalsighet.ro,GIURGI ALEX SRL,Altele,Maramureș,VÂNZATOR,1,36951520
documents@coverletter.ro,COVERLETTER,Construcții / Instalații,,"MUNCITOR NECALIFICAT LA ASAMBLAREA, MONTAREA PIESELOR",200,26278176
doru@mcmmarketing.ro,M.C.M. MARKETING TEXTILES,RESTAURANTE,Constanța,LUCRATOR BUCATARIE (SPALATOR VASE MARI),10,50426836
drdpb@andnet.ro,COMPANIA NAŢIONALĂ DE ADMINISTRARE A INFRASTRUCTURII RUTIERE S.A.,Altele,Municipiul București,OPERATOR DISPECER SISTEME DE MONITORIZARE SI APARATURA DE CONTROL,3,16054368
dt.a1militari@kfc.ro,US FOOD NETWORK SA,RESTAURANTE,Municipiul București,LUCRATOR BUCATARIE (SPALATOR VASE MARI),6,6645790
e.gorin@ertex.de,Ertex International SRL,Altele,Brașov,"MECANIC INTRETINERE SI REPARATII UTILAJE DIN INDUSTRIA TEXTILA, CONFECTII SI INCALTAMINTE",2,17558258
ebiro@ro.ensanahotels.com,SC BALNEOCLIMATERICA SRL,RESTAURANTE,Mureș,LUCRATOR BUCATARIE (SPALATOR VASE MARI),3,1245068
eco@rollotec.ro,ROLLOTEC SRL,Construcții / Instalații,Harghita,LACATUS-MONTATOR,3,10059102
economic@despasolutions.ro,DESPA SRL,Altele,Dâmbovița,"MUNCITOR NECALIFICAT LA ASAMBLAREA, MONTAREA PIESELOR",1,21493599
economic@oxyhelp.ro,OXYHELP INDUSTRY,Altele,Municipiul București,FEMEIE DE SERVICIU,1,6598397
economist.sannicolau@casaalex.ro,AUTO ALEX SRL,COMERT,Timiș,CASIER,1,1074871
edith.neumaier@kundenbroker.ro,KUNDEN BROKER DE ASIGURARE SRL,Contabilitate / Financiar,Cluj,MANAGER,1,17662100
eduard.smegner@wipro.com,WIPRO TECHNOLOGIES SRL,Call center / Suport clienți,Municipiul București,AGENT DE VÂNZARI,1,18944060
eelisabetaamariei@zahoo.com,ARES 2021 S.R.L.,RESTAURANTE,Galați,MUNCITOR NECALIFICAT LA SPARGEREA SI TAIEREA MATERIALELOR DE CONSTRUCTII,20,51495516
eg@mhb.ro,MHB CONSMET SRL,Producție / Logistică,Dolj,SUDOR,3,13852560
elcomultiservice95@yhoo.com,ELCO MULTISERVICE SOCIETATE COOPERATIVĂ,Altele,Buzău,MUNCITOR NECALIFICAT LA AMBALAREA PRODUSELOR SOLIDE SI SEMISOLIDE,10,8035446
elena.barbu@yokogawa.com,YOKOGAWA EUROPE B.V. OLANDA SU,Inginerie,Municipiul București,INGINER DE SISTEM ÎN INFORMATICA,1,16434790
elena.dinca@pirelli.com,SC PIRELLI TYRES ROMANIA SRL,Producție / Logistică,Olt,MUNCITOR NECALIFICAT LA AMBALAREA PRODUSELOR SOLIDE SI SEMISOLIDE,7,17060414
elena.gorea@delicepan.ro,GIVIAN DELICEPAN SRL,Altele,Bistrița-Năsăud,OPERATOR LA FABRICAREA PRODUSELOR FAINOASE,4,30466410
elena.munteanu@cpbsp.ro,GLOBAL FORCE SECURITY,SERVICII DE PAZA SI PROTECTIE,Municipiul București,OPERATOR VÂNZARI PRIN TELEFON,1,28597589
elena.onofrei@holcim.com,SOMACO GRUP PREFABRICATE SRL,Construcții / Instalații,Municipiul București,BETONIST,8,22424341
elena.prisecaru@urb.ro,RULMENTI SA,Contabilitate / Financiar,Vaslui,CONTABIL-SEF,1,2808089
elena.vlad@cbre.com,CBRE GWS S.R.L.,Administrativ / Secretariat,Municipiul București,RECEPTIONIST,2,3395138
elisabeta.dumitrescu@heineken.com,S.C. HEINEKEN ROMANIA S.A.,Turism / Alimentație,Mureș,TEHNICIAN CHIMIST,1,13240781
elisabeta.manta@abuftea.ro,SC PANIFICA SRL,Altele,Ilfov,AMBALATOR MANUAL,1,18607286
eliza.petre@gtengineering.ro,GT GROUND ENGINEERING CONSTRUCTION SERVICES SRL,Construcții / Instalații,Prahova,OPERATOR LA UTILAJE DE FORJAT DIRIJAT,1,27759232
ella@euphoria.ro,RENTAL STORE SRL,Altele,Cluj,ÎNGRIJITOR CLADIRI,2,32027926
elvira.osvar@tescagroup.com,TESCA ERT ROMANIA,Producție / Logistică,Arad,LUCRATOR SORTATOR DESEURI RECICLABILE,1,24911688
emil@octaser.ro,OCTASER S.R.L.,Altele,Bihor,OPERATOR LA MASINI-UNELTE CU COMANDA NUMERICA,1,17691067
emrah.guney@murel.com.tr,WOOD FURNITUR SPECIAL S.R.L.,PRODUCTIE MOBILA,Municipiul București,MANAGER PROIECT,1,44986057
energoparoseni@ymail.com,ENERGOCONSTRUCŢIA PAROŞENI S.A.,Construcții / Instalații,Hunedoara,DULGHER (EXCLUSIV RESTAURATOR),4,29243792
estera.ghila@senneville.ro,SENNEVILLE INTER SRL,Turism / Alimentație,Hunedoara,OPERATOR LA FABRICAREA PRODUSELOR CONGELATE DE PATISERIE SI PANIFICATIE,20,4839286
esterie@novaresteam.com,NOVARES AUTOMOTIVE ROMANIA,Producție / Logistică,Argeș,CONTABIL,1,36385552
eugenia.lacatusu@eon-asistcomplet.ro,E.ON ASIST COMPLET S.A.,Construcții / Instalații,Bistrița-Năsăud,INSTALATOR INSTALATII TEHNICO-SANITARE SI DE GAZE,1,32602667
ezbarcea@gruponbi.com,NBI INDUSTRIAL ORADEA S.R.L.,Producție / Logistică,Bihor,MUNCITOR NECALIFICAT ÎN METALURGIE,2,17792495
facos@facos.ro,FACOS SA,COMERT,Suceava,VÂNZATOR,5,714123
facturare@guardiasecurity.ro,GUARDIA SECURITY SYSTEM SRL,SERVICII DE PAZA SI PROTECTIE,Bihor,AGENT DE VÂNZARI,2,30306401
facturi@hsbfood.com,S.C. HEALTHY SMART BEVERAGE S.,Altele,Municipiul București,FEMEIE DE SERVICIU,1,35146190
ferestre@profalgroup.ro,PROFAL INDUSTRY SRL,Altele,Timiș,"MUNCITOR NECALIFICAT LA ASAMBLAREA, MONTAREA PIESELOR",4,15848603
ferma.albestipaleologu@vanbet.ro,SEREDIN AVI S.R.L.,Agricultură / Zootehnie,Prahova,ÎNGRIJITOR ANIMALE,1,34771999
finance.ro@intereast.ro,SC INTEREAST ROMANIA SRL,Altele,Vrancea,MANIPULANT MARFURI,1,11238505
financiar@bman.ro,S.C. PROD VATEX S.R.L.,COMERT,Vaslui,LUCRATOR COMERCIAL,1,37119109
financiar@britta.ro,BRITTA TRADING,Sport / Artă / Divertisment,Municipiul București,PLASATOR,12,14756986
financiar@carabusconstruct.ro,CĂRĂBUŞ GRUP CONSTRUCT SRL,Construcții / Instalații,Iași,FIERAR BETONIST,10,21698551
financiar@cbrselect.ro,CBR SELECT AUTOCLASS SRL,SERVICE AUTO,Municipiul București,TINICHIGIU CAROSIER,1,47044089
financiar@comrepsa.ro,COMREP SA,Construcții / Instalații,Prahova,FIERAR BETONIST,5,1345008
financiar@cuptorulmoldovencei.ro,S.C. RETRO-FOOD S.R.L.,Producție / Logistică,Iași,VÂNZATOR,4,30180132
financiar@electrostandard.ro,ELECTRO STANDARD S.R.L.,Altele,Bacău,LACATUS MECANIC,1,16044127
financiar@helloholidays.ro,HELLO HOLIDAYS SRL,Turism / Alimentație,Municipiul București,ÎNSOTITOR GRUP TURISTIC,1,29347254
financiar@l-auto.ro,SC L AUTO SRL,COMERT,Gorj,FRIGORIFERIST (FRIGOTEHNIST),2,20986602
financiar@montessoribucuresti.ro,SCOALA PRIMARA MONTESSORI MSB,Educație / Training / Coaching,Municipiul București,ÎNGRIJITOR DE COPII,2,41985987
financiar@nextlevelgarage.ro,NEXT LEVEL GARAGE S.R.L.,SERVICE AUTO,Dolj,TINICHIGIU CAROSIER,1,42747940
financiar@rominsta.ro,ROMINSTA,Construcții / Instalații,Mureș,MUNCITOR NECALIFICAT LA SPARGEREA SI TAIEREA MATERIALELOR DE CONSTRUCTII,3,8391486
financiar@simat.ro,SIM-MAT CONSTRUZIONI SRL,Altele,,FEMEIE DE SERVICIU,1,19707127
fineta.untesu@perfectb.ro,ELECTROMONTAJ SA BUCURESTI SUCURSALA BACAU,Construcții / Instalații,,ELECTRICIAN EXPLOATARE CENTRALE SI STATII ELECTRICE,26,4525753
floare.coser@pginvest.ro,GEMI CENTER SRL,Turism / Alimentație,Arad,BUCATAR,1,15038259
florentina.parfenie@dumarconstruct.ro,DUMAR CONSTRUCT PREFABRICATE S.R.L.,Construcții / Instalații,Ilfov,"MUNCITOR NECALIFICAT LA ASAMBLAREA, MONTAREA PIESELOR",5,6904682
florian.popescu@depozitulderoti.ro,DEPOZITUL DE ROŢI SRL,SERVICE AUTO,Municipiul București,VULCANIZATOR DE PRODUSE INDUSTRIALE DIN CAUCIUC,2,34933390
floriana.georgescu@kooltool.eu,KOOL TOOL SRL,Altele,Dolj,CONFECTIONER-ASAMBLOR ARTICOLE DIN CARTON,10,17806329
florica.anton@global-solutions.ro,GLOBAL SOLUTIONS SRL,Altele,Timiș,LACATUS MECANIC,2,15973169
florin.mutu@astronergy.com,CHINT NEW ENERGY SRL,Management,Municipiul București,MANAGER PROIECT,2,48434144
florin.tataru@dexauto.ro,AUTODEX ATELIER SRL,SERVICE AUTO,Constanța,"MUNCITOR NECALIFICAT LA ASAMBLAREA, MONTAREA PIESELOR",2,50297030
florin@cpiwirecloth.com,SC STR CONSULTANCE SRL,Altele,,MONTATOR SUBANSAMBLE,1,36673504
florina.ciocea@saptespice.ro,SAPTE SPICE SA,Producție / Logistică,Brașov,OPERATOR SILOZ (SILOZAR),1,2537907
florina.nerghes@sogefigroup.com,SOGEFI SUSPENSIONS EASTERN EUROPE,Producție / Logistică,Bihor,COORDONATOR ÎN MATERIE DE SECURITATE SI SANATATE ÎN MUNCA (STUDII SUPERIOARE),2,39839629
florina_musat@ymail.com,FLORINA MUSAT DESIGN S.R.L.,FABRICAREA ARTICOLELOR DE IMBRACAMINTE,Olt,MUNCITOR NECALIFICAT ÎN INDUSTRIA CONFECTIILOR,2,40183624
florinjucan@ymail.com,ARIA PROTECT SECURITY SRL,SERVICII DE PAZA SI PROTECTIE,Cluj,AGENT DE SECURITATE,1,26101874
flow@exacco.ro,HEALTH & BEAUTY LOGISTICS S.R.L.,Altele,Ilfov,MANIPULANT MARFURI,2,33964797
forms@cemacon.ro,SC CEMACON SA,Construcții / Instalații,Bihor,OPERATOR LA ROBOTI INDUSTRIALI,4,677858
frontdesk@dotmark.ro,DOT MARK,Altele,Municipiul București,OPERATOR VÂNZARI PRIN TELEFON,2,48870895
fs1270601mgmt@petrom.com,VETROMK SRL,Altele,Gorj,LUCRATOR GESTIONAR,2,21814036
g.dasiana@asohp.com,ASO CROMSTEEL S.A.,Producție / Logistică,Dâmbovița,OPERATOR LA MASINI-UNELTE CU COMANDA NUMERICA,2,11843301
g.hobu@hawema.ro,HAWEMA TRAINING,Producție / Logistică,Brașov,OPERATOR LA MASINI-UNELTE SEMIAUTOMATE SI AUTOMATE,1,52205050
gabi.virag@fhaus.ro,F HAUS SRL,Altele,Satu Mare,"MUNCITOR NECALIFICAT LA DEMOLAREA CLADIRILOR, CAPTUSELI ZIDARIE, PLACI MOZAIC, FAIANTA, GRESIE, PARCHET",10,648569
gabriel.editoiu@canamgroupinc.com,SC TECHNYX EURO SERVICES SRL,Specialiști / Tehnicieni,Brașov,PROIECTANT INGINER CONSTRUCTII,1,17229212
gabriel.vasiu@swo.ro,SOLID WASTE OPERATION,Altele,Ilfov,LUCRATOR SORTATOR DESEURI RECICLABILE,20,39587181
gabriela.bajan@naiad.ro,NAIAD WATER SOLUTIONS S.R.L.,Inginerie,Municipiul București,ELECTRICIAN DE ÎNTRETINERE SI REPARATII,2,23303569
gabriela.plaiasu@sinvex.ro,SINVEX MULTISERVICE SRL,Construcții / Instalații,Prahova,ELECTRICIAN ÎN CONSTRUCTII,1,1344002
gabriela.poclid@dspbt.ro,DIRECTIA SERVICII PUBLICE,Construcții / Instalații,,ZIDAR SAMOTOR,1,42516040
gabriela.predescu@hill-house.ro,ALDAS COM SRL,Altele,Dâmbovița,OSPATAR (CHELNER),3,18460737
gabriela.satmari@agrirofresh.ro,AGRIRO SRL,Producție / Logistică,Bihor,MUNCITOR NECALIFICAT LA AMBALAREA PRODUSELOR SOLIDE SI SEMISOLIDE,5,14384459
gabrieladaniela.budurnoiu@cummins.com,CUMMINS GENERATOR TECHNOLOGIES ROMANIA SA,Altele,Dolj,BOBINATOR MASINI ELECTRICE ROTATIVE,3,12459849
gabrielao@medisonpharma.com,MEDISON PHARMA SRL,Management,Municipiul București,REFERENT RESURSE UMANE,2,18858865
galati@pentagonromania.ro,PENTAGON SRL,Vânzări,Galați,FUNCTIONAR ECONOMIC,1,1637770
gberbec@totalsoft.ro,S.C. ALD AUTOMOTIVE S.R.L.,Legislativ / Juridic / Funcții Publice,Municipiul București,OFITER CONFORMITATE,1,17043227
george.bondoc@manpower.ro,MANPOWER HR SRL,Producție / Logistică,Timiș,OPERATOR LA MASINI-UNELTE SEMIAUTOMATE SI AUTOMATE,50,33121785
george.neacsu@dropiawines.ro,DOMENIILE DROPIA S.R.L.,Agricultură / Zootehnie,Brăila,ASISTENT MANAGER,1,26608223
georgeghiuro@domimat.ro,DOMIMAT SRL,Inginerie,Bihor,PROIECTANT INGINER MECANIC,2,43704794
georgeta.stoian@visioconstruction.com,VISIO CONSTRUCTION WORKS SRL,Construcții / Instalații,Municipiul București,"INGINER CONSTRUCTII CIVILE, INDUSTRIALE SI AGRICOLE",1,32408734
georgiana.florea@vtm.ro,VITEMA S.A.,Altele,Sibiu,OPERATOR CHIMIST LA PRODUSELE FARMACEUTICE SI CHIMICE PURE,5,15849900
georgiucristi@yahoo.ie,BEEAR CARS WASH SRL,Altele,,SPALATOR VEHICULE,2,52180524
gianina.marinescu@startrading.ro,STAR TRADING IMPEX SRL,Construcții / Instalații,Argeș,FIERAR BETONIST,3,4122612
gina.dasa@proexpert.com.ro,GIFAN STRONG SRL,Servicii transport / curierat,Constanța,FEMEIE DE SERVICIU,2,8239330
glgroza@tenaris.com,SILCOTUB SA,Inginerie,Sălaj,INGINER AUTOMATIST,1,15117182
gm@ramadaconstanta.ro,AQUA GEOTERMA RESOURCE SRL,Turism / Alimentație,Constanța,LUCRATOR BUCATARIE (SPALATOR VASE MARI),1,26249561
gmihordea@elgeka-ferfelis.ro,ELGEKA FERFELIS ROMANIA SA,Producție / Logistică,Municipiul București,FUNCTIONAR ADMINISTRATIV,1,4071993
goga.claudia@haida.cn,HAIDA RUBBER & PLASTIC ROMANIA S.R.L.,Producție / Logistică,Arad,INGINER PRODUCTIE,1,49117535
grigore.lucut@unicarm.ro,UNICARM SUPERMARKET S.R.L.,COMERT,Satu Mare,SEF DEPARTAMENT MARFURI ALIMENTARE/NEALIMENTARE,1,46322543
grup.resurseumane@gmailc.om,DEMECO SRL,Producție / Logistică,Ilfov,STIVUITORIST,2,16514342
hadlori@kolibri.ro,KOLIBRI SRL,COMERT,,MANIPULANT MARFURI,1,2974197
hala-facturare@kredianis.ro,KREDIANIS SRL,COMERT,Vaslui,GESTIONAR DEPOZIT,1,28464540
halasz.daniela@dscorporation.ro,DEVA STEEL CORPORATION S.R.L.,Producție / Logistică,Hunedoara,LACATUS MECANIC,5,35819580
hanea.bianca@andu.com.ro,SPORTSWEAR SHAPES SRL,Altele,Sibiu,"CROITOR-CONFECTIONER ÎMBRACAMINTE, DUPA COMANDA",1,40344704
hanelore.terna-harand@egger.com,EGGER ROMANIA SRL,Producție / Logistică,Suceava,TEHNICIAN PLANIFICARE/URMARIRE SINTEZE,1,16136689
hello@m5consulting.ro,M5 CONSULTING SRL,Contabilitate / Financiar,Municipiul București,CONTABIL,1,37900796
hello@prieteniiluinoah.ro,Gradinita cu Program Prelungit Prietenii lui Noah,Educație / Training / Coaching,Municipiul București,FEMEIE DE SERVICIU,2,51031028
hiros@hiros.ro,HIROS - ROM SRL,Construcții / Instalații,Cluj,MUNCITOR NECALIFICAT LA SPARGEREA SI TAIEREA MATERIALELOR DE CONSTRUCTII,4,11508641
hotel@bwcentral.ro,CENTRAL S.A.,Turism / Alimentație,Arad,RECEPTIONER DE HOTEL,1,1674760
hr.bm@arabesque.ro,ARABESQUE SRL,COMERT,Ilfov,Conducător auto transport rutier de mărfuri,2,5340801
hr.hce.ro@hamilton-ce.com,HAMILTON CENTRAL EUROPE SRL,Producție / Logistică,Timiș,OPERATOR LA MASINI-UNELTE SEMIAUTOMATE SI AUTOMATE,1,30841501
hr.op@grf.plus,GRAFFITI PLUS S.A,Marketing,,FUNCTIONAR ADMINISTRATIV,1,24980530
hr.recrutare@flanco.ro,FLANCO RETAIL SA,Retail,Municipiul București,PROGRAMATOR AJUTOR,4,27698631
hr.retrasib@sgb-smit.group,RETRASIB S.R.L.,Producție / Logistică,Sibiu,INGINER DE SISTEM ÎN INFORMATICA,4,3906360
hr.ro@yawo-services.com,YAWO SERVICES SRL,Producție / Logistică,Municipiul București,AGENT DE VÂNZARI,4,36405170
hr.romania@freudenberg-pm.com,FREUDENBERG PERFORMANCE MATERIALS SRL,Altele,Brașov,SPECIALIST IN ACHIZITII,2,13781310
hr.romania@hcl.com,HCL TECHNOLOGIES ROMANIA SRL,Altele,Municipiul București,PROGRAMATOR DE SISTEM INFORMATIC,1,25612455
hr.romania@tfb.eu,THE FAMILY BUTCHERS ROMANIA SRL,Altele,Brașov,AGENT DE VÂNZARI,1,17388757
hr2@ginza.ro,SMART BIG DATA SRL,COMERT,Municipiul București,MERCANTIZOR,2,37915029
hr@alezzi.ro,ALEZZI  SRL,Construcții / Instalații,Constanța,FEMEIE DE SERVICIU,1,36554058
hr@altimate.ro,ALTIMATE S.A.,IT / Telecomunicații,Arad,TEHNICIAN MENTENANTA ELECTROMECANICA – AUTOMATICA ECHIPAMENTE INDUSTRIALE,1,33870323
hr@arvicont.ro,Corte 1 Events,COMERT,Municipiul București,BARMAN,1,51846544
hr@astconstruct.ro,AST CONSTRUCT SRL,Construcții / Instalații,,"INSTALATOR APA, CANAL",1,37366451
hr@autonom.com,AUTONOM SERVICES S.A.,Altele,Constanța,AGENT SERVICII CLIENT,4,18433260
hr@autoworld.ro,AUTOWORLD INTERNATIONAL,Vânzări,Cluj,AGENT DE VÂNZARI,1,50186890
hr@bailesarateocnamures.ro,BAZA DE TRATAMENT ȘI AGREMENT BĂILE SĂRATE OCNA MUREȘ S.A.,Altele,Alba,AJUTOR OSPATAR,5,46589673
hr@blueshark.ro,BLUE SHARK SRL,Altele,Ilfov,LACATUS MECANIC DE ÎNTRETINERE SI REPARATII UNIVERSALE,1,24641363
hr@bunexim.ro,SC BUNEXIM SRL,Producție / Logistică,Bihor,PATISER,1,5707542
hr@bungalow.net,Green Valley Resort Management  &amp; Hospitality SRL,Turism / Alimentație,Brașov,AGENT DE SECURITATE,4,46161250
hr@byteconnection.com,SMART DEVELOPMENT CENTER SRL,Marketing,Municipiul București,SPECIALIST MARKETING,1,37933513
hr@calliope-ploiesti.ro,CALLIOPE SRL,Altele,Prahova,LUCRATOR GESTIONAR,1,1347483
hr@casanoastra.ro,CASA NOASTRA S.R.L.,Construcții / Instalații,Dolj,AGENT DE VÂNZARI,1,7510066
hr@centrudesticla.ro,PRIMER ELECTRO SRL,Construcții / Instalații,Mureș,"MUNCITOR NECALIFICAT LA ASAMBLAREA, MONTAREA PIESELOR",1,5122220
hr@cielmed.ro,CIEL MED SRL,Contabilitate / Financiar,Brașov,CONSILIER/EXPERT/INSPECTOR/REFERENT/ECONOMIST ÎN GESTIUNEA ECONOMICA,2,28039264
hr@conphys.ro,CONPHYS,Producție / Logistică,Vâlcea,MASINIST LA MASINI DE AMBALAT,3,1471510
hr@dcneu.ro,DCN EU RETAIL SRL,Altele,Ilfov,MANIPULANT MARFURI,2,32648575
hr@decoltesti.ro,DE COLȚEȘTI S.R.L.,Turism / Alimentație,Alba,AMBALATOR MANUAL,1,6909701
hr@dedalustech.eu,SC DEDALUS TECH SRL,Specialiști / Tehnicieni,Dolj,MECANIC AVIATIE,2,27971790
hr@dotma.ro,DOTMA DEVELOPMENT S.R.L.,Construcții / Instalații,Brașov,DULGHER (EXCLUSIV RESTAURATOR),5,49628416
hr@elefant-tools.ro,BEM RETAIL GROUP SRL,Retail,Ilfov,AMBALATOR MANUAL,10,35176221
hr@euroagricoop.ro,SUPER EGGS,Agricultură / Zootehnie,Timiș,MUNCITOR NECALIFICAT ÎN AGRICULTURA,5,28398373
hr@fancourier.ro,FAN COURIER EXPRESS SRL,Servicii transport / curierat,Municipiul București,MANIPULANT MARFURI,12,13838336
hr@galtour.ro,DUNAREA SA,Turism / Alimentație,Galați,BUCATAR,2,1635346
hr@global-design.ro,GTI HR1 S.R.L.,Altele,Suceava,creator de continut online,1,22067745
hr@grupas2000.ro,A&S SILOZURI,Agricultură / Zootehnie,Călărași,MECANIC UTILAJ,1,24133268
hr@hcg.ro,WOOD STRUCTURE SRL,Construcții / Instalații,Cluj,REPREZENTANT COMERCIAL,1,25568821
hr@iscro.eu,I.S.C. RO TECHNOLOGY SRL,Altele,Giurgiu,MUNCITOR NECALIFICAT ÎN INDUSTRIA CONFECTIILOR,4,32554217
hr@izvoareresort.ro,IZVOARE RESORT S.R.L.,Turism / Alimentație,Maramureș,LUCRATOR PENSIUNE TURISTICA,3,45131014
hr@kangoopack.com,KANGOOPACK S.R.L.,COMERT,Alba,OPERATOR LA PRELUCRAREA MASELOR PLASTICE,1,40339694
hr@keepcalling.com,NET CONECT SRL,Marketing,Sibiu,"MANAGER MARKETING (TARIFE, CONTRACTE, ACHIZITII)",1,15955243
hr@kovacs.ro,PIINEA DE CASA SRL,Producție / Logistică,Mureș,AMBALATOR MANUAL,5,1202920
hr@lipoplast.ro,LIPOPLAST SRL,Construcții / Instalații,Timiș,ANALIST SERVICII CLIENT,1,5947090
hr@matec.ro,MATEC-CNC TECHNIK SRL,Altele,Sibiu,TEHNICIAN MENTENANTA ELECTROMECANICA – AUTOMATICA ECHIPAMENTE INDUSTRIALE,1,17443576
hr@mbtechnology.ro,MB TELECOM-LTD SRL,IT / Telecomunicații,Ilfov,INGINER DE SISTEM SOFTWARE,1,6612564
hr@menatwork.ro,STEEL BUSINESS PROFILES SRL,Construcții / Instalații,Ilfov,SCULER-MATRITER,1,18841014
hr@mentawork.ro,ALL4INSTALATII SRL,Construcții / Instalații,Ilfov,INSTALATOR INSTALATII TEHNICO-SANITARE SI DE GAZE,1,40969096
hr@meron.coffee,MERON PLATINIA SRL,RESTAURANTE,Cluj,BRUTAR,2,37105219
hr@milbro.ro,MILBRO TEXTILE SRL,FABRICAREA ARTICOLELOR DE IMBRACAMINTE,Giurgiu,CONFECTIONER-ASAMBLOR ARTICOLE DIN TEXTILE,3,15479425
hr@minet.ro,MINET SA,Producție / Logistică,Vâlcea,OPERATOR TEXTILE NETESUTE,3,1476070
hr@nicovid.ro,NICOVID SRL,COMERT,Satu Mare,CASIER,1,6948344
hr@osma.ro,OSMA PLAST ROMÂNIA SRL,Producție / Logistică,Cluj,MANIPULANT MARFURI,10,32129136
hr@pansiprod.ro,PANSIPROD DISTRIBUŢIE SRL,Medicină / Sănătate /Psihoterapie,Municipiul București,ASISTENT MANAGER,1,32011857
hr@partner.ro,PARTENER SRL,Altele,Bacău,CONSILIER/EXPERT/INSPECTOR/REFERENT/ECONOMIST ÎN ECONOMIE GENERALA,1,9026390
hr@pehartgrup.ro,PEHART TEC GRUP S.A.,Producție / Logistică,Alba,OPERATOR LA ROBOTI INDUSTRIALI,1,17736215
hr@plasess.ro,PLASESS (ROMÂNIA) SRL,Producție / Logistică,Timiș,TEHNICIAN MASINI SI UTILAJE,1,14759788
hr@ramo.ro,MONITORUL OFICIAL RA,Altele,Municipiul București,REDACTOR,2,427282
hr@rap-group.ro,S.C. RAP SYSTEMS S.R.L.,Inginerie,Brașov,INGINER AUTOMATIST,2,22862490
hr@rara.ro,RARA INVEST SRL,Producție / Logistică,Sibiu,MANIPULANT MARFURI,5,26354125
hr@reinert-romania.ro,REINERT KUNSTSTOFFTECHNIK SRL,Altele,Bihor,OPERATOR MASE PLASTICE,1,34815440
hr@rekreativ.club,SEPSI REKREATÍV S.A.,Altele,Covasna,ÎNGRIJITOR CLADIRI,1,35244130
hr@repsanenergy.com,SC REPSAN ENERGY SRL,Producție / Logistică,Argeș,MASINIST LA MASINI PENTRU TERASAMENTE (IFRONIST),1,41905228
hr@rinahotels.ro,SINAIA SA,Turism / Alimentație,Prahova,BUCATAR,2,1331967
hr@ro.heinenhopman.com,HEINEN SI HOPMAN MAR SRL,Construcții / Instalații,Galați,MAISTRU INSTALATOR ÎN CONSTRUCTII,1,14761893
hr@romcosys.ro,MDV SCHELE S.R.L.,Construcții / Instalații,Municipiul București,EXCAVATORIST PENTRU EXCAVATOARE CU ROTOR DE MARE CAPACITATE,1,41432162
hr@sporttime.ro,SPORT TIME TRADE S.R.L.,COMERT,Municipiul București,LUCRATOR COMERCIAL,1,41465011
hr@stadio.ro,FREEN RESTAURANT SRL,RESTAURANTE,Municipiul București,FEMEIE DE SERVICIU,1,1573618
hr@steinel.ro,STEINEL ELECTRONIC SRL,Producție / Logistică,Argeș,MONTATOR/REGLOR/DEPANATOR DE APARATAJ ELECTRIC,3,25619860
hr@suterpalace.com,S.C. PALATUL SUTER S.R.L.,Turism / Alimentație,Municipiul București,OSPATAR (CHELNER),1,39233818
hr@takko.ro,SC TAKKO FASHION INTERNATIONAL SRL,COMERT,Mureș,LUCRATOR COMERCIAL,1,21711430
hr@teammontage.ro,TEAM MONTAGE SRL,Construcții / Instalații,Dolj,LACATUS MECANIC,5,26177848
hr@thtrucks.ro,TH TRUCKS S.R.L.,Altele,Dolj,INGINER AUTOVEHICULE RUTIERE,1,9951956
hr@tuttiresto.ro,MM CONTRACT MANAGEMENT,RESTAURANTE,Municipiul București,FEMEIE DE SERVICIU,4,51016478
hr@vivacall.ro,VIVACALL SRL,Au pair / Babysitter / Curățenie,Municipiul București,ÎNGRIJITOR DE COPII,1,34953281
hr@xuxinvestment.ro,VB-ROM SRL,Construcții / Instalații,Sibiu,"MUNCITOR NECALIFICAT LA DEMOLAREA CLADIRILOR, CAPTUSELI ZIDARIE, PLACI MOZAIC, FAIANTA, GRESIE, PARCHET",10,16844944
hr_mediurg@mediurg.ro,LEVIN HAUS SRL,Medicină / Sănătate /Psihoterapie,Prahova,ÎNGRIJITOR CLADIRI,1,26305530
hr_ro@accace.com,Accace Outsourcing SRL,Vânzări,Municipiul București,MANAGER,1,31043206
hrsibiu@pritaxinvest.ro,PRITAX INVEST SRL,RESTAURANTE,Sibiu,OSPATAR (CHELNER),1,7489096
hrspecialist@lifeinjob.ro,SC LIFEIN JOB SRL,Call center / Suport clienți,Timiș,AGENT SERVICII CLIENT,8,31958810
i.andras@viessmann-modell.com,Viessmann Transilvania Srl,Producție / Logistică,Mureș,MUNCITOR NECALIFICAT ÎN INDUSTRIA CONFECTIILOR,5,17758655
i.buh.hr@verifone.com,AVANGATE SRL,Altele,Municipiul București,SPECIALIST CONTROL RISC,1,32309277
i.hapa@heco-schrauben.ro,HECO SCHRAUBEN SRL,Producție / Logistică,Cluj,AMBALATOR MANUAL,4,19938938
i.savu@serrala.com,SERRALA SERVICES SRL,IT / Telecomunicații,Municipiul București,INGINER DE SISTEM SOFTWARE,5,36301942
i.tauasiu@marinaproperties.ro,MARINA PROPERTIES CONSTRUCT S.,Construcții / Instalații,Maramureș,"MUNCITOR NECALIFICAT LA DEMOLAREA CLADIRILOR, CAPTUSELI ZIDARIE, PLACI MOZAIC, FAIANTA, GRESIE, PARCHET",3,33739671
ifabaromania@ifaba.ro,S.C.IFABA ROMANIA SRL,Producție / Logistică,Bihor,OPERATOR LA MASINI-UNELTE CU COMANDA NUMERICA,1,16728770
ileana.brasoveanu@romcim.ro,ELPRECO SA,Construcții / Instalații,Dolj,MASINIST PENTRU PREFABRICATE DIN BETON SI BETON ARMAT,11,2321635
iliana.ispas@wrd.ro,WORLD DISTRIB SRL,COMERT,Dolj,FEMEIE DE SERVICIU,1,16470572
imigrari@crowe.ro,MOLD MANUFACTURING TECHNOLOGY SRL,Construcții / Instalații,Municipiul București,SUDOR,2,37376153
immigrations@ghvsol.com,BELLA PARCHET SRL,Altele,Municipiul București,"MUNCITOR NECALIFICAT LA DEMOLAREA CLADIRILOR, CAPTUSELI ZIDARIE, PLACI MOZAIC, FAIANTA, GRESIE, PARCHET",1,37115662
info@ambalaj-hartie.ro,MILENIAL WASH S.R.L.,Altele,Brăila,SPALATOR VEHICULE,1,40616949
info@andezit.ro,ESCAPE EVENTS SRL,Vânzări,Harghita,BARMAN,2,48379481
info@asistentarutieraiasi.ro,RIA AUTO TRANS SRL,Servicii transport / curierat,Iași,SOFER DE AUTOTURISME SI CAMIONETE,2,35184151
info@avicolafocsani.ro,AVICOLA FOCSANI SA,Agricultură / Zootehnie,Vrancea,AMBALATOR MANUAL,10,1437373
info@boomburger.ro,INFINITY FOOD SRL,RESTAURANTE,Municipiul București,AJUTOR BUCATAR,15,47127923
info@chescaspedition.com,CHESCA SPEDITION SRL,Servicii transport / curierat,Galați,SOFER DE AUTOTURISME SI CAMIONETE,10,35468749
info@cleanika.com,CLEANIKA S.R.L.,Au pair / Babysitter / Curățenie,Mureș,ÎNGRIJITOR CLADIRI,1,25261346
info@coradex.ro,LOGLIS SRL,Servicii transport / curierat,Bihor,ELECTRICIAN AUTO,1,26495329
info@diamonddrilling.ro,DIAMOND DRILLING SRL,Construcții / Instalații,Ilfov,MUNCITOR NECALIFICAT LA SPARGEREA SI TAIEREA MATERIALELOR DE CONSTRUCTII,5,34250923
info@electro-sistem.com,ELECTRO SISTEM SRL,Producție / Logistică,Maramureș,LACATUS MECANIC,2,8699886
info@estte.ro,EST TRANSEXIM SRL,Construcții / Instalații,Galați,"MAISTRU LACATUS, CONSTRUCTII METALICE",1,10512350
info@ewa.ro,SC AEC EWA AUTOMOTIVE SRL,Altele,Brașov,"MUNCITOR NECALIFICAT LA ASAMBLAREA, MONTAREA PIESELOR",3,22225349
info@exella.ro,EXELLA EUROPE SRL,Producție / Logistică,Cluj,MUNCITOR NECALIFICAT ÎN METALURGIE,1,21936165
info@gimplast.ro,GIMPLAST SRL,Producție / Logistică,Maramureș,MECANIC UTILAJ,2,15955111
info@karomania.ro,KRAFTANLAGEN ROMANIA SRL,Construcții / Instalații,Prahova,SUDOR,4,21536614
info@mountain-rest.ro,MOUNTAINREST SRL,Turism / Alimentație,Harghita,OSPATAR (CHELNER),1,24608936
info@pensiuneakorona.ro,GASTRO SERVICE SRL,RESTAURANTE,Harghita,OSPATAR (CHELNER),1,17628361
info@recrutero.ro,SPECIALIST IN  RECONDITIONARE S.R.L.,PRODUCTIE MOBILA,Municipiul București,FEMEIE DE SERVICIU,1,49762182
info@rob-systems.com,ROB-SYSTEMS SRL,Altele,Sibiu,LUCRATOR GESTIONAR,1,21131122
info@rodexfashion.ro,RO.DE.X FASHION SRL,FABRICAREA ARTICOLELOR DE IMBRACAMINTE,Alba,MUNCITOR NECALIFICAT ÎN INDUSTRIA CONFECTIILOR,4,13335725
info@scutmotor.co,SC SCUT PROTECTION SRL,Producție / Logistică,Harghita,MUNCITOR NECALIFICAT ÎN METALURGIE,1,25929276
info@thegamer.ro,GAMER DESIGN SRL,Altele,Brașov,MUNCITOR NECALIFICAT ÎN INDUSTRIA CONFECTIILOR,2,33035943
info@ultratech.ro,SC.ULTRATECH INT.SRL,Altele,Cluj,"MUNCITOR NECALIFICAT LA ASAMBLAREA, MONTAREA PIESELOR",1,31965010
info@windingproduction.com,WINDING PRODUCTION SRL,Producție / Logistică,Sălaj,"MUNCITOR NECALIFICAT LA ASAMBLAREA, MONTAREA PIESELOR",3,32699960
ioan.popa@modis.com,ADECCO IT OUTSOURCING S.R.L.,IT / Telecomunicații,Timiș,TEHNICIAN ECHIPAMENTE DE CALCUL SI RETELE,1,42101310
ioan.popovici@aquavas.ro,AQUAVAS SA,Altele,Vaslui,ELECTRICIAN DE ÎNTRETINERE SI REPARATII,1,17986823
ioana.balazs@distributie-energie.ro,DISTRIBUȚIE ENERGIE ELECTRICĂ ROMANIA S.A.,Altele,,ELECTRICIAN MONTARE SI REPARATII LINII ELECTRICE AERIENE,1,14476722
ioana.feuerstahler@te.com,TE CONNECTIVITY SENSOR SOLUTIONS S.R.L.,Producție / Logistică,Timiș,OPERATOR LA MASINI-UNELTE SEMIAUTOMATE SI AUTOMATE,2,38546892
ioana.hostina@infopro-digital.com,HAYNESPRO DATA SRL,Inginerie,Municipiul București,INGINER AUTOVEHICULE RUTIERE,2,23791230
ioana.kalber@loto.ro,"COMPANIA NATIONALA ""LOTERIA ROMANA"" SA",Vânzări,Municipiul București,OPERATOR GESTIONAR LOTO,5,12397185
ioana.muratura@vivani-deseuri.ro,VIVANI SALUBRITATE SA,Altele,Ialomița,MASINIST POD RULANT,1,14302998
ioana.racoti@ubbcluj.ro,UNIVERSITATEA BABES BOLYAI CLUJ,Resurse umane,Cluj,Analist resurse umane,1,4305849
ioana@dacica-grup.ro,Dacica Equipment Heroes SRL,Altele,,MANIPULANT MARFURI,1,43210154
ioanacearnau@asterpremium.ro,ASTER PREMIUM SRL,Altele,Bihor,AJUTOR BUCATAR,1,25815581
ioananegrutiu@madrugada.ro,MADRUGADA COM SRL,Producție / Logistică,Bihor,"MUNCITOR NECALIFICAT LA ASAMBLAREA, MONTAREA PIESELOR",4,15378390
ioanburja@elis.ro,ELIS PAVAJE SRL,Construcții / Instalații,Arad,MUNCITOR NECALIFICAT LA AMBALAREA PRODUSELOR SOLIDE SI SEMISOLIDE,1,1771593
iolanda.beudean@ro.ebmpapst.com,EBM PAPST AUTOMOTIVE DRIVES ROMANIA S.R.L.,Producție / Logistică,Bihor,PROGRAMATOR,4,38458677
ion-nicolae.manea@asahibeer.ro,URSUS BREWERIES SA,Vânzări,Municipiul București,ANALIST SERVICII CLIENT,2,199095
ion@manac.biz,FABRICA MAIASTRA S.R.L.,Construcții / Instalații,Olt,OPERATOR LA MASINI-UNELTE CU COMANDA NUMERICA,1,40637623
ionc@dietrich-logistic.com,KARL HEINZ DIETRICH INTERNATIONAL EXPED SRL,Altele,Ilfov,MANIPULANT MARFURI,3,9539018
ionel.tanase@rsconstruct.ro,ROM SERVICE CONSTRUCT,Construcții / Instalații,Municipiul București,FIERAR BETONIST,2,3511905
ionica.stefan@transalpinafan.ro,TRANSALPINA FAN SRL,RESTAURANTE,Alba,FEMEIE DE SERVICIU,3,29342575
ionut.lica@irispharm.ro,EUROPE JOBS LINE SRL,Altele,,FEMEIE DE SERVICIU,1,33385230
irina.anghel@smartsb.ro,"SOCIETATEA PENTRU SERVICII DE MENTENANTA A RETELEI ELECTRICE DE TRANSPORT ""SMART"" SA",Construcții / Instalații,Sibiu,"ELECTRICIAN MONTARE SI REPARATII ECHIPAMENT ELECTRIC DIN CENTRALE, STATII SI POSTURI DE TRANSFORMARE ELECTRICE",1,14232728
irina.neicu@bran-castle.com,COMPANIA DE ADMINISTRARE A DOMENIULUI BRAN,Turism / Alimentație,,GHID OBIECTIV CULTURAL,4,25388561
irina.popa@neihr.ro,SEVAL SECURITY SRL,Armată / Pază/ Protecție,Municipiul București,AGENT DE SECURITATE,1,34055400
is.resurseumane@ro.post,COMPANIA NATIONALA POSTA ROMANA S.A. BUCURESTI SUCURSALA IASI,Vânzări,Iași,CONSILIER/EXPERT/INSPECTOR/REFERENT/ECONOMIST ÎN ECONOMIE GENERALA,1,40704315
isoletta@isoletta.ro,RISTORANTE ISOLETTA SRL,RESTAURANTE,Municipiul București,FEMEIE DE SERVICIU,1,27241060
iulia.savin@ldctrust.ro,COSMIC GLOBAL GRUP MCV SRL,Construcții / Instalații,Botoșani,"MUNCITOR NECALIFICAT LA DEMOLAREA CLADIRILOR, CAPTUSELI ZIDARIE, PLACI MOZAIC, FAIANTA, GRESIE, PARCHET",10,50230995
iulian.serban@altus21.ro,ASOCIATIA ALTUS 21,Educație / Training / Coaching,Prahova,MENTOR,1,44311432
iulian.voicu@pinkpost.ro,ILRA PINK POST OPERATIONS S.R.L.,Altele,,"ÎNCASATOR SI CITITOR CONTOARE DE ENERGIE ELECTRICA, GAZE, APA",10,47643126
iuliana.pereanu@befit.ro,BEFIT ROMANIA S.R.L.,Altele,Timiș,MANAGER,3,40400510
iuliana@jeler.ro,RIFA SRL,PRODUCTIE MOBILA,Cluj,"MUNCITOR NECALIFICAT LA ASAMBLAREA, MONTAREA PIESELOR",3,17470864
iuliana@painplaisir.ro,MAISON MORIES SRL,Altele,,LUCRATOR BUCATARIE (SPALATOR VASE MARI),5,30244198
jahid@euro-dream.xyz,EURO DREAM BD SRL,Servicii transport / curierat,Cluj,CURIER,5,51734796
jessica@geniusnanny.ro,GENIUS MEDIA AGENCY,Administrativ / Secretariat,Ilfov,SECRETARA,1,50008213
jobs@instal-all.ro,INSTAL-ALL,Construcții / Instalații,Covasna,"MUNCITOR NECALIFICAT LA DEMOLAREA CLADIRILOR, CAPTUSELI ZIDARIE, PLACI MOZAIC, FAIANTA, GRESIE, PARCHET",1,14173680
jobs@t-business.ro,T BUSINESS SOLUTION S.R.L,COMERT,Harghita,AGENT DE VÂNZARI,1,50582924
juridic2@filsam.ro,FILSAM PROD S.R.L.,Altele,Prahova,ÎNGRIJITOR SPATII VERZI,4,5966997
juridic@alexsigeorge.ro,ALEX & GEORGE IMPORT EXPORT SRL,RESTAURANTE,Cluj,OSPATAR (CHELNER),35,208738
juridic@electrocon.ro,ELECTRO-CON IMPEX S.R.L.,Construcții / Instalații,Sibiu,CONSILIER/EXPERT/INSPECTOR/REFERENT/ECONOMIST ÎN ECONOMIE GENERALA,1,15673447
juridic@jifa.ro,JIFA SRL,Altele,Sibiu,SOFER DE AUTOTURISME SI CAMIONETE,1,18048621
juridic@mestamarmura.ro,MESTA MARMURA SI TRAVERTIN PROD S.R.L.,COMERT,Constanța,creator de continut online,2,43662044
juridic@pasmatex.ro,PASMATEX SA,FABRICAREA ARTICOLELOR DE IMBRACAMINTE,Timiș,"OPERATOR CONFECTIONER INDUSTRIAL ÎMBRACAMINTE DIN TESATURI, TRICOTAJE, MATERIALE SINTETICE",5,1805190
juridic@roben.ro,SC ROBEN SRL,Turism / Alimentație,Hunedoara,AJUTOR BUCATAR,1,13626090
k.viezer@doorpanels.ro,DOOR PANELS SRL,Producție / Logistică,,OPERATOR MASE PLASTICE,1,22456157
karina.avram@diaptulcea.ro,DIRECTIA INTRETINERE SI ADMINISTRARE PATRIMONIU,Administrativ / Secretariat,Tulcea,SOFER AUTOMACARAGIU,1,14734651
keropayroll@kimballelectronics.com,KIMBALL ELECTRONICS ROMANIA SRL,Producție / Logistică,Timiș,OPERATOR LA MASINI-UNELTE SEMIAUTOMATE SI AUTOMATE,3,33559867
kinga.hubbes@caritas-ab.ro,ASOCIATIA CARITAS ASISTENTA SO,ASISTENTA SOCIALA,Covasna,PSIHOLOG,1,1213139
kis.karoly@therustypotatoes.com,SZIGEPSZERK SRL,Producție / Logistică,Harghita,SEF PROCES FABRICATIE,2,43167917
klara.fazakas@covalact.ro,COVALACT SA,Producție / Logistică,Covasna,"ELECTRICIAN MONTARE SI REPARATII APARATAJ ELECTRIC DE PROTECTIE, RELEE, AUTOMATIZARE",2,550152
konigbrezel@yaho.com,KÖNIG-BREZEL S.R.L.,Altele,Covasna,PATISER,2,34675223
koteles.ferenc@plastortrading.ro,PLASTOR TRADING SRL,Altele,Bihor,SEF DEPOZIT,1,22870522
l.catana@tmf-system.com,TMF S.R.L,Producție / Logistică,Mureș,OPERATOR LA MASINI-UNELTE CU COMANDA NUMERICA,1,16099122
l.ifcu@side.ro,SIDE GRUP SRL,COMERT,Brașov,MANIPULANT MARFURI,1,15216895
l.pojoca@benning.ro,BENNING POWER ELECTRONICS ROM SCS,Producție / Logistică,Caraș-Severin,"LACATUS-MONTATOR MASINI ELECTRICE ROTATIVE, TRANSFORMATOARE SI APARATAJ ELECTRIC",3,15678045
l.sandu@taurus-mediu.com,TAURUS TEHNOLOGII MEDIU S.R.L.,Altele,Neamț,LUCRATOR SORTATOR DESEURI RECICLABILE,25,45383038
lacramioara.mihalescul@marelvi.ro,MARELVI IMPEX SRL,COMERT,Suceava,UCENIC,1,7282405
larisa.caliceanu@moroeanu-asociatii.ro,HAPPY JOKER SHOP SRL,Administrativ / Secretariat,Ilfov,"OPERATOR INTRODUCERE, VALIDARE SI PRELUCRARE DATE",1,49677753
larisa.cristea@desacons.eu,AXA ENGINEERING CONSTRUCTION S.R.L.,Construcții / Instalații,Municipiul București,"MUNCITOR NECALIFICAT LA DEMOLAREA CLADIRILOR, CAPTUSELI ZIDARIE, PLACI MOZAIC, FAIANTA, GRESIE, PARCHET",20,14907795
larisa.parasca@magna.com,MAGNA ELECTRONICS ROMANIA S.R.L.,IT / Telecomunicații,Timiș,INGINER DE SISTEM SOFTWARE,1,38558633
larisa@lumohr.ro,LA TURN SIBIU SRL,Altele,Sibiu,LUCRATOR BUCATARIE (SPALATOR VASE MARI),2,33401483
laura.bota@saneos.ro,SWISS MEDCORP S.R.L.,Medicină / Sănătate /Psihoterapie,Sibiu,Receptioner medical,2,39010280
laura.ivan@swarco.com,SWARCO VICAS SRL,Producție / Logistică,Dâmbovița,ARHIVAR,1,916670
laura.radu@betabuzau.com,BETA SA,Producție / Logistică,Buzău,LACATUS CONSTRUCTII METALICE SI NAVALE,2,1154660
laura.stoica@utilben.ro,UTILBEN SRL,Vânzări,Cluj,REPREZENTANT COMERCIAL,3,18643343
laura@orizont-srl.ro,ORIZONT SIGHETU MARMATIEI SRL,Vânzări,Maramureș,AGENT COMERCIAL,1,2204805
laurentiu.mihai@metigla.ro,METIGLA S.R.L.,Producție / Logistică,Prahova,CORESPONDENT COMERCIAL,1,12727666
lavi.zoican@hexingeu.com,HEXING TECHNOLOGIES EUROPE S.R.L.,Altele,Timiș,"MONTATOR, REGLOR ȘI DEPANATOR DE APARATE ȘI ECHIPAMENTE ELECTRONICE",4,48648032
lavinia.barbu@grandhotelbucharest.ro,GRAND HOTEL BUCHAREST SA,Altele,Municipiul București,SPECIALIST RESURSE UMANE,1,9019856
lavinia.ovezea@p-s-e.ro,PORT SHIPPING ENGINEERING S.R.L.,Construcții / Instalații,Constanța,"MUNCITOR NECALIFICAT LA DEMOLAREA CLADIRILOR, CAPTUSELI ZIDARIE, PLACI MOZAIC, FAIANTA, GRESIE, PARCHET",15,29055985
ldaniela@primark.com,PRIMARK MAGAZINE S.R.L.,Retail,Dolj,LUCRATOR COMERCIAL,90,44875482
ldiaconu@acsind.com,ACS INDUSTRIES EUROPE SRL,Producție / Logistică,Cluj,OPERATOR LA MASINI-UNELTE SEMIAUTOMATE SI AUTOMATE,10,36597687
lehel.nagy@urbanbolt.ro,URBANBOLT S.R.L.,Altele,Covasna,GESTIONAR DEPOZIT,1,24568475
lemings@zappmobile.ro,LEMINGS SRL,Producție / Logistică,Constanța,LACATUS MECANIC,1,12039551
liana.malureanu@euroestcar.ro,EUROEST CAR SRL,COMERT,Ilfov,CONTABIL,2,19068805
liesti@gl.e-adm.ro,UAT COMUNA LIESTI,Administrativ / Secretariat,Galați,CONSILIER SCOLAR,1,3264562
ligia.rosu@westbridgefurniture.com,WESTBRIDGE MANUFACTURING S.R.L.,Altele,Arad,TAPITER,4,17613689
liliana.costea@flex.com,FLEXTRONICS ROMÂNIA SRL,IT / Telecomunicații,Timiș,"INGINER ELECTRONIST TRANSPORTURI, TELECOMUNICATII",1,10608391
liliana.gradinaru@civitasgroup.ro,STRONG HOUSE SRL,Altele,Dolj,MUNCITOR NECALIFICAT LA SPARGEREA SI TAIEREA MATERIALELOR DE CONSTRUCTII,1,15074936
liliana.hobeanu@radox.ro,RADOX SRL,Producție / Logistică,Municipiul București,ÎNCARCATOR-DESCARCATOR,3,14764539
liliana.talasman@luxten.com,S.C. LUXTEN LIGHTING COMPANY S,Altele,Municipiul București,ELECTRICIAN MONTARE SI REPARATII CABLURI ELECTRICE SUBTERANE,8,6734030
liliana.tincu@sigemo.ro,SIGEMO IMPEX SRL,SERVICE AUTO,Sibiu,OPERATOR LA ROBOTI INDUSTRIALI,3,6417962
liliana.vunvulea@veolia.com,NISAL SRL,Altele,Sibiu,SUDOR,1,9048436
liliana@yokko.ro,YOKKO FASHION SRL,Altele,Municipiul București,CONTROLOR CALITATE,2,7137693
liviu.setrarescu@transferrapid.com,Transfer Rapid Electronic,Marketing,Municipiul București,SPECIALIST MARKETING,1,30384701
liviu@akindra.ro,Akindra Talents,Resurse umane,Cluj,SPECIALIST ÎN RECRUTARE,1,46407437
liviu@cautis.ro,CAUTIS J.B. MANAGEMENT SRL,Construcții / Instalații,Municipiul București,LACATUS MECANIC,4,15263021
liviu@fundatiadaciapentruromania.ro,FUNDATIA DACIA PENTRU ROMANIA,Altele,Municipiul București,MANAGER PROIECT,1,384920232
liviu@gazetadecluj.ro,MANPRESS S.R.L.,Altele,Cluj,REPORTER (STUDII MEDII),1,50494687
liviu@licosol.ro,LICO SOLUTION S.R.L.,Agricultură / Zootehnie,Ialomița,TEHNICIAN ENERGETICIAN/ELECTRICIAN,1,34147236
logistica@aquaphor.ro,AQUAPHOR PURITY S.R.L,COMERT,Constanța,REPREZENTANT COMERCIAL,1,23337669
logistica@bonas.ro,BONAS IMPORT EXPORT SRL,Turism / Alimentație,Cluj,LUCRATOR COMERCIAL,3,228824
logistica@queenmonaco.ro,Queen Monaco Holding,Au pair / Babysitter / Curățenie,Municipiul București,UCENIC,2,24850084
loredana.gata@siemens.com,SIMEA SIBIU SRL,Producție / Logistică,Bihor,SEF SECTIE INDUSTRIE PRELUCRATOARE,3,17830815
lorena.braila@coficab.com,COFICAB EASTERN EUROPE SRL,Producție / Logistică,Arad,OPERATOR LA MASINI-UNELTE CU COMANDA NUMERICA,3,16876750
lpetrus@elitcugir.ro,ELIT SRL,PRODUCTIA SI CONSERVAREA CARNII,Arad,ELECTROMECANIC,1,14444712
luciacroitoru@xmail.com,ALP TEAM SRL,Au pair / Babysitter / Curățenie,Suceava,LUCRATOR COMERCIAL,2,27898508
lucian@grano.ro,GRANO & PARTNERS,Altele,Municipiul București,PATISER,4,21053130
luminita.groza@savinidue.ro,SAVINI DUE SRL,Altele,Alba,CONTROLOR CALITATE,1,15567276
m.iacob@mmrmakita.eu,MAKITA EU SRL,Altele,Ilfov,MANAGER DE PRODUS,1,17549942
m.maschio@casagrandegroup.com,CONSTRUCŢII ŞI SERVICII SRL,Construcții / Instalații,Alba,SUDOR,3,16380801
m.musuiu@trenkwalder.com,TRK PROFESSIONAL SRL,Producție / Logistică,Municipiul București,MANIPULANT MARFURI,50,36389457
m.staicu@gssgroup.ro,G.S.S. EQUIPMENTS SRL,Inginerie,Brașov,REPREZENTANT TEHNIC,1,23415104
m.vasile@itclogistic.ro,ITC LOGISTIC ROMANIA SRL,Producție / Logistică,Brașov,LUCRATOR GESTIONAR,1,18779419
madalina.constantin@anandaresidence.ro,CROMIX CONSULT SRL,Construcții / Instalații,Ilfov,"INSTALATOR APA, CANAL",3,35684572
madalina.dinu@otelinox.ro,OTELINOX S.A.,Producție / Logistică,Dâmbovița,OPERATOR LA MASINI-UNELTE SEMIAUTOMATE SI AUTOMATE,2,921641
madalina.groza@milanologistic.ro,MILANO LOGISTIC SRL,Servicii transport / curierat,Bihor,Conducător auto transport rutier de mărfuri,1,4715741
madalina.petre@tecnic.ro,TECNIC CONSULTING ENGINEERING ROMANIA,Inginerie,Municipiul București,INGINER CONSTRUCTII HIDROTEHNICE,1,22971870
madalina.vasile@ro.mcd.com,PREMIER RESTAURANTS ROMANIA SRL,RESTAURANTE,Neamț,LUCRATOR COMERCIAL,12,6205722
madalinariza@yhoo.com,RIZA MADMAR S.R.L.,COMERT,Vâlcea,MANIPULANT MARFURI,1,41213995
magazin2820@profi.ro,PROFI BANTADOMINIC S.R.L.,COMERT,Gorj,CASIER,1,46822204
magda.somesfalean@arobsgroup.com,AROBS TRANSILVANIA SOFTWARE S.,IT / Telecomunicații,Cluj,INGINER DE SISTEM SOFTWARE,1,11291045
magdalena.anghel@primariavl.ro,PRIMARIA MUNICIPIULUI RM VALCEA,Altele,Vâlcea,INSPECTOR DE SPECIALITATE ÎN ADMINISTRATIA PUBLICA,2,2540813
magdalena.coman@alcpolistiren.ro,ALC INJECT POLISTIREN S.A.,Producție / Logistică,Dâmbovița,MECANIC UTILAJ,1,26822552
magdalena.iordachescu@merinvest.ro,MER INVEST INDUSTRIES S.R.L.,Producție / Logistică,Prahova,OPERATOR CHIMIST LA PRODUCEREA DIVERSELOR PRODUSE ANORGANICE,1,27757860
magdalena.petrache@xp-group.com,EXPERT PETROLEUM SOLUTIONS SRL,Producție / Logistică,Gorj,SOFER AUTOMACARAGIU,1,26367230
mamaiaoffice@hotel-hefaistos.ro,HEFAISTOS CM SA MAMAIA,Turism / Alimentație,Constanța,RECEPTIONER DE HOTEL,3,42698660
manager@conaculsecuiescrural.ro,CONACUL SECUIESC RURAL SRL,Turism / Alimentație,Alba,CAMERISTA HOTEL,1,46238184
manager@harmonya.ro,S C HARMONYA GARDEN PLUS S R,Altele,Harghita,TEHNICIAN PROIECTANT,1,29116748
managing@koreasiana-food.ro,MHJ KO-ASIA FOOD SRL,RESTAURANTE,Constanța,BUCATAR-SEF,2,46316193
manpower@manpowergroup.ro,SC NAVCONSULT SRL,Altele,Municipiul București,ANALIST CALITATE,10,12205549
manuela@blackseagroup.com,BLACK SEA CENTER CONSTRUCT CO.,Construcții / Instalații,Municipiul București,"MUNCITOR NECALIFICAT LA DEMOLAREA CLADIRILOR, CAPTUSELI ZIDARIE, PLACI MOZAIC, FAIANTA, GRESIE, PARCHET",2,30339760
marcel@marcel.com.ro,MARCEL SRL,PRODUCTIA SI CONSERVAREA CARNII,Iași,MANIPULANT MARFURI,2,1945398
maria.barsan@comes.ro,COMES SA,Producție / Logistică,Neamț,LACATUS MECANIC,4,2662292
maria.costandache@acs-dts.ro,COMBINATUL DE CELULOZĂ ŞI HÂRTIE S.A.,Altele,Mehedinți,STIVUITORIST,2,5976842
maria.moga@toreto.eu,TORETO SRL,Producție / Logistică,Cluj,MUNCITOR NECALIFICAT LA AMBALAREA PRODUSELOR SOLIDE SI SEMISOLIDE,2,16223483
maria.samoila@tipomar.ro,TIPOMAR PACKAGING S.R.L.,Producție / Logistică,Ilfov,MASINIST ÎN LEGATORIE MECANICA,1,9394243
maria@eurofina.ro,EUROFINA SRL,Altele,Vâlcea,CONFECTIONER ARTICOLE DIN PIELE SI ÎNLOCUITORI,1,15380668
mariacosma@trasmec.ro,TRASMEC PRODUCTION RO SRL,Construcții / Instalații,Cluj,"MUNCITOR NECALIFICAT LA ASAMBLAREA, MONTAREA PIESELOR",1,9263841
marian.haloiu@pci-pipes.ro,PCI PIPES SYSTEMS SRL,Producție / Logistică,Vâlcea,AUTOMATIST,2,32373067
marian@duakdrums.com,DUAK DRUMS SRL,Producție / Logistică,Olt,CONSILIER/EXPERT/INSPECTOR/REFERENT/ECONOMIST ÎN GESTIUNEA ECONOMICA,1,13993267
mariana.bunta@painedumbravita.ro,STRATEGIC VENTURES S.R.L.,Producție / Logistică,Timiș,SEF SCHIMB,1,28133589
mariana.liliana@cotta.ro,COTTA INTERNATIONAL SRL,PRODUCTIE MOBILA,Arad,TAPITER,2,12897806
mariana.mos@elganador.ro,SC BUCATARIE RASCRUCI,RESTAURANTE,Cluj,AJUTOR OSPATAR,1,37615579
mariana.potor@terdevmac.onmicrosoft.com,TERDEVMAC PRODUCTION S.R.L.,Construcții / Instalații,Hunedoara,ARZATOR PRODUSE CERAMICE,4,46419784
mariana@everestjobs.eu,LES ENFANTS TERRIBLES S.R.L.,RESTAURANTE,,AJUTOR BUCATAR,8,42796870
marijana@steauademare.ro,SC COMPLEX HOTELIER STEAUA DE MARE SRL,Turism / Alimentație,Constanța,OSPATAR (CHELNER),60,21538402
marilena.plesea@gclub.ro,S.C. PAN EXPRESS SERVICE SRL,Altele,Municipiul București,"MUNCITOR NECALIFICAT LA ASAMBLAREA, MONTAREA PIESELOR",3,437634
maris@mgg-ro.com,MGG RECYCLING SRL,Producție / Logistică,Arad,INGINER MECANIC,1,1689176
marius.avram@egt-logistics.com,EN GHEDI DISTRIBUTION SRL,Servicii transport / curierat,Bistrița-Năsăud,Conducător auto transport rutier de mărfuri,2,36832464
marius.badea@cocspetrolier.ro,MARCOBAD COM SRL,Producție / Logistică,Dâmbovița,MUNCITOR NECALIFICAT LA AMBALAREA PRODUSELOR SOLIDE SI SEMISOLIDE,1,14560814
marius.vasile@comgaz.ro,COM GAZ STEEL SRL,Vânzări,,SPECIALIST IN ACHIZITII,2,5840696
marketing@bentoflux.ro,BENTOFLUX SA,Au pair / Babysitter / Curățenie,Satu Mare,CALCATOREASA LENJERIE,1,639307
marketing@vetro.ro,VETRO DESIGN SRL,Altele,Municipiul București,ÎNGRIJITOR CLADIRI,2,8409931
mbo@mbo.ro,MURI BENZ OIL SRL,COMERT,Mureș,ÎNGRIJITOR SPATII VERZI,1,8575268
mbufnea@nervia.ro,SAVA LOGISTIC SRL,Servicii transport / curierat,Cluj,Conducător auto transport rutier de mărfuri,10,27317524
mc@evtrans.ro,ETJ TRANS,Altele,Municipiul București,Conducător auto transport rutier de mărfuri,8,51506895
mchioariu@asco-holding.com,ASCO GLOBAL SOLUTIONS SRL,Altele,Municipiul București,MANAGER PROIECT,1,47390201
meda.opris@hotel-meridian.ro,RIA MERIDIAN,Turism / Alimentație,Cluj,RECEPTIONER DE HOTEL,2,14532520
medical@bailesarateocnamures.ro,MEDICAL BAILE SARATE SRL,Medicină / Sănătate /Psihoterapie,Alba,FIZIOKINETOTERAPEUT,1,48465159
miclos-m@ergio.ro,SC ERGIO BY MERLUȘCĂ SRL,Construcții / Instalații,Bacău,OPERATOR LA MASINI UNELTE CU COMANDA NUMERICA ÎN PRELUCRAREA LEMNULUI,1,4831975
mihaela.avram@btdconstruct.ro,BTDCONSTRUCT AMBIENT SRL,Construcții / Instalații,Municipiul București,INSTALATOR INSTALATII TEHNICO-SANITARE SI DE GAZE,2,31055944
mihaela.baila@octogonhr.ro,KIDDO SPORTS PARK S.R.L.,Altele,,PLASATOR,40,41033579
mihaela.bejinariu@dsabotosani.ro,DIRECTIA PENTRU SPORT SI AGREMENT,Inginerie,Botoșani,INSPECTOR DE SPECIALITATE ÎN ADMINISTRATIA PUBLICA,1,24401506
mihaela.chimigeru@dcsrecruitment.com.ro,MINERALEX EXPLOATARE RESURSE SRL,Altele,,MUNCITOR NECALIFICAT ÎN MINE SI CARIERE,4,14619636
mihaela.chiper@visromania.eu,Asociatia PENTRU VICTIMELE INFRACTIUNILOR SEXUALE,Educație / Training / Coaching,Constanța,ASISTENT DIRECTOR/RESPONSABIL DE FUNCTIUNE (STUDII SUPERIOARE),1,43828377
mihaela.coteanu@cos.ro,SC CORPORATE OFFICE SOLUTIONS,Vânzări,Timiș,MANAGER PROIECT,1,10148013
mihaela.florea@fermit.ro,FERMIT SA,Vânzări,Cluj,AGENT DE VÂNZARI,1,1170151
mihaela.iuliana@hobbystar.ro,HOBBY STAR 94 IMPEX SRL,Altele,Bistrița-Năsăud,SOFER DE AUTOTURISME SI CAMIONETE,4,5557283
mihaela.lupei@plusmedicalinvest.ro,MEDICAL DENTAL INVEST S.R.L.,Medicină / Sănătate /Psihoterapie,Iași,ASISTENT MEDICAL GENERALIST,1,44264551
mihaela.marin@3minterserv.ro,SC 3M INTERSERV GRUP SRL,Altele,Dâmbovița,OPERATOR LA MASINI-UNELTE CU COMANDA NUMERICA,1,31095310
mihaela.petrache@ihg.com,ANA HOTELS S.A.,Turism / Alimentație,Municipiul București,RECEPTIONER DE HOTEL,1,5479061
mihaela.petroiu@prosperanta.ro,PRO SPERANTA 2002 SRL,Vânzări,Argeș,Operator Umplere Recipiente GPL,1,6747677
mihaela.pirvu@carmistin.ro,AVICARVIL FOOD & DISTRIBUTION SRL,Agricultură / Zootehnie,Vâlcea,OPERATOR ABATORIZARE PASARI,50,33307282
mihaela.pletea@gazzo.ro,PRS CAPITAL,Altele,,AJUTOR BUCATAR,5,34226925
mihaela.rosca@ultracont.ro,SUFLETE ÎN ETATE,Altele,Municipiul București,FEMEIE DE SERVICIU,1,30028720
mihaela.sersea@wetterbest.ro,JORIS IDE SRL,Producție / Logistică,Timiș,COORDONATOR ÎN MATERIE DE SECURITATE SI SANATATE ÎN MUNCA (STUDII MEDII),1,14208541
mihaela.stanciu@cooperativasuine.ro,COOPERATIVA SILISTEA PRODUCTIE SUINE COOPERATIVA AGRICOLA,Altele,,MUNCITOR NECALIFICAT ÎN AGRICULTURA,8,26950179
mihaela@conmet.com.ro,CONMET TRADE SRL,Construcții / Instalații,Ialomița,SUDOR,1,25920722
mihaela_paun@sartorom.ro,SARTOROM IMPEX SRL,Inginerie,Municipiul București,AGENT DE VÂNZARI,1,378562
mihaelatapu@pelinari.ro,PELINARI ȘI PELINARI SOCIETATE CIVILĂ DE AVOCAȚI,Au pair / Babysitter / Curățenie,Municipiul București,FEMEIE DE SERVICIU,1,26540454
mihai.dinu@ymail.com,DINCONSTRUCT METPROFIL SRL,Construcții / Instalații,Prahova,LACATUS CONSTRUCTII METALICE SI NAVALE,2,28199125
mihai.gheorghiu@aquador.ro,SC AQUADOR SRL,Specialiști / Tehnicieni,Sibiu,PREPARATOR BAUTURI RACORITOARE,2,7051303
mihai.mucenicu@primariasebes.ro,ASOCIATIA DE DEZVOLTARE INTERCOMUNITARA PENTRU TRANSPORT PUBLIC ZONA SEBES,Altele,Alba,INSPECTOR DE SPECIALITATE ÎN ADMINISTRATIA PUBLICA,1,50918510
mihai.ponoran@oriconsul.ro,S.C. ORIENTAL CONSULTANTS GLOB,Construcții / Instalații,Ilfov,MANAGER PROIECT,1,24663787
mihai.stroe@mefaendustri.com,MEFA INDUSTRY SRL,Producție / Logistică,Dâmbovița,OPERATOR LA PRELUCRAREA CAUCIUCULUI,4,37933114
mimo@mimo.ro,MIMO SRL,Construcții / Instalații,Maramureș,ASAMBLATOR-MONTATOR PROFILE ALUMINIU SI GEAM TERMOPAN,3,2214418
min@newpharma.ro,SC SMARTVALUE DEVELOPMENT SRL,IT / Telecomunicații,Cluj,PROGRAMATOR,1,43506711
mioara@rusancom.ro,MMM GLOBAL TEX PREMIUM ,Producție / Logistică,,MUNCITOR NECALIFICAT ÎN INDUSTRIA CONFECTIILOR,1,45782357
mirabela.neculaesei@asee.io,PAYTEN PAYMENT SOLUTIONS SRL,IT / Telecomunicații,Municipiul București,ANALIST SERVICII CLIENT,1,39351430
mircea.falan@csc-transmetal.com,C.S.C TRANS METAL SRL,Altele,Ilfov,SUDOR,2,17669850
mircea_raulea@uahoo.com,DEZMO S.R.L.,Altele,Vâlcea,MECANIC AUTO,2,24319318
mirdo.budiaci@hilton.com,S.C. AKROS DEVELOPMENT PARTNER,Turism / Alimentație,Cluj,CAMERISTA HOTEL,4,16856191
mirela.amarandei@saptespice.ro,SAPTE SPICE SA,Altele,Iași,ELECTRICIAN DE ÎNTRETINERE SI REPARATII,1,2537907
mirela.obreja@hilton.com,APEX ALLIANCE 1 S.R.L.,Turism / Alimentație,Municipiul București,LUCRATOR BUCATARIE (SPALATOR VASE MARI),2,33786070
mirela@newbuildcons.ro,S C NEW BUILD CONSTRUCTION SRL,Management,Municipiul București,DIRECTOR GENERAL SOCIETATE COMERCIALA,1,53261899
mnica@mega-image.ro,MEGA IMAGE SRL,Retail,Ilfov,ÎNCARCATOR-DESCARCATOR,11,6719278
moisil@ecosoftbn.ro,ECOSOFTBN SRL,Servicii transport / curierat,Bistrița-Năsăud,Conducător auto transport rutier de mărfuri,1,24407657
moldocor@moldocor.ro,MOLDOCOR SA,Construcții / Instalații,Neamț,SUDOR,20,2046250
moncobra.csi@grupocobra.com,MONCOBRA CONSTRUCTIE SI INSTALARE SRL,Construcții / Instalații,Dolj,LACATUS MECANIC,1,29206174
monica.stanica@b2-impact.com,B2 IMPACT SRL,Management,,MANAGER DE OPERATIUNI/PRODUS,1,35698810
monica.tamas@grandemar.ro,GRANDEMAR SA,Construcții / Instalații,,CONCASORIST,1,200947
monica@goldenchicken.eu,GREEN EGGS SRL,Agricultură / Zootehnie,Giurgiu,ÎNGRIJITOR ANIMALE,1,48803420
monicalimban@x-printing.ro,X PRINTING SRL,Altele,Constanța,OPERATOR PROCESARE TEXT SI IMAGINE,1,17970622
morcan.andrea@satrotec.ch,SATROTEC SRL,Producție / Logistică,,CONSILIER/EXPERT/INSPECTOR/REFERENT/ECONOMIST ÎN ECONOMIE GENERALA,2,29868490
mpecakova@deloittece.com,SAVES ENERGY ROMANIA srl,Altele,Municipiul București,BROKER BURSA DE MARFURI,4,48060384
mracz@intevaproducts.com,S.C Inteva Closures SRL,Altele,Bihor,MONTATOR SUBANSAMBLE,30,40512395
muresan.bogdan@metal-spark.com,SC Metal Spark Engineering SRL,Producție / Logistică,Sălaj,STRUNGAR UNIVERSAL,1,36674542
natalia.popescu@prometer.ro,PROMETER M & G SRL,Construcții / Instalații,Timiș,INGINER GEODEZ,2,12911609
nelidana@ymail.com,S.C. DANANELI S.R.L,PRODUCTIE MOBILA,Sălaj,"MUNCITOR NECALIFICAT LA ASAMBLAREA, MONTAREA PIESELOR",1,17826067
nicolae.ani@macrosuin.ro,MACRO SUIN S.A.,Agricultură / Zootehnie,Argeș,ÎNGRIJITOR ANIMALE,2,161430
nicolae.fechetea@primato.ro,PRIMATO SRL,SERVICE AUTO,Alba,INGINER AUTOVEHICULE RUTIERE,1,12178002
nicoleta.arisanu@prato.ro,OLIN FOODS SRL,Turism / Alimentație,Brașov,BUCATAR,1,15922238
nicoleta.moise@unarte.org,UNIV NATIONALA DE ARTE BUCURES,Educație / Training / Coaching,Municipiul București,ADMINISTRATOR FINANCIAR (PATRIMONIU) (STUDII SUPERIOARE),1,4602033
nicoleta.popa@sergiana.ro,SERGIANA PRODIMPEX SRL,COMERT,Brașov,SUDOR,1,6981790
nicoleta.spiridon@asmedical.ro,CLINICA ORL AS MEDICAL S.R.L.,Medicină / Sănătate /Psihoterapie,Prahova,ASISTENT MEDICAL RADIOLOGIE,2,39797523
nicoleta.zaharescu@kgaudit.ro,HOFSTETTER ENVORONMENTAL SRL,Inginerie,Ilfov,INGINER DE SISTEM SOFTWARE,1,44158623
nicoleta@umancarre.ro,S.C. MAR&GOD 85 COMALIMENT S.R,Altele,Giurgiu,MANIPULANT MARFURI,4,30177790
nina@legend.ro,AGENDA INTERNATIONAL SRL,COMERT,Ilfov,MANIPULANT MARFURI,5,369475
nova@apabotosani.ro,NOVA APASERV SA,Altele,Botoșani,AGENT SERVICII CLIENT,1,26161230
oana.galatan@carnacarpatica.ro,CARNA CARPATICA,PRODUCTIA SI CONSERVAREA CARNII,Bistrița-Năsăud,MACELAR,3,36193662
oana.gutu@novatik.ro,NOVATIK S.R.L.,Producție / Logistică,Prahova,OPERATOR LA MASINI-UNELTE SEMIAUTOMATE SI AUTOMATE,2,16472484
oana.pandrea@continentalhotels.ro,CONTINENTAL HOTELS S.A.,Turism / Alimentație,Sibiu,CAMERISTA HOTEL,1,1559737
oana.taulescu@temko.ro,UNIVERSAL COMP PROD SRL,Construcții / Instalații,Municipiul București,"MUNCITOR NECALIFICAT LA ASAMBLAREA, MONTAREA PIESELOR",4,10526780
oana@cristalbrad.ro,CRISTAL BRAD SERVICE SRL,Construcții / Instalații,Municipiul București,ELECTROMECANIC,1,383720
oana@damarservice.ro,DAMAR COLISION SRL,SERVICE AUTO,Ilfov,FEMEIE DE SERVICIU,1,41908658
office-ro@bnpparibas.com,BNP PARIBAS LEASING SOLUTIONS IFN SA,Vânzări,Municipiul București,ANALIST SERVICII CLIENT,2,23991174
office.b@expertmind.ro,BIG-MAT COLOR S.R.L.,Specialiști / Tehnicieni,Ilfov,ELECTRICIAN DE ÎNTRETINERE SI REPARATII,1,31906021
office.fca@em.ro,ELECTROMONTAJ SA BUCURESTI SUCURSALA FABRICA DE CLEME SI ARMATURI CAMPINA,Construcții / Instalații,Prahova,OPERATOR LA MASINI-UNELTE CU COMANDA NUMERICA,2,8556380
office.harghita@distributie-energie.ro,DISTRIBUTIE ENERGIE ELECTRICA ROMANIA SA- SUCURSALA HARGHITA,Altele,Harghita,ELECTRICIAN EXPLOATARE CENTRALE SI STATII ELECTRICE,1,14536166
office.oradea@spitalpelican.ro,PELICAN IMPEX SRL,Medicină / Sănătate /Psihoterapie,Bihor,ASISTENT MEDICAL GENERALIST,3,2720776
office.ro@dandsltd.com,D&S GLOBAL SOLUTIONS SRL,Call center / Suport clienți,Dolj,PROGRAMATOR,1,34472008
office2@paturicafermecata.ro,FIC BABY EXPO S.R.L.,Vânzări,Neamț,AGENT DE VÂNZARI,1,40425817
office@accountexpert.ro,NEW AGENT VDN S.R.L.,COMERT,Teleorman,LUCRATOR COMERCIAL,1,44777379
office@aceti.ro,ACETI SRL,Construcții / Instalații,Olt,ZIDAR ROSAR-TENCUITOR,2,1514255
office@activeconexe.ro,ACTIVE CONEXE SA,Altele,Municipiul București,CONSULTANT ÎN MANAGEMENT,1,31029694
office@adimag.ro,ADIMAG COM IMPEX SRL,Altele,Mureș,MANIPULANT MARFURI,4,4786351
office@adorian.ro,RAVSERV SRL,Altele,Brăila,TURNATOR FORMATOR,1,14909508
office@agrimixcazanesti.ro,AGRIMIX CAZANESTI S.R.L.,Agricultură / Zootehnie,Olt,CRESCATOR DE PASARI,1,48487815
office@agrinvest.ro,AGRINVEST SRL,Servicii transport / curierat,Buzău,Conducător auto transport rutier de mărfuri,10,15991548
office@aldahra.com,AGRICOST S.A.,Agricultură / Zootehnie,Brăila,MECANIC MASINI AGRICOLE,1,14327160
office@alfactrus.ro,ALFACTRUS METAL S.R.L.,Construcții / Instalații,Gorj,"MUNCITOR NECALIFICAT LA ASAMBLAREA, MONTAREA PIESELOR",2,34863219
office@ambulantaarad.ro,SERVICIUL DE AMBULANTA JUDETEAN ARAD,Altele,Arad,INGINER MECANIC,2,7422690
office@amtrex.ro,BUCATARIA ZEN SRL,RESTAURANTE,Cluj,AJUTOR BUCATAR,1,41594733
office@ana-maria-felix.ro,PASTRY SRL,Turism / Alimentație,Bihor,LUCRATOR COMERCIAL,1,17304888
office@andy-star.ro,ANDY STAR IMPEX SRL,COMERT,Dâmbovița,LUCRATOR COMERCIAL,2,8907529
office@aparegio.ro,APAREGIO GORJ SA,Altele,Gorj,"INSTALATOR APA, CANAL",1,20415711
office@apexro.ro,APEX ASCENDING SRL,Servicii transport / curierat,Arad,CURIER,10,51004180
office@aqua-magic.ro,AQUALAND S.R.L.,Altele,Constanța,ÎNGRIJITOR SPATII VERZI,16,15029846
office@aquaterm.ro,AQUATERM SRL,Altele,Botoșani,SOFER DE AUTOTURISME SI CAMIONETE,1,12135214
office@arcaromania.ro,ARCA ROMANIA S.R.L.,Altele,Bacău,VÂNZATOR,1,46100580
office@arcsim.ro,ARCSIM CONSTRUCT SRL,Construcții / Instalații,Bistrița-Năsăud,SOFER DE AUTOTURISME SI CAMIONETE,1,37070889
office@argcoms.ro,ARGCOMS SOCIETATE COOPERATIVĂ MEŞTEŞUGĂREASCĂ,Producție / Logistică,Argeș,PICTOR PE STICLA SI CERAMICA,2,157057
office@arkten.ro,ARKTEN ACTIV SRL,Construcții / Instalații,Vâlcea,ARHITECT CLADIRI,2,38926271
office@artbirotica.ro,CREATIV ART SERVICE S.R.L.,Altele,Ilfov,UCENIC,2,40505436
office@atomhr.ro,FIRMA LU' TUDOR,Turism / Alimentație,Municipiul București,LUCRATOR PENSIUNE TURISTICA,1,16123204
office@auto-class.ro,AUTO CLASS SRL,Altele,Dolj,AGENT DE VÂNZARI,1,18130291
office@autoservicecolentina.ro,AUTOSERVICECOLENTINA,SERVICE AUTO,Municipiul București,TINICHIGIU CAROSIER,1,16621225
office@avaten.ro,NUVITA S.R.L.,Servicii înfrumusețare,Iași,Specialist marketing online,1,52573094
office@avlawyers.ro,OPTIMATE SRL,Construcții / Instalații,,AGENT DE VÂNZARI,1,49698047
office@axonsoft.ro,AXON SOFT SRL,IT / Telecomunicații,Cluj,PROGRAMATOR,1,13049596
office@azima.hose,AZIMA HOUSE SRL,Turism / Alimentație,Dolj,BRUTAR,1,52314693
office@bacriuluisf.ro,GRAFRELY S.R.L.,COMERT,Municipiul București,MANIPULANT MARFURI,4,39041391
office@bar-expert.ro,ICE MAKERS SRL,Altele,Municipiul București,AMBALATOR MANUAL,2,30838336
office@bebbyr.ro,BEBBYR COM SRL,COMERT,Ialomița,"OPERATOR INTRODUCERE, VALIDARE SI PRELUCRARE DATE",1,15790250
office@bestit.ro,Best IT-Serv SRL,Administrativ / Secretariat,Constanța,"OPERATOR INTRODUCERE, VALIDARE SI PRELUCRARE DATE",1,15418100
office@bestrock.ro,BEST ROCK CONSTRUCT SRL,Construcții / Instalații,Bihor,ZIDAR PIETRAR,3,28384980
office@betcif.ro,SC BETCIF SRL,Altele,Prahova,"MUNCITOR NECALIFICAT LA ASAMBLAREA, MONTAREA PIESELOR",1,15650150
office@biltgroup.ro,BILT GROUP CORP S.R.L.,Construcții / Instalații,Harghita,ZIDAR PIETRAR,1,41639541
office@biopak.ro,BIOPAK SRL,Altele,Maramureș,Conducător auto transport rutier de mărfuri,2,14912040
office@blue-planet.ro,BLUE PLANET SERVICES S.A.,Altele,Municipiul București,LUCRATOR OPERATIV PENTRU AUTOCOMPACTOARE,32,7381638
office@bmc-criscon.ro,SC BMC INCHIRIERI SRL,Construcții / Instalații,Mureș,GESTIONAR DEPOZIT,5,49414579
office@cambridgeschool.ro,FUNDATIA MATEAS,Educație / Training / Coaching,Ilfov,ASISTENT MEDICAL GENERALIST,1,35807977
office@campering.net,CAMPERING SRL,Altele,Constanța,AGENT RECLAMA PUBLICITARA,1,52163400
office@caparol-harghita.ro,S C APJM SRL,COMERT,Harghita,VÂNZATOR,2,4636753
office@cargo-tour.ro,CARGO ROMENA TOUR SRL,RESTAURANTE,Constanța,AJUTOR BUCATAR,1,14628553
office@carmangeriadalia.ro,CARMANGERIADALIA SRL,PRODUCTIA SI CONSERVAREA CARNII,Maramureș,CARMANGIER,1,2200390
office@carminsrl.ro,CARMIN POPSTAR PROD,Construcții / Instalații,,SUDOR,1,32814503
office@carnia.ro,ANA CORNEL SRL,Turism / Alimentație,Prahova,MUNCITOR NECALIFICAT LA AMBALAREA PRODUSELOR SOLIDE SI SEMISOLIDE,3,5878224
office@carpatec.ro,CARPATEC RECYCLING S.R.L.,Producție / Logistică,Cluj,"MUNCITOR NECALIFICAT LA ASAMBLAREA, MONTAREA PIESELOR",3,28005237
office@carpatrail.com,CARPAT RAIL S.R.L.,Construcții / Instalații,Cluj,ARHITECT CLADIRI,1,41848670
office@casapoveste.ro,BAI DE LEAC SRL,Turism / Alimentație,Suceava,ÎNGRIJITOR CLADIRI,1,40401583
office@castecoinvest.ro,CASTECO INVEST SRL,Altele,Hunedoara,LUCRATOR SORTATOR DESEURI RECICLABILE,1,6279401
office@casutajocului.ro,CASUTA JOCULUI S.R.L,Educație / Training / Coaching,Mureș,ANIMATOR SOCIOEDUCATIV,1,52171496
office@celestbrand.ro,CELEST BRAND SRL,Construcții / Instalații,Bistrița-Năsăud,ZIDAR ROSAR-TENCUITOR,5,30826200
office@cemplus.ro,CEMPLUS RO S.R.L.,Construcții / Instalații,Harghita,AGENT DE VÂNZARI,1,25134504
office@cezarchallenge.ro,CEZAR CHALLENGE AGRO SERVICE SRL,Altele,Timiș,MECANIC AGRICOL,1,29183640
office@cgarhivare.ro,ARHIVA TRANSILVANIA SRL,Altele,Cluj,ARHIVIST,1,17338775
office@chorus.ro,CHORUS RESEARCH ENGINEERING DISTRIBUTION S.R.L.,COMERT,Ilfov,GESTIONAR DEPOZIT,1,13808750
office@cipo.ro,CIPO SRL,Au pair / Babysitter / Curățenie,Vâlcea,FEMEIE DE SERVICIU,1,2552362
office@cksinternational.ro,MEGAJORVIN SRL,Construcții / Instalații,Timiș,ZIDAR PIETRAR,10,25210520
office@cldwit.ro,COMPANIA DE LOGISTICĂ ŞI DISTRIBUŢIE WIT SRL,Vânzări,Bacău,LUCRATOR GESTIONAR,3,18427757
office@cmipb.ro,COMPANIA MUNICIPALĂ ILUMINAT PUBLIC BUCUREȘTI S.R.L.,Altele,Municipiul București,DISPECER,1,37832144
office@cofetaria-aladdin.ro,NICU ANI SRL,Altele,Alba,FEMEIE DE SERVICIU,1,16521781
office@cofetaria-artizan.ro,COFETARIA ARTIZAN SRL,COMERT,Mureș,LUCRATOR COMERCIAL,1,29085005
office@comexim-r.ro,S.C.COMEXIM R SRL,RESTAURANTE,Hunedoara,AJUTOR BUCATAR,1,2146135
office@comision-braila.ro,TEHNOCERTI MENTENANŢĂ S.R.L.,COMERT,Brăila,LUCRATOR GESTIONAR,1,38630720
office@complexgrand.ro,MINI BRASERIA GRAND SRL,Altele,,LUCRATOR BUCATARIE (SPALATOR VASE MARI),3,2412229
office@concept-business.ro,DUMAN EKA BUSINSS SRL,Altele,Municipiul București,LUCRATOR BUCATARIE (SPALATOR VASE MARI),3,46762021
office@consoldtrustconstruct.ro,CONSOLD TRUST CONSTRUCT SRL,Altele,Prahova,MASINIST LA MASINI PENTRU TERASAMENTE (IFRONIST),2,15064398
office@constime.ro,CONSTIME DESIGN SRL,Construcții / Instalații,Ilfov,ASAMBLATOR-MONTATOR PROFILE ALUMINIU SI GEAM TERMOPAN,1,50324216
office@constructiiunu.ro,S.C. CONSTRUCTII UNU S.A.,Construcții / Instalații,Iași,"MUNCITOR NECALIFICAT LA DEMOLAREA CLADIRILOR, CAPTUSELI ZIDARIE, PLACI MOZAIC, FAIANTA, GRESIE, PARCHET",5,1955979
office@consultingcompany.ro,CONSULTING COMPANY SRL,Turism / Alimentație,Gorj,RECEPTIONER DE HOTEL,1,6513684
office@contamar.ro,CONTAMAR FINANCE CONSULTING,Contabilitate / Financiar,Prahova,SPECIALIST RESURSE UMANE,1,35783754
office@contasco.ro,QUIZFORGEEKS S.R.L.,Sport / Artă / Divertisment,Cluj,MANAGER INFORMATII PENTRU AFACERI,1,54327010
office@corvette.ro,CORVETTE SRL,Administrativ / Secretariat,Harghita,ASISTENT MANAGER,2,4510630
office@cryscomputers.ro,CRYS COMPUTERS S.R.L.,IT / Telecomunicații,,PROGRAMATOR,1,13177692
office@daigoro.ro,DAIGORO,Altele,,SORTATOR PRODUSE,1,17331041
office@defapast.ro,DEFAPLAST INVEST SRL,Producție / Logistică,Bistrița-Năsăud,OPERATOR MASE PLASTICE,1,12388942
office@dekorame.ro,HAPPY ARTS & CRAFTS ROMANIA SRL,PRODUCTIE MOBILA,Sibiu,"MUNCITOR NECALIFICAT LA ASAMBLAREA, MONTAREA PIESELOR",5,11462102
office@delta-al.ro,DELTA ALUMINIU SRL,Producție / Logistică,Olt,UCENIC,1,15157845
office@dentpriority.ro,PERFECT HELP SRL,Specialiști / Tehnicieni,Dolj,OPERATOR EMISIE-RECEPTIE,1,40675317
office@devalex.ro,DEVALEX SRL,Altele,Argeș,MANIPULANT MARFURI,2,22880852
office@diamilactate.ro,TELETEXT SRL,Altele,Ialomița,Conducător auto transport rutier de mărfuri,1,6801008
office@dieselevents.ro,MSM BLOCK SA,COMERT,Cluj,TEHNICIAN ENERGETICIAN/ELECTRICIAN,1,232981
office@dionisus.ro,DREAM HOME FACTORY S.R.L.,RESTAURANTE,Suceava,LUCRATOR BUCATARIE (SPALATOR VASE MARI),1,41022561
office@dn-agrar.eu,DN AGRAR STRAJA SRL,Agricultură / Zootehnie,Alba,ÎNGRIJITOR ANIMALE,2,29591860
office@dodocaffea.com,SILPETER COFFEE SERVICES S.R.L.,Vânzări,Bistrița-Năsăud,AMBALATOR MANUAL,1,27764034
office@dolinex.ro,DOLINEX SRL,Construcții / Instalații,Neamț,AGENT DE VÂNZARI,2,2045823
office@dolycom.ro,DOLYCOM DISTRIBUŢIE SRL,PRODUCTIA SI CONSERVAREA CARNII,Botoșani,INGINER ÎN INDUSTRIA ALIMENTARA,2,34495770
office@doucehydro.ro,DOUCE HYDRO ROMANIA S.A.,Producție / Logistică,Cluj,SUDOR,1,13091620
office@dpoconsultancy.ro,MIKAEL CLEAN SRL,Au pair / Babysitter / Curățenie,Bacău,AGENT CURATENIE CLADIRI SI MIJLOACE DE TRANSPORT,1,52440721
office@dufel.ro,DUFELCON SRL,Construcții / Instalații,Botoșani,ZUGRAV,2,15604714
office@duros.ro,DUROS HOLDING INDUSTRY 2003 SRL,PRODUCTIE MOBILA,,OPERATOR LA MASINI-UNELTE CU COMANDA NUMERICA,1,16564200
office@e-sys.ro,ESYS ANTREPRENOR SRL,Construcții / Instalații,Arad,UCENIC,2,36583169
office@e-vent2002.ro,SC E-VENT PROD COM 2002 SRL,Construcții / Instalații,Ilfov,SUDOR,1,15135308
office@easyram.ro,EASY-RAM S.R.L.,Construcții / Instalații,Iași,"MUNCITOR NECALIFICAT LA DEMOLAREA CLADIRILOR, CAPTUSELI ZIDARIE, PLACI MOZAIC, FAIANTA, GRESIE, PARCHET",1,45449450
office@ecafea.ro,CAFEMANIA S.R.L.,COMERT,Gorj,AGENT DE VÂNZARI,1,41767222
office@ecometal.ro,ECOMETAL PRODUCTION SRL,Altele,Galați,LUCRATOR SORTATOR DESEURI RECICLABILE,1,34520296
office@economcoop.ro,BANCA COOPERATISTĂ ECONOMCOOP BACĂU,Contabilitate / Financiar,Bacău,CONTABIL,1,4014700
office@ecosalgl.ro,SERVICIUL PUBLIC ECOSAL,Altele,Galați,LUCRATOR PENTRU SALUBRIZARE,10,23973046
office@ecosere.ro,ECO SERE MODULARE SRL,Altele,Cluj,MANIPULANT MARFURI,3,42622335
office@el-co.ro,EL-CO SA,Altele,Covasna,"MUNCITOR NECALIFICAT LA ASAMBLAREA, MONTAREA PIESELOR",2,557274
office@elcen.ro,ELECTROCENTRALE BUCURESTI SA,Altele,Municipiul București,LACATUS MECANIC DE ÎNTRETINERE SI REPARATII UNIVERSALE,1,15189596
office@elcoiasi.ro,ELECTROCONSTRUCTIA ELCO SA IASI,Inginerie,Iași,ELECTRICIAN ÎN CONSTRUCTII,3,3915440
office@eldomir.ro,ELDOMIR TOUR SRL,Turism / Alimentație,Brăila,MASEUR DE ÎNTRETINERE SI RELAXARE,1,12101203
office@elecsis.ro,ELECSIS SRL,Specialiști / Tehnicieni,Dolj,INGINER ELECTROTEHNIST,1,13784201
office@electrotel.ro,ELECTROTEL SA,Altele,Teleorman,INGINER MECANIC,5,1384430
office@elrom.ro,ELROM SRL,Construcții / Instalații,Bacău,ELECTRICIAN ECHIPAMENTE ELECTRICE SI ENERGETICE,2,982010
office@emilianservice.ro,S.C. EMILIAN S.R.L,SERVICE AUTO,Sibiu,VOPSITOR AUTO,1,3351243
office@energo-instalatii.ro,SC ENERGO-INSTALATII SRL,Construcții / Instalații,Bacău,MASINIST LA MASINI PENTRU TERASAMENTE (IFRONIST),1,13349615
office@esteuropaexpeditii.ro,S.C. EST EUROPA EXPEDITII SRL,Servicii transport / curierat,Timiș,Conducător auto transport rutier de mărfuri,2,36367769
office@eto.ro,HORA CUISINE SRL,RESTAURANTE,Municipiul București,LUCRATOR BUCATARIE (SPALATOR VASE MARI),1,50381483
office@euro-tehnic.ro,SC EURO TEHNIC LC SRL,COMERT,Suceava,LUCRATOR GESTIONAR,1,52028462
office@euroem.ro,EURO.EM. SRL,Altele,Neamț,AGENT DE VÂNZARI,1,17161818
office@eurostyrol.ro,EURO STYROL SRL,Producție / Logistică,Satu Mare,AMBALATOR MANUAL,2,14679778
office@evocleaning.ro,EVO CONCEPT LC SRL,Au pair / Babysitter / Curățenie,Municipiul București,ÎNGRIJITOR CLADIRI,1,25037048
office@eximprod.ro,EXIMPROD POWER SYSTEMS S.A.,Altele,,"MUNCITOR NECALIFICAT LA ASAMBLAREA, MONTAREA PIESELOR",10,14157812
office@expansion.ro,EUROCOM - EXPANSION SA,Altele,Argeș,STIVUITOR SI RECEPTIONER SILVIC,5,182034
office@fabricapulberi.ro,FABRICA DE PULBERI SA,Altele,Brașov,CONSILIER JURIDIC,1,21727401
office@famielectronic.ro,ELECTROFAMAR SRL,Altele,Brașov,SCULER-MATRITER,1,10660799
office@fdlaw.ro,CABINET DE AVOCAT DUMITRESCU F,Altele,Municipiul București,FEMEIE DE SERVICIU,1,22613910
office@feurocont.ro,STADT CONSTRUCT SRL,Construcții / Instalații,Cluj,LINOLIST,10,18887739
office@fiade.ro,FIADE SRL,Construcții / Instalații,Timiș,MASINIST LA MASINI PENTRU TERASAMENTE (IFRONIST),3,17793571
office@fidesgroup.ro,SC RUBY OPERATION SOLUTION SRL,Construcții / Instalații,Constanța,SUDOR,15,49523550
office@firenze.ro,FIRENZE COM SRL,Producție / Logistică,Prahova,GESTIONAR DEPOZIT,1,6028515
office@firext.ro,FIREXT SRL,Construcții / Instalații,Municipiul București,PROIECTANT INGINER INSTALATII,2,39823088
office@florimirhr.ro,BOGAS SHOP S.A.,FABRICAREA ARTICOLELOR DE IMBRACAMINTE,Ilfov,MUNCITOR NECALIFICAT ÎN INDUSTRIA CONFECTIILOR,5,34142212
office@fondal.ro,FONDAL INTERNATIONAL SRL,Producție / Logistică,Iași,SUDOR,1,18772275
office@fonster.ro,FONSTER SRL,Construcții / Instalații,,"MUNCITOR NECALIFICAT LA DEMOLAREA CLADIRILOR, CAPTUSELI ZIDARIE, PLACI MOZAIC, FAIANTA, GRESIE, PARCHET",12,26406992
office@fraher.ro,FRAHER DISTRIBUTION SRL,Administrativ / Secretariat,Tulcea,"OPERATOR INTRODUCERE, VALIDARE SI PRELUCRARE DATE",1,24366816
office@fresh-greens.ro,LOLITA COMPANY SRL,Altele,Prahova,MUNCITOR NECALIFICAT ÎN AGRICULTURA,2,21243967
office@frigoelectric.ro,FRIGOELECTRIC INSTALAŢII SRL,Construcții / Instalații,Ilfov,ELECTRICIAN MONTATOR DE INSTALATII AUTOMATIZATE,1,29189529
office@gambrinusz.ro,TOP JOY SRL,RESTAURANTE,Harghita,OSPATAR (CHELNER),2,14477370
office@gardenshop-constanta.ro,GARDEN SHOP SERVICES S.A.,Altele,Constanța,ÎNGRIJITOR SPATII VERZI,19,13848402
office@gdca.ro,GHEORGHE DOJA COOPERATIVA AGRICOLĂ,Administrativ / Secretariat,Ialomița,"OPERATOR INTRODUCERE, VALIDARE SI PRELUCRARE DATE",1,31439880
office@gemite.ro,GEMITE TECHNOLOGY S.R.L.,Construcții / Instalații,Iași,TEHNICIAN CONSTRUCTOR,1,22219835
office@generalautocom.ro,GENERAL AUTOCOM SRL,SERVICE AUTO,,AGENT DE VÂNZARI,1,4103483
office@geraico.ro,GERAICO PROD COM SRL,Vânzări,Hunedoara,LUCRATOR BUCATARIE (SPALATOR VASE MARI),2,5860405
office@giomario.ro,GIOMARIO SRL,Producție / Logistică,Bihor,OPERATOR LA MASINI-UNELTE CU COMANDA NUMERICA,1,13462664
office@gslaw.ro,OLD SCHOOL GARAGE S.R.L.,SERVICE AUTO,Ilfov,MECANIC AUTO,1,45934820
office@gts.ro,GTS Telecom,IT / Telecomunicații,Municipiul București,CORESPONDENT COMERCIAL,1,4419886
office@heliossa.ro,S.C.HELIOS S.A.,Producție / Logistică,Bihor,MUNCITOR NECALIFICAT LA AMBALAREA PRODUSELOR SOLIDE SI SEMISOLIDE,5,98716
office@hotelagapi.ro,ELCOS COMPANY SRL,RESTAURANTE,Constanța,RECEPTIONER DE HOTEL,1,6580349
office@hotelcumpatu.ro,CUMPĂTU INTERNAŢIONAL EXPRESS S.R.L.,RESTAURANTE,Prahova,BUCATAR,3,27559960
office@hotelmara.ro,COMPLEX MARA SA,Turism / Alimentație,,BUCATAR,2,7769797
office@hotelpacsirta.ro,S.C. AS TOURISM SRL,Turism / Alimentație,Mureș,AJUTOR OSPATAR,2,15396303
office@hotelwestplaza.ro,PLAZA HOTELS SRL,Turism / Alimentație,Municipiul București,CAMERISTA HOTEL,2,28646975
office@housekeeping.ro,HOUSE KEEPING CLEAN SRL,Altele,Maramureș,FEMEIE DE SERVICIU,1,25635319
office@ide-arhitecture.ro,IDE ARHITECTURE & DESIGN,Construcții / Instalații,Constanța,"MUNCITOR NECALIFICAT LA DEMOLAREA CLADIRILOR, CAPTUSELI ZIDARIE, PLACI MOZAIC, FAIANTA, GRESIE, PARCHET",1,44599484
office@idealpartner.ro,IDEAL MARKET PARTNER S.R.L.,COMERT,Bistrița-Năsăud,LUCRATOR COMERCIAL,2,49752880
office@idtotal.ro,IDL BUCHAREST S.R.L.,Altele,,STIVUITORIST,30,38028270
office@ikonos.ro,IKONOS SRL,Altele,Vâlcea,COFETAR,2,14309325
office@imasoft.ro,IMASOFT STUDIO SRL,Medicină / Sănătate /Psihoterapie,Galați,REGISTRATOR MEDICAL,2,37949730
office@imnrecrutare.ro,MD AGRICOLA SRL,Agricultură / Zootehnie,,PAZNIC,1,12499762
office@incdtp.ro,INSTITUTUL NATIONAL DE CERCETARE-DEZVOLTARE PENTRU TEXTILE SI PIELARIE - INCDTP BUCURESTI,Specialiști / Tehnicieni,Municipiul București,TEHNICIAN CHIMIST,1,9311329
office@indra.com.ro,Sc Indra Import Export Srl,Producție / Logistică,Mureș,MECANIC UTILAJ,1,9049008
office@infinitygsm.ro,S.C. INFINITY GSM S.R.L.,COMERT,Brașov,LUCRATOR COMERCIAL,1,18782333
office@inst-nistor.ro,INST-NISTOR SRL,Construcții / Instalații,Bistrița-Năsăud,EXPERT ACHIZITII PUBLICE,1,566132
office@instalatiiantiincendiu.ro,INSTALATII ANTIINCENDIU,Construcții / Instalații,Ilfov,"INSTALATOR APA, CANAL",2,41579075
office@interguardgroup.com,INTERGUARD GROUP SRL,SERVICII DE PAZA SI PROTECTIE,Municipiul București,AGENT DE SECURITATE,1,15671918
office@investmilenium.ro,INVEST MILENIUM SRL,Altele,Bacău,AGENT CURATENIE CLADIRI SI MIJLOACE DE TRANSPORT,10,14502619
office@iproeb.ro,IPROEB SA,Producție / Logistică,Bistrița-Năsăud,CONFECTIONER TOROANE SI CABLAJE LA CONDUCTORI ELECTRICI,5,566930
office@irongruard.ro,IRON GUARD 2012 SRL,SERVICII DE PAZA SI PROTECTIE,Harghita,AGENT DE SECURITATE,1,30922630
office@ironguard.ro,IRON GUARD 2012 SRL,SERVICII DE PAZA SI PROTECTIE,Arad,AGENT DE SECURITATE,1,30922630
office@justconsultingsrl.com,JUST CONSULTING SRL,COMERT,Vâlcea,GESTIONAR DEPOZIT,1,21840841
office@kindustrial.ro,KARDYNAL INTSERV OFFICE SRL,Construcții / Instalații,Prahova,ELECTRICIAN ÎN CONSTRUCTII,1,31508441
office@komurasanservice.ro,KOMURA  SAN SERVICE  SRL ,Altele,,MECANIC AUTO,1,43968338
office@kreg.ro,KREG CONSTRUCT & CONSULT SRL,Construcții / Instalații,Bistrița-Năsăud,ARHITECT CLADIRI,1,32512157
office@lacassa.ro,LA CASSA PARK DEVELOPMENT SRL,Construcții / Instalații,Dolj,"MUNCITOR NECALIFICAT LA DEMOLAREA CLADIRILOR, CAPTUSELI ZIDARIE, PLACI MOZAIC, FAIANTA, GRESIE, PARCHET",2,42889538
office@laculracilor.ro,CRYSTAL LAKE SRL,RESTAURANTE,Constanța,OSPATAR (CHELNER),4,35407636
office@lamad.ro,LAMAD SERVICES SRL,Au pair / Babysitter / Curățenie,Prahova,AGENT CURATENIE CLADIRI SI MIJLOACE DE TRANSPORT,1,21835322
office@laropharm.ro,LAROPHARM SRL,Producție / Logistică,Ilfov,MUNCITOR NECALIFICAT LA AMBALAREA PRODUSELOR SOLIDE SI SEMISOLIDE,1,14099517
office@lgdrecruitment.com,LGD RECRUITMENT PROFESIONAL SRL,Construcții / Instalații,Argeș,SUDOR,30,16135179
office@lignum.ro,OCOLUL SILVIC LIGNUM,Altele,Bacău,MUNCITOR NECALIFICAT ÎN SILVICULTURA,1,18636087
office@loveforfod.ro,THESAUR GOURMET SRL,RESTAURANTE,Municipiul București,PIZZAR,10,34231034
office@lpgcar.ro,LPG CARS MOBILITY S.R.L.,Altele,Ilfov,FEMEIE DE SERVICIU,1,5909010
office@luansa.ro,LUANSA SRL,Inginerie,Constanța,STRUNGAR UNIVERSAL,1,32788005
office@lucmarauto.ro,LUCMAR SRL,Altele,Giurgiu,MAGAZINER,1,4706140
office@macarale-mures.ro,MACARALE MURES SRL,Construcții / Instalații,Mureș,MANIPULANT MARFURI,1,6169085
office@macelariacristescu.ro,GENERAL PURPOSES SRL,Altele,,ÎNGRIJITOR ANIMALE,1,28517415
office@maier-cnctech.com,SC Maier Technology Srl,Producție / Logistică,Alba,OPERATOR LA MASINI-UNELTE CU COMANDA NUMERICA,1,39338687
office@makabi.ro,S.C.MAKABI SRL,Armată / Pază/ Protecție,Cluj,AGENT DE SECURITATE,1,23591356
office@marsat.com.ro,M.A.R.S.A.T. SA,Construcții / Instalații,Gorj,ELECTRICIAN ECHIPAMENTE ELECTRICE SI ENERGETICE,4,2157460
office@marsat.ro,AGROMEC ROMAN SA,Agricultură / Zootehnie,Neamț,Conducător auto transport rutier de mărfuri,2,2054457
office@marudro.ro,MARUDRO GENERAL SERVICES SRL,Altele,Dâmbovița,LEGATOR MANUAL (ÎN POLIGRAFIE SI ATELIERE SPECIALE),1,24161349
office@maxbetromania.com,MAX BET SRL,Altele,Municipiul București,SUPRAVEGHETOR JOCURI (CAZINO),10,14786022
office@maxirecruit.com,BMW Techworks Romania,IT / Telecomunicații,Cluj,ANALIST,1,49775344
office@megadoor.ro,MEGA CONSTRUCT METAL SRL,Altele,Dâmbovița,LACATUS-MONTATOR AGREGATE ENERGETICE SI DE TRANSPORT,1,13793340
office@metal-art-design.ro,TUMA VEBO SRL,Construcții / Instalații,Călărași,LACATUS CONSTRUCTII METALICE SI NAVALE,1,37228114
office@metalman.ro,METAL MAN SRL,Producție / Logistică,Cluj,"MUNCITOR NECALIFICAT LA ASAMBLAREA, MONTAREA PIESELOR",5,31035602
office@metalo.ro,METALO PLAST NICULAE CO SNC,COMERT,Municipiul București,LUCRATOR COMERCIAL,1,28486
office@metrologie3d.ro,DCA DIMENSIONAL CONTROL SRL,Inginerie,Argeș,ELECTRICIAN DE ÎNTRETINERE SI REPARATII,10,23327550
office@microenerg.ro,MICROENERG SRL,Armată / Pază/ Protecție,Bacău,AGENT DE SECURITATE,1,8461794
office@mida.ro,MIDA SRL,SERVICE AUTO,Covasna,SPALATOR VEHICULE,1,6682144
office@moaralandolt.com,MONICOM IMPEX SRL,Producție / Logistică,Cluj,MANIPULANT MARFURI,1,6624364
office@mobilabelladesign.ro,BELLA - DESIGN COM SRL,PRODUCTIE MOBILA,Ilfov,VOPSITOR LEMN,1,16225964
office@modpack.ro,MODPACK SYSTEM SRL,Producție / Logistică,Prahova,TÂMPLAR UNIVERSAL,1,22213182
office@mommyshelp.ro,MMH SERVICII DE CURATENIE S.R.L.,Altele,Municipiul București,ALTI MUNCITORI ÎN SERVICII PENTRU CURATENIE,10,46790714
office@mpparad.ro,MORARPAZĂ ŞI PROTECŢIE SRL,Armată / Pază/ Protecție,Arad,AGENT DE SECURITATE INTERVENȚIE,4,15634243
office@multipland.ro,MULTIPLAND SRL,Construcții / Instalații,Harghita,MASINIST LA MASINI PENTRU TERASAMENTE (IFRONIST),3,6178970
office@muresanfood.ro,MURESAN FOOD INDUSTRY SRL,COMERT,Maramureș,AGENT DE VÂNZARI,1,35659625
office@nataleimpex.ro,NATALE IMPEX SRL,Altele,Bihor,EXPEDITOR INTERNATIONAL,5,4883087
office@navmaro.ro,NAVMARO SRL,Construcții / Instalații,Galați,SUDOR,1,15491518
office@nds-group.ro,NEDEIAS  GROUP SRL,Construcții / Instalații,Bistrița-Năsăud,CONTABIL,2,5290703
office@netcom-activ.ro,NETCOM ACTIV SRL,Construcții / Instalații,Suceava,FRIGORIFERIST (FRIGOTEHNIST),4,13151595
office@neusoft.ro,NEUSOFT EDC SRL,Call center / Suport clienți,Cluj,FUNCTIONAR INFORMATII CLIENTI,1,22412010
office@nordicamoto.ro,OFFROADTECH S.R.L.,COMERT,Harghita,ASISTENT RELATII PUBLICE SI COMUNICARE (STUDII MEDII),1,40741470
office@nordicsrl.ro,NORDIC IMPEX SRL,COMERT,Vâlcea,SOFER DE AUTOTURISME SI CAMIONETE,1,9868533
office@nordvestcamioane.eu,NORD VEST CAMIOANE SRL,Altele,,Conducător auto transport rutier de mărfuri,3,9411409
office@omspmacola.ro,OMSP MACOLA SRL,Altele,Buzău,"MUNCITOR NECALIFICAT LA ASAMBLAREA, MONTAREA PIESELOR",2,16292920
office@opera-hotel.ro,OPERA HOTEL TIMISOARA SRL,Turism / Alimentație,Timiș,BUCATAR,2,1812090
office@orionslobozia.ro,ORION SRL,Construcții / Instalații,Ialomița,LACATUS MECANIC,2,15075044
office@padoprod.ro,PADOPROD SRL,Altele,,MUNCITOR NECALIFICAT ÎN SILVICULTURA,1,16160830
office@panaudit.ro,PANAUDIT SRL,Contabilitate / Financiar,Harghita,CONTABIL,1,14427002
office@pastravariabusteni.ro,ECOTROUT FARM S.R.L.,Agricultură / Zootehnie,Prahova,PISCICULTOR,1,39390367
office@pensiunea-edy.ro,PENSIUNEA EDY OAZA VERDE S.R.L.,RESTAURANTE,Cluj,AJUTOR BUCATAR,2,42773850
office@pensiunea.ro,CLUB FERMA SRL,Altele,,ÎNGRIJITOR SPATII VERZI,1,24554941
office@pensiuneacasateo.ro,CLAUS START SRL,RESTAURANTE,Tulcea,BUCATAR,4,25203876
OFFICE@PFARMA.RO,ELIA DENTAL S.R.L.,Medicină / Sănătate /Psihoterapie,,Receptioner medical,1,46075532
office@piatranaturalamures.ro,PIATRA MURES BY GVB S.R.L.,Altele,Mureș,LUCRATOR COMERCIAL,1,43951301
office@pierprod.ro,PIER PROD SRL,COMERT,,MANIPULANT MARFURI,4,9001697
office@piesata.ro,DIPIESSO COMERT SRL,COMERT,Municipiul București,FEMEIE DE SERVICIU,1,345921
office@plasrom.ro,PLASROM PRODUCTION SRL,Altele,Ilfov,MANIPULANT MARFURI,10,5905230
office@poartatransilvaniei.ro,ASOCIATIA GAL POARTA TRANSILVA,ASISTENTA SOCIALA,Cluj,Analist resurse umane,1,31014065
office@polimed-dacia.ro,POLIMED DACIA SRL,Medicină / Sănătate /Psihoterapie,Brașov,FIZIOKINETOTERAPEUT,1,30956200
office@popaspinul.ro,POPAS PINUL SRL,RESTAURANTE,Bacău,AJUTOR BUCATAR,1,7258326
office@prodbacsecurity.ro,PROTBAC SECURITY SYSTEMS SRL,Altele,Bacău,AGENT DE SECURITATE,3,32815495
office@profceiss.ro,PROFCEISS ELECTRIC S.R.L.,Construcții / Instalații,Ilfov,"MUNCITOR NECALIFICAT LA DEMOLAREA CLADIRILOR, CAPTUSELI ZIDARIE, PLACI MOZAIC, FAIANTA, GRESIE, PARCHET",3,37131030
office@profielements.ro,PROFI ELEMENTS SRL,Construcții / Instalații,Municipiul București,"MUNCITOR NECALIFICAT LA DEMOLAREA CLADIRILOR, CAPTUSELI ZIDARIE, PLACI MOZAIC, FAIANTA, GRESIE, PARCHET",3,4734450
office@promarketing.ro,PRO MARKETING SRL,Marketing,Caraș-Severin,Specialist marketing online,1,12988041
office@prosoftware.ro,PROSOFT INDUSTRY SRL,Construcții / Instalații,,MUNCITOR NECALIFICAT LA SPARGEREA SI TAIEREA MATERIALELOR DE CONSTRUCTII,1,29667887
office@prunstal.ro,PRUNSTAL SRL,Altele,Iași,SOFER DE AUTOTURISME SI CAMIONETE,1,34706400
office@qplast.ro,QPLAST INDUSTRIE S.R.L.,Producție / Logistică,,OPERATOR LA PRELUCRAREA MASELOR PLASTICE,2,47243634
office@quadratum.ro,QUADRATUM ARCHITECTURE SRL,Construcții / Instalații,Municipiul București,ARHITECT CLADIRI,2,15086345
office@ramara-ambalaje.ro,RAMARA SMART TEAM SRL,COMERT,Prahova,CARTONAGIST,3,33071105
office@ramis.tech,SC RAMIS TECH SRL,Altele,Brașov,MUNCITOR NECALIFICAT LA AMBALAREA PRODUSELOR SOLIDE SI SEMISOLIDE,4,37232093
office@raureni.ro,ANNABELLA FABRICA DE CONSERVE RAURENI S.A.,Producție / Logistică,Vâlcea,MANIPULANT MARFURI,1,14075542
office@regalhotel.ro,LA CRINUL SRL,Turism / Alimentație,Satu Mare,ÎNGRIJITOR SPATII HOTELIERE,2,2387699
office@regroup.ro,REGROUP CONSTRUCTION & MINING SRL,Construcții / Instalații,Timiș,MUNCITOR NECALIFICAT LA SPARGEREA SI TAIEREA MATERIALELOR DE CONSTRUCTII,1,47987456
office@relocsa.ro,RELOC SA,Producție / Logistică,Dolj,ELECTRICIAN MONTATOR DE INSTALATII ELECTRICE LA MIJLOACE DE TRANSPORT,1,2300870
office@renewmob.ro,RENEWMOB S.R.L.,PRODUCTIE MOBILA,Alba,TÂMPLAR UNIVERSAL,1,51525838
office@restaurant-schnitzelhaus.ro,SCHNITZEL HAUS SRL,RESTAURANTE,Prahova,LUCRATOR BUCATARIE (SPALATOR VASE MARI),1,34002073
office@rge.ro,S.C. EN-RG-ETIC S.R.L.,Construcții / Instalații,Mureș,"MUNCITOR NECALIFICAT LA ÎNTRETINEREA DE DRUMURI, SOSELE, PODURI, BARAJE",1,25708569
office@robutex.ro,ALTEX PROD SRL,FABRICAREA ARTICOLELOR DE IMBRACAMINTE,Vrancea,CONTABIL,1,8169502
office@rodav.ro,RODAV SRL VASLUI,SERVICE AUTO,Vaslui,CONTABIL,1,2433370
office@rodosmet.ro,RODOS MET SRL,Altele,Sălaj,STRUNGAR UNIVERSAL,1,23573651
office@rojevas.ro,ROJEVAS 2000 SRL,Altele,Galați,OPERATOR TRANSPORT SI DISTRIBUIRE BUTELII DE GPL,1,15853413
office@romdinarom.ro,ROM DINAROM SRL,Altele,Sălaj,MUNCITOR NECALIFICAT ÎN METALURGIE,2,16191160
office@romseh.ro,ROMSEH TOOLS SRL,Producție / Logistică,Vrancea,OPERATOR LA MASINI-UNELTE CU COMANDA NUMERICA,3,14336338
office@romtera.ro,ROMTERA PRODUCT,Altele,,MANIPULANT MARFURI,5,1324898
office@roserv.ro,ROSERV GREEN ENERGY SRL,Producție / Logistică,Bacău,OPERATOR FLOTARE PRODUSE FLUIDE,2,40166950
office@samcom.ro,SAMCOM AS SRL,Producție / Logistică,Botoșani,AMBALATOR MANUAL,6,15347823
office@samideas.ro,SAM IDEAS SRL,Construcții / Instalații,Iași,ASISTENT MANAGER,1,21460206
office@sandana.ro,SANDANA COM SRL,Producție / Logistică,Sălaj,AGENT DE VÂNZARI,1,8352738
office@sandortrans.ro,ŞANDOR TRANS SRL,Altele,Alba,"MUNCITOR NECALIFICAT LA ASAMBLAREA, MONTAREA PIESELOR",1,19087777
office@sasenterprises.org,GUSTADOR FOOD SRL,RESTAURANTE,Cluj,AJUTOR BUCATAR,1,50893386
office@scdvvblaj.ro,S.C.D.V.V,Altele,Alba,INGINER DE CERCETARE ÎN TEHNOLOGIA PRELUCRARII PRODUSELOR AGRICOLE,1,1767070
office@schulek.ro,Schulek S.R.L.,Producție / Logistică,Cluj,MUNCITOR NECALIFICAT LA AMBALAREA PRODUSELOR SOLIDE SI SEMISOLIDE,1,13538266
office@scorza.ro,SCORZA SRL,Construcții / Instalații,Bacău,LACATUS MECANIC,2,13398928
office@sdkaluminiu.ro,S.C. SDK ALUMINIU S.R.L,COMERT,Cluj,SOFER DE AUTOTURISME SI CAMIONETE,1,31916050
office@securityforce.ro,NORDEST SECURITY FORCE SRL,Armată / Pază/ Protecție,Iași,AGENT DE SECURITATE,4,10823837
office@sertur.com,SERTUR SRL,Altele,,LUCRATOR PENSIUNE TURISTICA,3,15725260
office@servicii-varstnici.ro,ASISOC ARCOS S.R.L.,ASISTENTA SOCIALA,Tulcea,INFIRMIER/INFIRMIERA,3,43803224
office@sianimage.ro,SIAN IMAGE MEDIA SRL,Altele,Constanța,OPERATOR PRODUCTIE RTV,2,24242710
office@siconta.ro,BK KOVACS CONSTRUCT S.R.L.,Construcții / Instalații,Cluj,DULGHER (EXCLUSIV RESTAURATOR),1,47048013
office@silvmed.ro,SILVMED GROUP SRL,COMERT,Municipiul București,MUNCITOR NECALIFICAT LA SPARGEREA SI TAIEREA MATERIALELOR DE CONSTRUCTII,1,48471339
office@simpluromania.ro,SIMPLU SRL,Producție / Logistică,Constanța,MANIPULANT MARFURI,3,18203326
office@smartcnc.ro,SC AGRAMDT SRL,Producție / Logistică,Maramureș,PROGRAMATOR FABRICATIE/LANSATOR FABRICATIE,1,32955464
office@smupbacau.ro,SERVICIUL MUNICIPAL DE UTILITATI PUBLICE BACAU,Altele,Bacău,LUCRATOR PENTRU SALUBRIZARE CAI PUBLICE,10,43053475
office@socot.ro,SOCOT SA,Construcții / Instalații,Mureș,LACATUS MECANIC,1,2522493
office@sogema.ro,SOGEMA SRL,Altele,Bihor,MUNCITOR NECALIFICAT ÎN INDUSTRIA CONFECTIILOR,5,5315930
office@soimiigs.ro,SOIMII GRAND SECURITY SRL,SERVICII DE PAZA SI PROTECTIE,Municipiul București,AGENT DE SECURITATE,10,25871085
office@speedit.ro,LIGHT SPEED COMPUTERS,IT / Telecomunicații,Maramureș,ASISTENT MANAGER,1,15314028
office@spitaldorohoi.ro,SPITALUL MUNICIPAL DOROHOI,Medicină / Sănătate /Psihoterapie,Botoșani,BRANCARDIER,1,13727320
office@spmt.ro,SERVICII PUBLICE MUNICIPALE TÂRGOVIŞTE S.R.L.,Altele,Dâmbovița,Conducator auto transport rutier de persoane,2,39450469
office@stendicons.ro,STENDICONS STAR CONS SRL,Altele,Dolj,LUCRATOR OPERATIV PENTRU AUTOCOMPACTOARE,2,31466249
office@stonehouseguard.ro,STONE HOUSE GUARD S.R.L.,Armată / Pază/ Protecție,Timiș,AGENT DE SECURITATE,1,42714498
office@sunfun.ro,SUN FUN DMC,Au pair / Babysitter / Curățenie,Municipiul București,FEMEIE DE SERVICIU,1,5085770
office@supraveghere.ro,ENNI VISION SRL,Altele,Municipiul București,"MONTATOR-REGLOR, DEPANATOR APARATE ELECTRONICE, TELECOMUNICATII, RADIO",3,17012930
office@suzanaribs.ro,SIMO VOYAGE,RESTAURANTE,Municipiul București,BARMAN PREPARATOR,4,19178158
office@swissmarine.ro,SWISS MARINE SRL,Altele,Sibiu,"MUNCITOR NECALIFICAT LA ASAMBLAREA, MONTAREA PIESELOR",8,16192867
office@swisstrade.ro,SC SWISS TRADE SRL,Altele,Hunedoara,SUDOR CU ARC ELECTRIC CU ELECTROD FUZIBIL ÎN MEDIU DE GAZ PROTECTOR,1,13456123
office@szek.ro,FUNDATIA PRO ODORHEI,Altele,Harghita,ÎNGRIJITOR CLADIRI,1,12549917
office@takaritas.ro,HARGHITA CLEAN SRL,Au pair / Babysitter / Curățenie,,ÎNGRIJITOR CLADIRI,1,25479414
office@tapel-sibiu.ro,TAPEL S.R.L.,Producție / Logistică,Sibiu,CONTABIL,1,16315170
office@tayeverest.com,KRAL FOOD SERVICES SRL,Altele,Municipiul București,AJUTOR BUCATAR,5,41753553
office@technosystems.ro,MYRMIDON TECHNOSYSTEMS,Producție / Logistică,Prahova,OPERATOR MONTAJ LINII AUTOMATE,4,29901120
office@tecnoton.ro,TECNOTON CONSTRUCT S.R.L.,Construcții / Instalații,Ilfov,FEMEIE DE SERVICIU,1,44452199
office@tesfin.ro,SC TESFIN RO SRL,Producție / Logistică,Bacău,MANIPULANT MARFURI,1,19003121
office@tibpet.ro,TIBPET SRL,Construcții / Instalații,Mureș,OPERATOR LA MASINI-UNELTE CU COMANDA NUMERICA,3,14340517
office@timate.ro,PRODUCTIE COMERT SI SERVICII TIMATE SRL,Agricultură / Zootehnie,Covasna,MECANIC AGRICOL,2,4788620
office@titanmachinery.ro,TITAN MACHINERY ROMANIA SRL,COMERT,Brașov,MANAGER DE ZONA,1,29352595
office@tmgbuilding.ro,TMG BUILDING SOLUTIONS S.R.L,Construcții / Instalații,Teleorman,ELECTRICIAN DE ÎNTRETINERE SI REPARATII,1,39655057
office@tohan.ro,SOCIETATEA ”TOHAN” S.A. FILIALĂ A COMPANIEI NAŢIONALE ”ROMARM” S.A.,STAT,Harghita,SERVANT POMPIER,1,13652413
office@trainingcons.ro,TRAININGCONS 2005 SRL,Altele,Iași,MANIPULANT MARFURI,3,17731773
office@transelcom.ro,TRANSELCOM SRL,Construcții / Instalații,Constanța,FEMEIE DE SERVICIU,1,6354414
office@traveljobs.ro,DARMATECH SRL,Construcții / Instalații,Municipiul București,MUNCITOR NECALIFICAT LA SPARGEREA SI TAIEREA MATERIALELOR DE CONSTRUCTII,2,22204877
office@triago.ro,Triago Srl,Producție / Logistică,Brașov,SUDOR CU ARC ELECTRIC CU ELECTROD NEFUZIBIL ÎN MEDIU DE GAZ PROTECTOR,2,26591202
office@triton.com.ro,TRITON SRL,Retail,Constanța,MANIPULANT MARFURI,10,7424364
office@unifiscal.ro,UNICONSTRUCT SRL,IT / Telecomunicații,Neamț,TEHNICIAN ELECTRONICA,2,7712197
office@universalnutrition.com.ro,NATURAL PLUS COMERT SRL,Altele,Cluj,MUNCITOR NECALIFICAT LA AMBALAREA PRODUSELOR SOLIDE SI SEMISOLIDE,2,5179064
office@upromania.ro,UP ROMÂNIA S.R.L.,Altele,Municipiul București,REFERENT DE SPECIALITATE FINANCIAR-CONTABILITATE,1,14774435
office@ursconstruct.ro,URS CONSTRUCT ALBA SRL,Construcții / Instalații,Alba,SEF ECHIPA SPECIALIZATA,1,29737443
office@valdasgroup.com,VALDAS BUILDING S.R.L.,Construcții / Instalații,Timiș,"MUNCITOR NECALIFICAT LA DEMOLAREA CLADIRILOR, CAPTUSELI ZIDARIE, PLACI MOZAIC, FAIANTA, GRESIE, PARCHET",3,36827131
office@vascar.ro,VASCAR SA,Altele,Vaslui,ELECTRICIAN DE ÎNTRETINERE SI REPARATII,1,829522
office@vertiqualsafety.com,VERTIQUAL ENGINEERING SRL,Altele,Mureș,CONFECTIONER MANUAL DE PRODUSE DIN SFORI SAU FRÂNGHII,2,25792968
office@vilaleonida.ro,S.C. MID CONSULTING S.R.L.,RESTAURANTE,Prahova,BUCATAR-SEF,1,3146427
office@vimercatiee.eu,VIMERCATI EAST EUROPE SRL,Producție / Logistică,Bacău,INGINER MENTENANTA SI REPARATII,2,22916476
office@vinstal.ro,SC V A ENGINEERING INSTAL SRL,Construcții / Instalații,Municipiul București,MUNCITOR NECALIFICAT LA SPARGEREA SI TAIEREA MATERIALELOR DE CONSTRUCTII,50,31667307
office@visaromania.ro,CARWASH LEMON,Altele,Municipiul București,SPALATOR VEHICULE,5,48573380
office@vitalmm.ro,VITAL SA,Altele,Maramureș,FUNCTIONAR ADMINISTRATIV,1,9710087
office@voltaelectric.ro,VOLTA ELECTRIC SRL,COMERT,Municipiul București,MENAJERA,1,18037606
office@voltax.ro,VOLTA X SOLAR SYSTEMS S.R.L.,Construcții / Instalații,,INGINER INSTALATII PENTRU CONSTRUCTII,1,15329177
office@wafeduo.ro,WAFE DUO PRODIMPEX S.R.L.,Producție / Logistică,Arad,LACATUS MECANIC DE ÎNTRETINERE SI REPARATII UNIVERSALE,1,3802548
office@westfruta.ro,SC GRAND HOTEL WEST SRL,RESTAURANTE,Bihor,LUCRATOR BUCATARIE (SPALATOR VASE MARI),4,45742557
office@woodexpertcluj.ro,WOODEXPERT SRL,Altele,Cluj,OPERATOR LA MASINI-UNELTE CU COMANDA NUMERICA,1,24460898
office@worksphere.ro,SC WORKSPHERE SRL,Construcții / Instalații,Municipiul București,"MUNCITOR NECALIFICAT LA DEMOLAREA CLADIRILOR, CAPTUSELI ZIDARIE, PLACI MOZAIC, FAIANTA, GRESIE, PARCHET",16,44262011
office@world-acdc.ro,WORLD ACDC INDUSTRY SRL,SERVICE AUTO,Giurgiu,MECANIC AUTO,2,27881719
office@yads.ro,YADS SERV SRL,Altele,Suceava,AGENT CURATENIE CLADIRI SI MIJLOACE DE TRANSPORT,1,19056754
office@zaleco.ro,ZALECO SRL,Producție / Logistică,Bihor,CONFECTIONER-ASAMBLOR ARTICOLE DIN CARTON,4,29159110
office@zip-escort.ro,ZIP ESCORT FIRE SRL,Altele,Constanța,SERVANT POMPIER,2,29935149
office@zipescort.ro,ZIP ESCORT SRL,SERVICII DE PAZA SI PROTECTIE,Constanța,AGENT DE SECURITATE,5,9948144
office@zoneintl.ro,ZONE INTERNATIONAL TRADING SRL,Producție / Logistică,Municipiul București,CONTROLOR CALITATE,1,29098099
oficce@aquaterm-green-energy.ro,AQUATERM GREEN ENERGY SRL,Altele,Botoșani,SUDOR,1,29830860
olimpia.croitor@trutzi.ro,TRUTZI SRL,COMERT,Prahova,MANIPULANT MARFURI,2,17898144
olivia.geamanu@boromir.ro,MOARA CIBIN SA,Producție / Logistică,Sibiu,INGINER ELECTROTEHNIST,1,785205
oneofus@xtensos.com,XTENSOS SOLUTIONS SRL,Altele,Cluj,ADMINISTRATOR BAZE DE DATE,2,37862935
ost-motion@gmx.com,S.C. OST MOTION SRL,Servicii transport / curierat,,Conducător auto transport rutier de mărfuri,5,27699424
otilia.sposob@trutziconstruct.ro,DURABILD PROJECT S.R.L.,Construcții / Instalații,Bacău,FIERAR BETONIST,2,42962728
oviarchitecture@ovigroup.ro,OVI ARCHITECTURE ENGINEERING S,Construcții / Instalații,Municipiul București,ZIDAR ROSAR-TENCUITOR,40,26625208
oviconstruction@ovigroup.ro,OVI CONSTRUCTIONREAL ESTATE,Construcții / Instalații,Ilfov,FIERAR BETONIST,30,26625216
paula.stanga@ewl.ro,EWL OUTSOURCING SOLUTIONS RO. S.R.L.,Altele,,MANIPULANT MARFURI,100,44906015
paula.voloaga@siliconservice.ro,SILICON SERVICE SRL,IT / Telecomunicații,Iași,INGINER DE SISTEM SOFTWARE,1,12552530
paula@ecuator.ro,ECUATOR COFFEE SERVICES S.R.L.,Vânzări,Suceava,AGENT DE VÂNZARI,1,33203451
payroll.bucharest@vistra.com,SANDHAR TECHNOLOGIES RO S.R.L.,Producție / Logistică,Brașov,"MUNCITOR NECALIFICAT LA ASAMBLAREA, MONTAREA PIESELOR",4,43852537
pchetan@aquaserv.ro,COMPANIA AQUASERV SA,Altele,Mureș,OPERATOR HIDRAULIC ÎN ALIMENTARILE CU APA,1,10755074
penny4323@penny.ro,REWE ROMANIA SRL,Retail,Ilfov,VÂNZATOR,1,13348610
pentruvoi@pentruvoi.ro,FUNDATIA PENTRU VOI,Altele,Timiș,CONSILIER/EXPERT/INSPECTOR/REFERENT/ECONOMIST ÎN ECONOMIE GENERALA,1,8577099
personal@adporadea.ro,ADMINISTRAŢIA DOMENIULUI PUBLIC SA,Altele,Bihor,MECANIC UTILAJ,1,7997507
personal@almera.ro,ALMERA INTERNATIONAL S.R.L.,Producție / Logistică,Bacău,MUNCITOR NECALIFICAT LA AMBALAREA PRODUSELOR SOLIDE SI SEMISOLIDE,2,8574866
personal@hora.ro,HORA SA,PRODUCTIE MOBILA,Mureș,STRUNGAR UNIVERSAL,1,1235579
personal@lazarservice.ro,LAZĂR SERVICE COM SRL,SERVICE AUTO,Gorj,ELECTRICIAN CONSTRUCTOR MONTATOR APARATAJ SI CABLURI DE JOASA TENSIUNE,3,2163560
personal@matalcomp.ro,METALCOMP INTERNATIONAL SRL,Altele,Arad,FEMEIE DE SERVICIU,2,11291754
personal@pieteprest.ro,PIEŢE PREST SA,Altele,Vâlcea,MUNCITOR NECALIFICAT ÎN SILVICULTURA,2,27289734
personal@plasttechnik.ro,SC QWINDOWS TECHNIK PROD SRL,Producție / Logistică,Cluj,MANIPULANT MARFURI,2,32736030
personal@reconcraiova.ro,RECON SA,Construcții / Instalații,Dolj,DULGHER (EXCLUSIV RESTAURATOR),6,5650870
personal@sccfgalati.ro,S.C. CONSTRUCTII FEROVIARE GAL,Construcții / Instalații,Galați,"MUNCITOR NECALIFICAT LA DEMOLAREA CLADIRILOR, CAPTUSELI ZIDARIE, PLACI MOZAIC, FAIANTA, GRESIE, PARCHET",4,1641933
personal@simpasibiu.ro,SIMPA SA,Producție / Logistică,Sibiu,MUNCITOR NECALIFICAT LA SPARGEREA SI TAIEREA MATERIALELOR DE CONSTRUCTII,3,785078
personale@tricorom.ro,TRICOROM SRL,FABRICAREA ARTICOLELOR DE IMBRACAMINTE,Olt,MUNCITOR NECALIFICAT ÎN INDUSTRIA CONFECTIILOR,2,11605601
petronela.rosu@agasi.ro,AGASI SRL,Construcții / Instalații,Timiș,LACATUS MECANIC,3,1819748
petru@dataserv.ro,AHL AUTO RENT SRL,Armată / Pază/ Protecție,,SPALATOR VEHICULE,1,10028726
ph.resurseumane@ro.post,COMPANIA NATIONALA POSTA ROMANA SA SUCURSALA PLOIESTI,Altele,Prahova,MANAGER DE PRODUS,1,40706456
piatraneamt.shoppingcity@lcwaikiki.com,LC WAIKIKI RETAIL RO SRL,COMERT,,MANIPULANT MARFURI,1,26054330
pitesti@tiab.ro,TIAB S.A. BUCURESTI,Construcții / Instalații,Argeș,ELECTRICIAN ÎN CONSTRUCTII,2,27101511
planning@bacrau.ro,TRUK-IERBAC SRL,Altele,Suceava,SOFER DE AUTOTURISME SI CAMIONETE,3,10103887
plasturo@plasturo.ro,PLAS-TURO SRL,COMERT,Vâlcea,SOFER DE AUTOTURISME SI CAMIONETE,1,9620618
poduryan86@mail.ru,TRANSPORTATION EXPRESS SRL,Servicii transport / curierat,,Conducător auto transport rutier de mărfuri,5,41981470
poemdesign@poem.ro,POEM DESIGN SRL,Altele,Harghita,TURNATOR PRODUSE CERAMICE,1,15196437
pontos.arabela@plimob.ro,PLIMOB SA,PRODUCTIE MOBILA,Maramureș,INGINER AUTOMATIST,1,2215286
popa.alexandra@dahuatech.com,DAHUA TECHNOLOGY SRL,FABRICAREA ARTICOLELOR DE IMBRACAMINTE,Municipiul București,MANAGER DE PRODUS,1,38669658
popa.mirela@rcti.ro,R.C.T.I. COMPANY SRL,Construcții / Instalații,Brașov,INSTALATOR INSTALATII TEHNICO-SANITARE SI DE GAZE,10,27549443
portik.tunde@t-business.ro,SZIGEPSZERK SRL,Producție / Logistică,Harghita,OPERATOR LA FABRICAREA CONSERVELOR DIN LEGUME SAU FRUCTE,5,43167917
prelucrare@centrudesticla.ro,GLASS MOUNTAIN SRL,Construcții / Instalații,Mureș,"MUNCITOR NECALIFICAT LA ASAMBLAREA, MONTAREA PIESELOR",3,33878602
publicitate@gorjeanul.ro,GORJEANUL SA,RESTAURANTE,Gorj,BUCATAR,1,2157533
quartz_electro@gmail.ro,QUARTZ ELECTRO SRL,COMERT,Vrancea,CONTABIL-SEF,2,24996781
r.man@bungalow.net,Green Valley Resort Management  & Hospitality SRL,Turism / Alimentație,Brașov,CAMERISTA HOTEL,1,46161250
r.platica@euromasters.ro,EUROMASTER SRL,COMERT,Ilfov,ÎNCARCATOR-DESCARCATOR,3,21708930
radu.manese@spreadhire.com,SPREADHIRE SRL,Resurse umane,Cluj,CONSILIER SI CONSULTANT JURIDIC,1,53188232
raluca-georgiana.manea@draexlmaier.com,DAR DRAXLMAIER AUTOMOTIVE SRL,Producție / Logistică,Timiș,TEHNICIAN MENTENANTA ELECTROMECANICA – AUTOMATICA ECHIPAMENTE INDUSTRIALE,7,26573648
raluca.bejinariu@solutiihr.ro,MAGNET TOTAL CONSTRUCT S.R.L.,Construcții / Instalații,,SUDOR,1,46137392
raluca.bratu@sedainvest.ro,SEDAINVEST SRL,Vânzări,Brașov,MAGAZINER,4,13043763
raluca.moiceanu@asee.io,ASEE SOLUTIONS S.R.L.,IT / Telecomunicații,Municipiul București,ANALIST SERVICII CLIENT,2,6614131
raluca.oprea@aliat-auto.ro,ALLSTAR PROD SRL,Producție / Logistică,Mureș,OPERATOR LA MASINI-UNELTE CU COMANDA NUMERICA,3,6626276
raluca@contaproject.ro,AI FOR GOOD S.R.L,IT / Telecomunicații,Cluj,PROGRAMATOR,1,50522035
raluca@crismus.ro,CRISMUS SRL,COMERT,Prahova,FEMEIE DE SERVICIU,1,2995475
raluca_enache@epam.com,EPAM SYSTEMS INTERNATIONAL,IT / Telecomunicații,Municipiul București,INGINER DE SISTEM SOFTWARE,2,33159615
ramona.duta@endurancelift.com,SC ENDURANCE LIFT SOLUTIONS INTERNATIONAL SRL,Producție / Logistică,Prahova,LACATUS MECANIC,2,22213107
ramona.grigorescu@tehnofluidsolutions.ro,SC TEHNO FLUID SOLUTIONS SRL,Construcții / Instalații,Argeș,"MUNCITOR NECALIFICAT LA DEMOLAREA CLADIRILOR, CAPTUSELI ZIDARIE, PLACI MOZAIC, FAIANTA, GRESIE, PARCHET",3,30815448
ramona.minciuna@hidroelectrica.ro,"SOCIETATEA DE PRODUCERE A ENERGIEI ELECTRICE IN HIDROCENTRALE ""HIDROELECTRICA"" BUCURESTI SA SUCURSALA HIDROCENTRALE CURTEA DE ARGES",Altele,Argeș,MASINIST LA INSTALATIILE HIDROTEHNICE DIN CENTRALE ELECTRICE,2,13358702
ramona.pop@transilvaniabroker.ro,TRANSILVANIA BROKER DE ASIGURARE S.A.,Altele,Municipiul București,REFERENT DE SPECIALITATE ASIGURARI,1,19044296
ramona.popa@ralmaking.ro,RMK WTEL SRL,IT / Telecomunicații,Cluj,ALPINIST UTILITAR,3,51019369
ramona.savoiu@opus.com.ro,OPUS LAND DEVELOPMENT SA,Altele,,AGENT DE VÂNZARI,1,19033882
ramona.tudorache@rciexpert.ro,RADULESCU P MARIA ISABELA-EXPERT CONTABIL,Contabilitate / Financiar,Municipiul București,CONTABIL,1,40007083
raul.avramut@termoproedil.ro,AGRO PELLET INDUSTRY S.R.L.,Construcții / Instalații,Bihor,MUNCITOR NECALIFICAT LA SPARGEREA SI TAIEREA MATERIALELOR DE CONSTRUCTII,1,38867434
receptie@casaema.ro,GEODENSIS TRANSCOM SRL,Sport / Artă / Divertisment,Bistrița-Năsăud,INSTALATOR RETELE TERMICE SI SANITARE,1,9787633
receptie@hotelrusca.ro,HEARTCORE S.R.L.,Altele,Hunedoara,OSPATAR (CHELNER),1,37730438
reception.desk@michelin.com,MICHELIN ROMANIA S.A.,Resurse umane,Ilfov,ANALIST SISTEME SALARIZARE,2,13663684
recrutare.bistrita@leoni.com,LEONI WIRING SYSTEMS RO SRL,Producție / Logistică,Bistrița-Năsăud,INGINER PRODUCTIE,3,12472414
recrutare.logistica@emag.ro,DANTE INTERNATIONAL SA,Producție / Logistică,Municipiul București,STIVUITORIST,1,14399840
recrutare.lugoj@lidl.ro,LIDL DISCOUNT SRL,COMERT,Bihor,AGENT CURATENIE CLADIRI SI MIJLOACE DE TRANSPORT,3,22891860
recrutare.ro@delonghigroup.com,DELONGHI ROMANIA SRL,Producție / Logistică,Cluj,MONTATOR ELECTROMECANIC,1,29527204
recrutare.ro@irsap.com,IRROM INDUSTRIE SRL,Producție / Logistică,Cluj,SUDOR,9,12398300
recrutare.selectie@tvr.ro,SOCIETATEA ROMANA DE TELEVIZIUNE TVR,Altele,Municipiul București,CAMERAMAN,1,8468440
recrutare.tm@iuliustown.ro,ATTRIUS DEVELOPMENTS SRL,Retail,Timiș,AGENT DE VÂNZARI,1,37160477
recrutare@alcedo.ro,ALCEDO SRL,COMERT,Alba,MANIPULANT MARFURI,1,350278
recrutare@cec.ro,CEC BANK SA,Altele,Bihor,ADMINISTRATOR CONT,1,361897
recrutare@chimcomplex.com,CHIMCOMPLEX S.A. BORZEŞTI SUCURSALA RÂMNICU VÂLCEA,Producție / Logistică,Vâlcea,FOCHIST PENTRU CAZANE DE ABUR SI DE APA FIERBINTE,5,40036445
recrutare@conestiasi.ro,CONEST SA,Construcții / Instalații,Iași,ELECTRICIAN ÎN CONSTRUCTII,1,1959695
recrutare@d-log.ro,DECOMAR LOGISTIC SRL,Producție / Logistică,Brașov,OPERATOR FABRICATIE FLUX,5,27396854
recrutare@darom.ro,DAROM SERVICII SUPORT S.R.L.,Altele,Dâmbovița,ÎNGRIJITOR CLADIRI,5,38919991
recrutare@delgaz-grid.ro,DELGAZ GRID S.A.,Altele,Mureș,INSTALATOR INSTALATII TEHNICO-SANITARE SI DE GAZE,2,10976687
recrutare@dennver.ro,DENNVERPROFI SRL,COMERT,Cluj,DEBITATOR SEMIFABRICATE,1,23286425
recrutare@diana.com,DIANA COM SRL,Retail,Dâmbovița,MANIPULANT MARFURI,10,14572789
recrutare@expur.ro,EXPUR SA,Specialiști / Tehnicieni,Ialomița,LABORANT DETERMINARI FIZICO-MECANICE,2,2091480
recrutare@fargrup.ro,FAR FOUNDATION SRL,Construcții / Instalații,Satu Mare,"MUNCITOR NECALIFICAT LA DEMOLAREA CLADIRILOR, CAPTUSELI ZIDARIE, PLACI MOZAIC, FAIANTA, GRESIE, PARCHET",4,26999270
recrutare@filadelfiagroup.ro,TABITA TOUR SRL,Servicii transport / curierat,Iași,Conducator auto transport rutier de persoane,8,15027110
recrutare@inovum.ro,INOVUM SRL,COMERT,Bihor,GESTIONAR DEPOZIT,1,28310745
recrutare@kik.ro,KIK TEXTILIEN UND NONFOOD S.R.L.,COMERT,Dâmbovița,LUCRATOR COMERCIAL,2,38530322
recrutare@medicover.ro,MEDICOVER SRL,Medicină / Sănătate /Psihoterapie,Municipiul București,FUNCTIONAR INFORMATII CLIENTI,2,15446991
recrutare@mercedes-benz.com,STAR TRANSMISSION SRL,Producție / Logistică,Alba,"TEHNICIAN/TEHNICIAN RESPONSABIL AFACERE, METODE LOGISTICA",1,14179039
recrutare@musa.ro,MUSAPITESTI96 SRL,Producție / Logistică,Argeș,INGINER PRODUCTIE,2,8876104
recrutare@nuclearelectrica.ro,SOCIETATEA NAŢIONALĂ NUCLEARELECTRICA SA BUCUREŞTI SUCURSALA CNE CERNAVODĂ,Altele,Constanța,INGINER CENTRALE NUCLEAROELECTRICE,2,22554619
recrutare@panduit.com,PANDUIT EUROPEAN SOLUTIONS SRL,IT / Telecomunicații,Arad,PRESATOR METALE LA RECE,2,24834097
recrutare@pepco.eu,PEPCO RETAIL SRL,Retail,,CASIER,1,31477663
recrutare@returosgr.ro,RETURO SISTEM GARANŢIE RETURNARE S.A.,Contabilitate / Financiar,Municipiul București,CONTROLOR FINANCIAR,1,45721171
recrutare@rondo-ganahl.com,RONDOCARTON SRL,Producție / Logistică,Cluj,SPECIALIST RESURSE UMANE,1,10208549
recrutare@ropost.ro,COMPANIA NATIONALA POSTA ROMANA SA BUCURESTI SUCURSALA CLUJ NAPOCA,Altele,Bihor,CURIER,1,40717196
recrutare@simply.ro,ITC NETWORK CENTER SRL,Altele,,"MUNCITOR NECALIFICAT LA DEMOLAREA CLADIRILOR, CAPTUSELI ZIDARIE, PLACI MOZAIC, FAIANTA, GRESIE, PARCHET",2,31586059
recrutare@simplyhr.ro,2A FASONARE OȚEL S.R.L.,Construcții / Instalații,Argeș,FIERAR BETONIST,5,40341171
recrutare@terasteel.ro,TERASTEEL S.A.,Construcții / Instalații,Călărași,"MUNCITOR NECALIFICAT LA ASAMBLAREA, MONTAREA PIESELOR",3,6694483
recrutare@wittenstein.ro,S.C. WITTENSTEIN S.R.L.,Producție / Logistică,Sibiu,OPERATOR LA MASINI-UNELTE CU COMANDA NUMERICA,1,18187115
recrutareeer@eon-romania.ro,E.ON ENERGIE ROMANIA,Altele,Mureș,INGINER DE SISTEM ÎN INFORMATICA,2,22043010
res.umane-p@maergroup.com,MAER IMPORT EXPORT SRL,Construcții / Instalații,Tulcea,MUNCITOR NECALIFICAT LA SPARGEREA SI TAIEREA MATERIALELOR DE CONSTRUCTII,10,4491385
reservation@grandhotelcaraiman.ro,BARON-SERVICE SRL,Turism / Alimentație,Constanța,CAMERISTA HOTEL,10,6001935
resumane@cluj.rosilva.ro,REGIA NATIONALA A PADURILOR ROMSILVA RA DIRECTIA SILVICA CLUJ,Altele,Cluj,PADURAR,1,252148
resurse-umane@roweni-industrie.ro,RO.WE.NI INDUSTRIE SRL,PRODUCTIE MOBILA,Vrancea,"MUNCITOR NECALIFICAT LA ASAMBLAREA, MONTAREA PIESELOR",3,15116900
resurse.das@sibiu.ro,DIRECTIA DE ASISTENTA SOCIALA SIBIU - CONSILIUL LOCAL AL MUN SIBIU,ASISTENTA SOCIALA,Sibiu,SEF SERVICIU INSTITUTIE PUBLICA,1,14387889
resurse.umane@academiatm.ro,ACADEMIA ROMANA FILIALA TIMISOARA,Agricultură / Zootehnie,Timiș,CERCETATOR ÎN AGRICULTURA,2,5313351
resurse.umane@adlo.ro,AGENTIA DE DEZVOLTARE LOCALA ORADEA S.A,STAT,Bihor,SPECIALIST IN ACHIZITII,1,24734055
resurse.umane@afiliu.ro,AFILIU TRANS SRL,Agricultură / Zootehnie,Prahova,ELECTRICIAN DE ÎNTRETINERE SI REPARATII,2,9162146
resurse.umane@apaoradea.ro,COMPANIA DE APA ORADEA SA,Altele,Bihor,"INSTALATOR APA, CANAL",1,54760
resurse.umane@artagrafica.ro,IMPRIMERIA ARTA GRAFICA,Producție / Logistică,Municipiul București,LEGATOR MANUAL (ÎN POLIGRAFIE SI ATELIERE SPECIALE),1,24889769
resurse.umane@casapanciu.ro,NATURA SRL,Agricultură / Zootehnie,Vrancea,Conducător auto transport rutier de mărfuri,1,18329244
resurse.umane@classbeton.ro,CLASS IMOB PROIECT SRL,Construcții / Instalații,Prahova,MASINIST LA MASINI PENTRU TERASAMENTE (IFRONIST),1,48240075
resurse.umane@cnir.ro,COMPANIA NAŢIONALĂ DE INVESTIŢII RUTIERE S.A.,Inginerie,Municipiul București,"INGINER CONSTRUCTII CIVILE, INDUSTRIALE SI AGRICOLE",1,36727850
resurse.umane@confectiibarlad.ro,CONFECTII BIRLAD SA,FABRICAREA ARTICOLELOR DE IMBRACAMINTE,Vaslui,"OPERATOR CONFECTIONER INDUSTRIAL ÎMBRACAMINTE DIN TESATURI, TRICOTAJE, MATERIALE SINTETICE",3,2808208
resurse.umane@decsic-voluntari.ro,DIRECTIA EDUCATIE CULTURAL SPORTIVA SI IDENTITATE COMUNITARA,STAT,Ilfov,INSPECTOR DE SPECIALITATE ÎN ADMINISTRATIA PUBLICA,3,18402914
resurse.umane@delaco.ro,DELACO DISTRIBUTION SA,COMERT,Brașov,Manager clienti stategici,1,11411737
resurse.umane@eco-sal.ro,S.C. ECO - SAL S.A.,Altele,Sibiu,LUCRATOR PENTRU SALUBRIZARE CAI PUBLICE,5,24898139
resurse.umane@eurogassystems.com,EURO GAS SYSTEMS SRL,Producție / Logistică,Mureș,SUDOR,4,26557103
resurse.umane@euromaster.com,EUROMASTER TYRE&SERVICES ROMANIA SA,SERVICE AUTO,Municipiul București,VULCANIZATOR PIESE DIN CAUCIUC LA PRESE,1,25872595
resurse.umane@euromaterna.ro,EUROMATERNA SA,Medicină / Sănătate /Psihoterapie,Constanța,ASISTENT MEDICAL GENERALIST,2,18798585
resurse.umane@expocar.ro,SC EXPOCAR TRADE SRL,Altele,Constanța,ELECTRICIAN AUTO,1,18273640
resurse.umane@gep-cluj.com,GLOBAL ENERGY PRODUCTS SRL,Altele,Cluj,MUNCITOR NECALIFICAT ÎN METALURGIE,10,25261397
resurse.umane@gepex.ro,GEPEX SRL,RESTAURANTE,Bacău,BARMAN,2,3413664
resurse.umane@instalship.ro,INSTALSHIP STEELWORK SRL,Construcții / Instalații,Galați,SUDOR,10,33179450
resurse.umane@kastamonu.ro,KASTAMONU ROMANIA SA,Producție / Logistică,Mureș,OPERATOR LA MASINI-UNELTE SEMIAUTOMATE SI AUTOMATE,5,1235668
resurse.umane@miralinstal.ro,MIRAL INSTAL COMPANY SRL,Construcții / Instalații,Municipiul București,SUDOR,5,15198012
resurse.umane@olgagudynn.ro,LICEUL BILIGVN ''OLGA GUDYNN'',Educație / Training / Coaching,Ilfov,SEF CATEDRA,1,39700549
resurse.umane@osrs.ro,ONE STAR RAIL SECURITY SRL,Armată / Pază/ Protecție,Constanța,"MANAGER MARKETING (TARIFE, CONTRACTE, ACHIZITII)",1,44686661
resurse.umane@profish.ro,PROFISH UNLIMITED S.R.L.,Altele,Bacău,VÂNZATOR,1,41378276
resurse.umane@radacini.ro,RADACINI MOTORS SRL,Vânzări,Municipiul București,AGENT DE VÂNZARI,1,17083558
resurse.umane@ramadasibiu.ro,PREMIER HOTEL MANAGEMENT SIBIU SRL,Altele,Sibiu,CAMERISTA HOTEL,5,50014690
resurse.umane@scurbansaslobozia.ro,URBAN SA,Altele,,OPERATOR INSTALATII APA SI CANALIZARE,3,11316859
resurse.umane@som.ro,MEDEX VITAL SERV SRL,Medicină / Sănătate /Psihoterapie,Mureș,ÎNGRIJITOR SPATII VERZI,1,38192027
resurse.umane@staff.utcluj.ro,UNIVERSITATEA TEHNICA DIN CLUJ,Educație / Training / Coaching,Cluj,ASISTENT DE CERCETARE ÎN CALCULATOARE,2,4288306
resurse.umane@talisman-cosnult.ro,AMORY LONDON RETAIL SRL,COMERT,Municipiul București,LUCRATOR COMERCIAL,1,52459392
resurse.umane@testergrup.ro,CASA AUTO SRL,SERVICE AUTO,Iași,CURATITOR-SABLATOR,1,8885439
resurse.umane@valoris.ro,VALORIS CENTER SRL,Call center / Suport clienți,Municipiul București,"OPERATOR INTRODUCERE, VALIDARE SI PRELUCRARE DATE",2,18602432
resurse.umane@vasion.ro,VASION SRL,Altele,Bacău,MANIPULANT MARFURI,2,992154
resurse.umane@xavitel.ro,SC XAV MEDIA SRL,Construcții / Instalații,Vâlcea,"MUNCITOR NECALIFICAT LA DEMOLAREA CLADIRILOR, CAPTUSELI ZIDARIE, PLACI MOZAIC, FAIANTA, GRESIE, PARCHET",3,30286495
resurse44@dedeman.ro,DEDEMAN SRL,Retail,Neamț,VÂNZATOR,1,2816464
resurse@baumnet.com,BAUM AMUSEMENT SRL,Altele,,BUCATAR,1,36189394
resurse@zalau.rosilva.ro,REGIA NAŢIONALĂ A PĂDURILOR ROMSILVA RA SUCURSALA DIRECŢIA SILVICĂ SĂLAJ,Altele,Sălaj,PADURAR,1,13734491
resursel1@dedeman.ro,DEDEMAN SRL,Producție / Logistică,Ilfov,LUCRATOR GESTIONAR,1,2816464
resurseumane.oradea@metro.ro,METRO CASH CARRY ROMANIA SRL,COMERT,Bihor,LUCRATOR COMERCIAL,4,8119423
resurseumane@blashine.ro,BLA SHINE SRL,Au pair / Babysitter / Curățenie,Cluj,AGENT CURATENIE CLADIRI SI MIJLOACE DE TRANSPORT,1,30981661
resurseumane@businesspromotion.ro,JOAKIM MAGIC TOUCH S.R.L.,RESTAURANTE,Sibiu,LUCRATOR COMERCIAL,1,37939001
resurseumane@cia-aboliv.ro,C I A ABOLIV SRL,Producție / Logistică,Cluj,MUNCITOR NECALIFICAT LA AMBALAREA PRODUSELOR SOLIDE SI SEMISOLIDE,2,2872537
resurseumane@cinar.ro,ANDREEAS 95 EXIM SRL,PRODUCTIA SI CONSERVAREA CARNII,,"OPERATOR INTRODUCERE, VALIDARE SI PRELUCRARE DATE",1,7324845
resurseumane@citadina98.ro,CITADINA 98 SA,Construcții / Instalații,Galați,"INSTALATOR APA, CANAL",1,1634561
resurseumane@civitasgroup.ro,CIVITAS P.S.G. S.A.,Armată / Pază/ Protecție,Dolj,PAZNIC,1,15074871
resurseumane@cjbrasov.ro,CONSILIUL JUDETEAN BRASOV,Legislativ / Juridic / Funcții Publice,Brașov,CONSILIER ADMINISTRATIA PUBLICA,1,4384150
resurseumane@clinicaromgermed.ro,ST LUKAS CLINIC ,Medicină / Sănătate /Psihoterapie,,FEMEIE DE SERVICIU,3,24664944
resurseumane@cmdeltaapparel.ro,SC CM Delta Apparel Romania SA,Retail,Municipiul București,LUCRATOR COMERCIAL,7,13848950
resurseumane@comunahorodnicenisv.ro,COMUNA HORODNICENI,ASISTENTA SOCIALA,Suceava,ASISTENT PERSONAL AL PERSOANEI CU HANDICAP GRAV,1,4326833
resurseumane@crosta.ro,CROSTA SRL,COMERT,Iași,VÂNZATOR,2,15793982
resurseumane@dabauto.ro,DAB AUTO SERV SRL,SERVICE AUTO,Municipiul București,ELECTRICIAN AUTO,1,12734167
resurseumane@dgaspcbt.ro,DIRECTIA GENERALA DE ASISTENTA SOCIALA SI PROTECTIA COPILULUI,ASISTENTA SOCIALA,Botoșani,PSIHOLOG ÎN SPECIALITATEA PSIHOLOGIE CLINICA,1,17093020
resurseumane@divingarden.com,DIVINGARDEN SRL,Altele,,PORTAR,1,35069608
resurseumane@drdpct.ro,COMPANIA NAŢIONALĂ DE ADMINISTRARE A INFRASTRUCTURII RUTIERE S.A.,Altele,Constanța,MASINIST LA MASINI PENTRU TERASAMENTE (IFRONIST),1,16054368
resurseumane@ecuator.ro,ECUATOR SRL,Vânzări,Suceava,AGENT DE VÂNZARI,1,2560861
resurseumane@epinvest.ro,EPINVEST SRL,COMERT,Cluj,REPREZENTANT COMERCIAL,1,6541951
resurseumane@grupprimacons.ro,GRUP PRIMACONS SRL,Construcții / Instalații,Olt,CONSILIER/EXPERT/INSPECTOR/REFERENT/ECONOMIST ÎN ECONOMIE GENERALA,1,6341643
resurseumane@jsssecurity.ro,JUSTICE SECURITY SERVICES SRL,SERVICII DE PAZA SI PROTECTIE,Dolj,AGENT DE SECURITATE,2,29229739
resurseumane@lexprotect.ro,LEX PROTECT BUZĂU SRL,SERVICII DE PAZA SI PROTECTIE,Timiș,AGENT DE SECURITATE,3,4595335
resurseumane@lucatraditie.ro,TINERVIS GROUP SRL,Turism / Alimentație,Argeș,LUCRATOR BUCATARIE (SPALATOR VASE MARI),3,27329545
resurseumane@luscancom.ro,LUSCAN COM SRL,Altele,Municipiul București,FEMEIE DE SERVICIU,1,1148138
resurseumane@ortoprofil.ro,ORTOPROFIL PROD ROMANIA SRL,Medicină / Sănătate /Psihoterapie,Sibiu,FUNCTIONAR INFORMATII CLIENTI,1,6877197
resurseumane@partnerdrinks.ro,SC PARTNER DRINKS SRL,Altele,Bihor,GESTIONAR DEPOZIT,2,32061090
resurseumane@primariapitesti.ro,PRIMARIA MUNICIPIULUI PITESTI,Altele,Argeș,ARHIVAR,1,4317967
resurseumane@radicstar.ro,RADICSTAR SRL,Producție / Logistică,Argeș,TEHNICIAN VETERINAR,1,4917490
resurseumane@rbcgas.ro,ROMBEER CRINGASU SRL,Contabilitate / Financiar,Prahova,FUNCTIONAR ECONOMIC,2,6850671
resurseumane@secured-sr.ro,SECURED SR S.R.L.,Armată / Pază/ Protecție,Brașov,AGENT DE SECURITATE,4,15554640
resurseumane@sfsava.ro,RED HOSPITAL - SPITALUL SF. SAVA S.R.L.,Medicină / Sănătate /Psihoterapie,Iași,ASISTENT MEDICAL GENERALIST,1,48097715
resurseumane@srr.ro,SOCIETATEA ROMANA DE RADIODIFUZIUNE,IT / Telecomunicații,,TEHNICIAN ECHIPAMENTE DE CALCUL SI RETELE,1,8296093
resurseumane@stera.ro,PROFLEX PLOIESTI PH SRL,COMERT,Prahova,MANIPULANT MARFURI,1,37634228
resurseumane@transagape.ro,TRANS AGAPE SRL,Producție / Logistică,Sibiu,MUNCITOR NECALIFICAT LA AMBALAREA PRODUSELOR SOLIDE SI SEMISOLIDE,5,6269971
resurseumane@usamv.ro,USAMV STATIUNEA DIDACTICA EXPE,Agricultură / Zootehnie,Cluj,SEF FERMA AGRICOLA (AGROZOOTEHNICA),1,13897480
resurseumane@usamvcluj.ro,UNIVERSITATEA DE STIINTE AGRIC,Altele,Cluj,"AGENT DEZINFECTIE, DERATIZARE, DEZINSECTIE",1,4288381
resurseumane@vivaconstructdeva.ro,VIVA CONSTRUCT SRL,Servicii transport / curierat,Hunedoara,Conducător auto transport rutier de mărfuri,1,16034220
resusrseumaned@primariabarlad.ro,MUNICIPIUL BARLAD,STAT,Vaslui,SEF SERVICIU INSTITUTIE PUBLICA,2,4539912
rezervari@hotelgrand.ro,GRAND SA,Turism / Alimentație,Mureș,FEMEIE DE SERVICIU,1,1208434
ritadaniela.baka@weidmueller.com,WEIDMÜLLER INTERFACE ROMANIA SRL,Producție / Logistică,Maramureș,"MUNCITOR NECALIFICAT LA ASAMBLAREA, MONTAREA PIESELOR",20,17050356
ro-hraccount@alef.com,ALEF DISTRIBUTION RO,Producție / Logistică,Municipiul București,ASISTENT COMERCIAL,1,37561959
ro_hr_admin@bat.com,BRITISH AMERICAN TOBACCO (ROMA,Altele,Municipiul București,SEF SERVICIU MARKETING,1,8808452
robert@vitalberry.ro,VITAL BERRY PRODUCTION SRL,Agricultură / Zootehnie,,MUNCITOR NECALIFICAT ÎN AGRICULTURA,1,18691928
roberto.ababei@maxestate.ro,MAX RISTORANTE ITALIANO S.R.L.,Altele,Municipiul București,AJUTOR OSPATAR,3,50991147
rockwool-hrpayroll.ro@forvismazars.com,ROCKWOOL ROMANIA,Producție / Logistică,Municipiul București,CONSILIER TEHNIC,1,10863700
rodica.carcu@caro-holding.ro,SC VERDENA GARDEN GROUP SRL,Altele,,AMBALATOR MANUAL,2,15252430
rodica@peruvision.ro,PERUVISION SRL,Construcții / Instalații,Timiș,MUNCITOR NECALIFICAT LA SPARGEREA SI TAIEREA MATERIALELOR DE CONSTRUCTII,1,5187911
rodicapop@ildibau.ro,ILDIBAU SRL,Construcții / Instalații,Bistrița-Năsăud,ZIDAR ROSAR-TENCUITOR,1,24913824
romania.office@comau.com,COMAU ROMANIA,Contabilitate / Financiar,Bihor,CONTABIL-SEF,1,58924
romania.visa.agent@huawei.com,HUAWEI TECHNOLOGIES SRL,Management,Municipiul București,MANAGER APROVIZIONARE,1,20567140
romaniahr@evalueserve.com,EVALUESERVE SRL,Management,Cluj,ANALIST FINANCIAR,1,23772107
romaniahr@harting.com,HARTING ROMÂNIA MANUFACTURING SCS,Producție / Logistică,Sibiu,"MUNCITOR NECALIFICAT LA ASAMBLAREA, MONTAREA PIESELOR",2,15486112
roumanie@dedinne.com,DEMGY FĂGĂRAȘ S.R.L.,Altele,Brașov,AMBALATOR MANUAL,5,16872847
roxana.andreoiu@distributie-energie.ro,DISTRIBUȚIE ENERGIE ELECTRICĂ ROMANIA S.A.,Altele,Prahova,ELECTRICIAN EXPLOATARE CENTRALE SI STATII ELECTRICE,11,14476722
roxana.boangar@cws.com,CWS GLOBAL BUSINESS SERVICES S.R.L.,Vânzări,Sibiu,FUNCTIONAR INFORMATII CLIENTI,4,41092753
roxana.constantin@cabuzau.ro,COMPANIA DE APĂ SA,Altele,Buzău,INSTALATOR RETELE TERMICE SI SANITARE,1,22987337
roxana.craciun@medicover.ro,MEDICOVER HOSPITALS SRL,Medicină / Sănătate /Psihoterapie,Municipiul București,ASISTENT MEDICAL GENERALIST,3,28890251
roxana.tulin@asahibeer.ro,URSUS BREWERIES S.A. BUCUREŞTI SUCURSALA BUZĂU,Producție / Logistică,Buzău,INGINER-SEF INDUSTRIA PRELUCRATOARE,1,10957340
rsu1puls@termoficareoradea.ro,TERMOFICARE ORADEA S.A.,Altele,Bihor,INSTALATOR ÎNCALZIRE CENTRALA SI GAZE,1,31952982
rtg@romturingia.ro,ROMTURINGIA SRL,Producție / Logistică,Argeș,LACATUS MECANIC,1,6277265
ru.bv@arabesque.ro,ARABESQUE SRL,Administrativ / Secretariat,Brașov,MANIPULANT MARFURI,1,5340801
ru@centrul.com,CENTRUL DE CALCULATOARE SRL,COMERT,Caraș-Severin,AGENT DE VÂNZARI,2,15715771
ru@dpponesti.ro,DOMENIU PUBLIC ŞI PRIVAT ONEŞTI SA,Construcții / Instalații,Bacău,SEF SECTOR (SECTIE) DRUMURI-PODURI,1,27231643
ru@primariabod.ro,PRIMARIA COMUNEI BOD,STAT,Brașov,ASISTENT MEDICAL COMUNITAR,1,4777213
runos@smploiesti.ro,SPITALUL MUNICIPAL PLOIESTI,Medicină / Sănătate /Psihoterapie,Prahova,TÂMPLAR UNIVERSAL,1,2844227
runos@spitalulmavromati.ro,SPITALUL JUDETEAN DE URGENTA MAVROMATI,Medicină / Sănătate /Psihoterapie,Botoșani,MEDIC REZIDENT,1,4557951
sal.invest@iahoo.com,SAN INVEST BUILDING S.R.L.,Construcții / Instalații,Bistrița-Năsăud,"MUNCITOR NECALIFICAT LA DEMOLAREA CLADIRILOR, CAPTUSELI ZIDARIE, PLACI MOZAIC, FAIANTA, GRESIE, PARCHET",3,39299596
salarizare@ifcont.ro,AUTOMAS GARAGE S.R.L.,SERVICE AUTO,Cluj,TINICHIGIU CAROSIER,1,37363951
sales@motoemotion.ro,MOTO E MOTION SRL,COMERT,Timiș,REPREZENTANT COMERCIAL,3,29698638
sales@play-solutions.ro,P&A SOLUTIONS SRL,Construcții / Instalații,,ZUGRAV,1,50318672
samia@globalconnectingpeople.ro,VOICU ELENA-PETRONELA,Altele,Ilfov,MENAJERA,1,2941124341398
samira@globalconnectingpeople.ro,DUMITRU ALEXANDRA-MIHAELA,Altele,Municipiul București,GUVERNANTA,2,2811008410108
sanca@delfingen.com,DELFINGEN RO TRANSILVANIA SRL,Producție / Logistică,Arad,OPERATOR MASE PLASTICE,2,17981940
satumare@medima.ro,EDOMED RELIFE SRL,Medicină / Sănătate /Psihoterapie,Satu Mare,REPREZENTANT MEDICAL,1,30119438
sbanu@proleasing.ro,PROLEASING MOTORS SRL,COMERT,Prahova,AGENT DE VÂNZARI,1,18877620
sebastian.chetan@guidetech.ro,GUIDETECH INNOVATION S.R.L.,Vânzări,Cluj,REPREZENTANT COMERCIAL,2,48765458
secretariat.cmrts@meteoromania.ro,DIRECTIA  METEOROLOGICA REGIONALA TRANSILVANIA SUD,Altele,Harghita,METEOROLOG (STUDII SUPERIOARE),1,11715213
secretariat@betak.ro,BETAK SA,Producție / Logistică,Bistrița-Năsăud,Conducător auto transport rutier de mărfuri,1,573768
secretariat@brenneka.com,S.C.BRENNEKA INSTALL SRL,Construcții / Instalații,Bacău,MAISTRU INSTALATOR ÎN CONSTRUCTII,1,31612697
secretariat@cecinstgroup.ro,CEC INSTGROUP S.R.L.,Altele,Mureș,MUNCITOR NECALIFICAT LA SPARGEREA SI TAIEREA MATERIALELOR DE CONSTRUCTII,5,40304920
secretariat@cramabeciu.ro,CASA DE VINURI BECIU S.R.L.,Vânzări,Argeș,LUCRATOR COMERCIAL,1,18273704
secretariat@depogazploiesti.ro,"SNGN ""ROMGAZ"" SA-FILIALA DE ÎNMAGAZINARE GAZE NATURALE DEPOGAZ PLOIESTI SRL",Altele,Dâmbovița,OPERATOR EXTRACTIE GAZE,3,34915261
secretariat@dstt.ro,TEATRUL GERMAN DE STAT TIMISOA,Administrativ / Secretariat,Timiș,REFERENT DE SPECIALITATE ÎN ADMINISTRATIA PUBLICA,2,5016490
secretariat@efe-europa.ro,EFE EUROPA CONSTRUCTION S.R.L.,Construcții / Instalații,Municipiul București,CONTABIL,1,42782395
secretariat@elco-giurgiu.ro,ELECTROCONSTRUCTIA ELCO GIURGIU SA,Construcții / Instalații,Tulcea,ELECTRICIAN ÎN CONSTRUCTII,1,3352672
secretariat@fuslesecurity.ro,FUȘLE SISTEME DE SECURITATE S.R.L.,SERVICII DE PAZA SI PROTECTIE,Satu Mare,TEHNICIAN ENERGETICIAN/ELECTRICIAN,4,46340973
secretariat@nucinmob.ro,BUCIN MOB SRL,PRODUCTIE MOBILA,Mureș,TÂMPLAR UNIVERSAL,5,3840525
secretariat@rocomes.ro,ROCOMES SRL,Producție / Logistică,Bihor,SPECIALIST IN ACHIZITII,1,14950604
secretariat@securytas.ro,SECURYTAS SYSTEMS SRL,SERVICII DE PAZA SI PROTECTIE,Prahova,AGENT DE SECURITATE INTERVENȚIE,1,16889954
secretariat@shsdynamic.ro,SHS DYNAMIC INSTAL SRL,Construcții / Instalații,Municipiul București,ELECTRICIAN ÎN CONSTRUCTII,3,23132299
secretariat@sphd.ro,SPITALUL MUNICIPALDR. ALEXAN,Medicină / Sănătate /Psihoterapie,Hunedoara,LUCRATOR BUCATARIE (SPALATOR VASE MARI),1,5453860
secretariat@sudometal.com,SUDOMETAL SRL,Altele,Bacău,INGINER MECANIC,1,13186836
secretariat@tusnad.ro,TUSNAD SA,Medicină / Sănătate /Psihoterapie,Harghita,KINETOTERAPEUT,1,4241753
secretariatscoala@ioanid.com,FUNDATIA BLUE PLANET,Educație / Training / Coaching,Municipiul București,"PROFESOR ÎN ÎNVATAMÂNTUL LICEAL, POSTLICEAL",1,19060577
sedcom_ru@sedcom.ro,SEDCOM LIBRIS SA IASI,COMERT,Iași,LIBRAR,1,1972163
sediu@muzeulbrailei.ro,MUZEUL BRAILEI CAROL I,Altele,Brăila,EXPERT ACHIZITII PUBPLICE,1,5217575
sergiu.mihalache@testergrup.ro,CENTRO IMOBILIARE SRL,Inginerie,Iași,SPECIALIST DOCUMENTATIE STUDII,1,4981476
sergiu.opris@promold.ro,PROMOLD SIB S.R.L.,Producție / Logistică,,FREZOR UNIVERSAL,1,40544060
service@edmontondiesel.ro,EDMONTON DOCTOR MOTOR S.R.L.,SERVICE AUTO,,MECANIC AUTO,1,44802553
service@soauto.ro,SO AUTO IMPEX SRL,SERVICE AUTO,Sibiu,MECANIC AUTO,2,25352150
siemens.ro@siemens.com,SIEMENS SRL,Inginerie,Municipiul București,INGINER ELECTRICIAN,3,7614474
silvana.mateiu@upt.ro,UNIVERSITATEA POLITEHNICA TIMISOARA,Educație / Training / Coaching,Timiș,"SECRETAR INSTITUT, FACULTATE",1,4269282
silvia@frudisiac.ro,ARMEDI FOOD SRL,Altele,Municipiul București,AJUTOR BUCATAR,5,46144381
simona.ana@rhein-vision.com,RHEIN VISION SRL,Altele,Prahova,CONTROLOR FINANCIAR,1,29582829
simona.boromiz@ces.eu,CESROM SRL,Altele,Sibiu,PROGRAMATOR,1,16706240
simona.cernica@evoconcept.ro,EVO CONCEPT FM SRL,Altele,Municipiul București,TÂMPLAR UNIVERSAL,1,34642048
simona.gugiu@dicorland.ro,DICOR LAND SRL,Agricultură / Zootehnie,Galați,AGENT DE VÂNZARI,1,28881164
simona.radu@marmosim.ro,MARMOSIM SA,Altele,Hunedoara,MASINIST LA MASINI PENTRU TERASAMENTE (IFRONIST),1,2150373
simona.simion@blueoffice.ro,BLUE OFFICE TRADING SRL,Vânzări,Ilfov,GESTIONAR DEPOZIT,1,34545118
simona.stancu@clinicadentalex.ro,SC DENTALEX SRL,Medicină / Sănătate /Psihoterapie,Dolj,ASISTENT DE MEDICINĂ DENTARĂ,4,15972660
sm884@primark.com,PRIMARK MAGAZINE S.R.L.,Retail,Cluj,MANAGER RESURSE UMANE,1,44875482
social@atelierefarafrontiere.ro,ASOCIATIA ATELIERE FARA FRONTI,Altele,Municipiul București,LUCRATOR SORTATOR DESEURI RECICLABILE,2,23989280
sonia.lonca@skyline-engineering.ro,SKYLINE ENGINEERING SRL,Construcții / Instalații,Cluj,OPERATOR LA MASINI-UNELTE CU COMANDA NUMERICA,2,30835569
sorin.dan@sabisor.ro,ROSIBAS FLUID SRL,Construcții / Instalații,Harghita,VÂNZATOR,1,36955807
sorin.pop@dspmediacons.ro,DSP MEDIACONS SRL,Altele,Bihor,FEMEIE DE SERVICIU,1,30450201
sorina.mutnean@distributie-energie.ro,DISTRIBUȚIE ENERGIE ELECTRICĂ ROMANIA S.A.,Altele,Cluj,INGINER ELECTROENERGETICA,3,14476722
sorina.tudor@pachiravalven.com,PACHIRA & VALVEN SRL,Altele,Constanța,TUBULATOR NAVAL,50,28312746
sorinalb1904@gmil.com,MAŞINI DE CUSUT ONE SRL,COMERT,Alba,"MECANIC INTRETINERE SI REPARATII UTILAJE DIN INDUSTRIA TEXTILA, CONFECTII SI INCALTAMINTE",1,48793873
spital@spitmunor.ro,SPITALUL MUNICIPAL ORASTIE,Medicină / Sănătate /Psihoterapie,Hunedoara,ASISTENT MEDICAL GENERALIST,1,5808334
stanciu@pro-vest.ro,ASOCIATIA EUROPEANA PENTRU TINERET SI DEZVOLTARE CULTURALA SI SOCIALA,Contabilitate / Financiar,Argeș,MANAGER FINANCIAR,1,32421172
statusmet2025@gmaio.com,NICHTVISION SERVICE SRL,SERVICE AUTO,,MECANIC AUTO,1,52237744
stefan.almasan@flora.com,FLARO PROD SA,Producție / Logistică,Sibiu,MONTATOR SUBANSAMBLE,4,17956636
stefan.daniela@ymail.com,SC ALY KAT NEW SOLUTIONS SRL,PRODUCTIE MOBILA,Argeș,TÂMPLAR UNIVERSAL,1,28388612
stefan.raicu@ravauto.ro,SC RAVAUTO COLOR SRL,SERVICE AUTO,Gorj,"MUNCITOR NECALIFICAT LA ASAMBLAREA, MONTAREA PIESELOR",1,32979641
stefan@straciug.com,SC ALIZEU SRL,COMERT,Vaslui,VÂNZATOR,1,7601946
stefana.spatacean@diaverum.com,DIAVERUM ROMANIA SRL,Medicină / Sănătate /Psihoterapie,Mureș,ÎNGRIJITOARE LA UNITATI DE OCROTIRE SOCIALA SI SANITARA,1,25934329
stefana.stoenescu@vait.ro,NHR AGROPARTNERS SRL,COMERT,Ilfov,logistician responsabil comenzi,1,11946536
stefania.banaru@credius.ro,S.C. CREDIUS IFN S.A.,Altele,Municipiul București,ANALIST CREDITE,1,31534882
stela.moscalu@iuliusmall.com,IULIUS REAL ESTATE SRL,Construcții / Instalații,Iași,DESENATOR TEHNIC,1,22844795
syrinx@syrinx.ro,SC SYRINX SRL,Altele,Harghita,"INSTALATOR APA, CANAL",1,516860
szabolcs.pal@csikisor.hu,PITYÓKA GYÁR SRL,Producție / Logistică,Harghita,MANIPULANT MARFURI,3,36943845
ta@zitec.com,ZITEC,IT / Telecomunicații,Municipiul București,MANAGER,1,15496736
tdro.hr@tdcx.com,TDCX (EUROPE) SRL,Altele,Municipiul București,AGENT SERVICII CLIENT,5,43892736
tehnic@atimo.ro,ATIMO PROJECT S.R.L.,Construcții / Instalații,Bistrița-Năsăud,INSTALATOR INSTALATII TEHNICO-SANITARE SI DE GAZE,2,38992313
tehnic@secure-sys.ro,Secure Systems,IT / Telecomunicații,Prahova,TEHNICIAN ECHIPAMENTE DE CALCUL SI RETELE,2,51381619
teodora.buga@istratecom.ro,ISTRATE COM SRL,Servicii transport / curierat,Sibiu,Conducător auto transport rutier de mărfuri,1,10704330
teodora@sereledalin.ro,SERELE DALIN SRL,Agricultură / Zootehnie,Mureș,MUNCITOR NECALIFICAT LA SPARGEREA SI TAIEREA MATERIALELOR DE CONSTRUCTII,1,20169536
texital@texital.ro,SC TEXITAL SRL,FABRICAREA ARTICOLELOR DE IMBRACAMINTE,Prahova,"OPERATOR CONFECTIONER INDUSTRIAL ÎMBRACAMINTE DIN TESATURI, TRICOTAJE, MATERIALE SINTETICE",1,12375187
timoserv@rontaila.ro,TIMO SERV SRL,Producție / Logistică,Brăila,OPERATOR LA FABRICAREA BISCUITILOR,2,4873954
tolan.andrada@wipindustries.eu,WIP INDUSTRIES ROMANIA SRL,PRODUCTIE MOBILA,Cluj,MANIPULANT MARFURI,10,31721449
tolea.avram@auromet.ro,AUROMET ELECTROCONSTRUCT SRL,Producție / Logistică,Arad,FREZOR UNIVERSAL,2,28859590
tonmoy@whl.ro,BLACK EL ZORAB S.R.L.,RESTAURANTE,Municipiul București,LUCRATOR BUCATARIE (SPALATOR VASE MARI),50,36766603
topoloveni@bamesa.com,S.C. BAMESA OTEL S.A.,Altele,Argeș,MACARAGIU,2,18066946
traian@gagea.ro,SMILE DENT SRL,Medicină / Sănătate /Psihoterapie,Iași,ASISTENT MEDICAL GENERALIST,2,15532960
tunde.nagy@csiki.com,SC LIXID PROJECT,Producție / Logistică,Harghita,OPERATOR RESPONSABIL CU SUPRAVEGHEREA TEHNICA A INSTALATIILOR,3,32319920
ueromhr@uechairs.com,UEROM FURNITURE CO. S.R.L.,PRODUCTIE MOBILA,Timiș,INSPECTOR ÎN DOMENIUL SECURITATII SI SANATATII ÎN MUNCA,1,41376500
umo@umo.ro,UZINA MECANICA ORASTIE SA,Producție / Logistică,Hunedoara,FREZOR UNIVERSAL,2,15657042
unlockbusinessconsulting@gmal.com,UNLOCK BUSINESS CONSULTING SRL,Altele,Iași,SOFER DE AUTOTURISME SI CAMIONETE,1,28639943
valentin@restaurantbucovina.ro,BUCOVINA ORIGIN SRL,Turism / Alimentație,Suceava,LUCRATOR COMERCIAL,1,51781232
valentina@ghvsol.com,INSIDE CONSTRUCTION SRL,Construcții / Instalații,Neamț,"MUNCITOR NECALIFICAT LA DEMOLAREA CLADIRILOR, CAPTUSELI ZIDARIE, PLACI MOZAIC, FAIANTA, GRESIE, PARCHET",2,24314868
valentincuciureanu@gpd.ro,GOLDEN GRAND MANAGEMENT S.R.L.,Altele,Ilfov,MANIPULANT MARFURI,2,45972572
valerica.sandulescu@wipro.com,WIPRO INFRASTRUCTURE ENGINEERING S.A.,Producție / Logistică,Vâlcea,"MUNCITOR NECALIFICAT LA ASAMBLAREA, MONTAREA PIESELOR",1,1471049
vanzari@hellios.ro,HELLIOS COM SRL,COMERT,Mureș,AGENT DE VÂNZARI,1,1199190
vanzari@jordanriver.eu,WORK TRAVEL BUSINESS,Altele,Municipiul București,FEMEIE DE SERVICIU,3,45567200
vanzari@magazinunic.ro,TERMOHIDROFONICA GRUP SRL,Construcții / Instalații,Vrancea,AGENT DE VÂNZARI,2,27534167
veronica_pereverzii@dietsmann.com,Dietsmann Energy SRL,Producție / Logistică,Hunedoara,SPECIALIST ÎN DOMENIUL SECURITATII SI SANATATII ÎN MUNCA,1,9816194
veronika.bojte@jabdgroup.com,JABS GLODENI S.R.L.,Construcții / Instalații,Mureș,OPERATOR LA MASINI UNELTE CU COMANDA NUMERICA ÎN PRELUCRAREA LEMNULUI,1,23933998
vi@mmp-steel.com,MMP STEEL SRL,Construcții / Instalații,Mureș,SUDOR,3,51882784
victor@big.store.ro,DYNAMIC TOOLS SRL,COMERT,Cluj,MECANIC OPERATOR,2,10137316
victoria@vonrep.ro,VONREP SRL,Altele,Gorj,ELECTRICIAN DE ÎNTRETINERE ÎN CONSTRUCTII,1,6721561
vinatori@cjmures.ro,COMUNA VÂNĂTORI,ASISTENTA SOCIALA,Mureș,ÎNGRIJITOR CLADIRI,1,5902721
violeta.vilcu@transelectrica.ro,CN TRANSELECTRICA-STT,Inginerie,Dolj,SEF TURA DISPECER ENERGETIC,1,47998340
viorica.ursuleac@cnin.ro,"COMPANIA NATIONALA ""IMPRIMERIA NATIONALA"" SA",Producție / Logistică,Municipiul București,LEGATOR MANUAL (ÎN POLIGRAFIE SI ATELIERE SPECIALE),3,2779625
vlad@cheli.ro,MTV SCUTER RENT SRL,Altele,Cluj,CURIER,100,50582509
vladimir.pg@fortengineering.ro,FORT ENGINEERING SRL,Producție / Logistică,Cluj,"MUNCITOR NECALIFICAT LA ASAMBLAREA, MONTAREA PIESELOR",5,32120765
workandfashion@workandfashion.ro,WORK AND FASHION SRL,FABRICAREA ARTICOLELOR DE IMBRACAMINTE,Maramureș,LUCRATOR GESTIONAR,1,13661551
xnet@xnet.com,MAL FIER MARI S.R.L.,Altele,Neamț,SUDOR,1,48062814
zadio.duta@afconsulting.ro,AF CONSULTING SRL,Construcții / Instalații,Prahova,"MUNCITOR NECALIFICAT LA DEMOLAREA CLADIRILOR, CAPTUSELI ZIDARIE, PLACI MOZAIC, FAIANTA, GRESIE, PARCHET",2,12972517
zebimobil@zebimobil.ro,PADRONES SRL,Altele,Covasna,AGENT TRANSPORTURI,1,22218520
zolcsakbeata@barta-ati.ro,BARTA ATI SRL,COMERT,Satu Mare,MANIPULANT MARFURI,1,5112404
zoosab@marcel.com.ro,ZOOSAB SRL,Agricultură / Zootehnie,Neamț,MANIPULANT MARFURI,3,2005136
zsuzsa.szell@agrosel.ro,AGROSEL SRL,COMERT,Cluj,MAGAZINER,1,10534685
