email,company_name,sector,county,job_title,positions_available,company_org_number
2425@magazin.profi.ro,ZAMIRA IMPEX SRL,COMERT,Suceava,LUCRATOR COMERCIAL,1,47712579
a.bradea@sercaver.ro,SERCAVER SRL,Altele,Bistrița-Năsăud,MONTATOR SUBANSAMBLE,5,23114098
a.ciuciuc@ceb4.ro,WEBUILD SPA MILANO SUCURSALA ROMANIA BUCURESTI,Construcții / Instalații,Bihor,"MUNCITOR NECALIFICAT LA ÎNTRETINEREA DE DRUMURI, SOSELE, PODURI, BARAJE",1,6669684
a.coman@accountant.com,S.C.PIRAMIDA BUSINESS MANAGEME,COMERT,Municipiul București,LUCRATOR COMERCIAL,3,35368804
a.grigore@carpathia.org,FUNDATIA CONSERVATION CARPATHI,Altele,Brașov,SPECIALIST ÎN RELATII PUBLICE,1,26358046
a.mihalea@p-csystem.com,PCM ROM SRL,Construcții / Instalații,Giurgiu,INGINER MECANIC,1,31085090
a.pop@stp.com.ro,SAUTER TURNING PROCESS SRL,Altele,Cluj,OPERATOR LA MASINI-UNELTE CU COMANDA NUMERICA,1,34577110
aal@motexco.ro,MOTEXCO SRL,FABRICAREA ARTICOLELOR DE IMBRACAMINTE,Suceava,CONFECTIONER-ASAMBLOR ARTICOLE DIN TEXTILE,5,10727872
aandronic.mihaela@yahpp.com,ELYO-TIPA S.R.L.,Construcții / Instalații,Suceava,SOFER DE AUTOTURISME SI CAMIONETE,1,46182660
abonat@ppprotectsecurity.ro,PP PROTECT SECURITY SRL,Armată / Pază/ Protecție,Cluj,GESTIONAR DEPOZIT,1,32401540
account@ayospeed.ro,AYO SPEED AUTO SRL,Servicii transport / curierat,Alba,SOFER DE AUTOTURISME SI CAMIONETE,2,33882654
accounting.texcargo@ponsa.com,TEXCARGO SRL,Producție / Logistică,Arad,"OPERATOR CONFECTIONER INDUSTRIAL ÎMBRACAMINTE DIN TESATURI, TRICOTAJE, MATERIALE SINTETICE",5,17738305
accounting@companyromania.com,HL ENGINEERING SRL,Altele,Timiș,AMBALATOR MANUAL,1,50831812
accounting@euromgroup.com,EUROMEDICA SRL,Producție / Logistică,Iași,FINISOR-ASAMBLATOR OBIECTE DIN MASE PLASTICE,10,10474915
accounting@mindtheg.com,GLOBAL ART PRODUCTION SRL,Administrativ / Secretariat,Mureș,FEMEIE DE SERVICIU,1,26340510
accounting@ragmet.com,RAGMET RAFFINERIA SRL,Altele,Ilfov,LUCRATOR SORTATOR DESEURI RECICLABILE,20,45075550
acicluj@mail.dntcj.ro,ACI CLUJ SA,Altele,Cluj,LACATUS MECANIC,4,200513
acoman@jostgroup.com,NAPOCA GREEN LOGISTIC S.R.L.,Servicii transport / curierat,Cluj,Conducător auto transport rutier de mărfuri,120,47528143
adalcisa.lupu@ro.post,COMPANIA NATIONALA POSTA ROMANA S.A. BUCURESTI SUCURSALA CONSTANTA,Altele,Buzău,CURIER,2,40711789
adela.bucur@quadra.com,QUADRA COMMODITIES ROMANIA S.R.L,Vânzări,Municipiul București,MANAGER ACHIZITII,1,46908870
adela.condurache@hidroserv.ro,S.S.H. HIDROSERV S.A.,Specialiști / Tehnicieni,Alba,MAISTRU ENERGETICIAN/ELECTRICIAN,1,32097794
adela.predescu@radissonblu.com,NEMO INVESTMENT VEHICLE S.A.,Turism / Alimentație,Municipiul București,AJUTOR OSPATAR,1,38520000
adela.teban@argentometal.ro,GRUP SIMEX SRL,Producție / Logistică,Mureș,OPERATOR LA MASINI-UNELTE SEMIAUTOMATE SI AUTOMATE,5,14953210
adela.tirban@vpkgroup.com,VPK PACKAGING SRL,Producție / Logistică,Bihor,LACATUS MECANIC,1,20571656
adelina.bordei@insight.com,AMDARIS ROMÂNIA SRL,IT / Telecomunicații,Timiș,PROGRAMATOR,4,30522820
adeline.schwartzkopf@weidmuller-lugoj.ro,WEIDMULLER LUGOJ SRL,Producție / Logistică,Timiș,"MUNCITOR NECALIFICAT LA ASAMBLAREA, MONTAREA PIESELOR",5,6011700
adeverinte.hr@prospectiuni.com,PROSPECTIUNI SA,Altele,Municipiul București,OPERATOR-PROSPECTOR LUCRARI GEOLOGICE SI GEOFIZICE,1,1552801
adina.andrei@hidroelectrica.ro,"SOCIETATEA DE PRODUCERE A ENERGIEI ELECTRICE IN HIDROCENTRALE ""HIDROELECTRICA"" SA BUCUREŞTI SUCURSALA HIDROCENTRALE BISTRIŢA",Producție / Logistică,Neamț,INGINER ELECTRICIAN,1,5603924
adina.ceclan@diferit.eu,ECO DIF SOLUTION SRL,Construcții / Instalații,Cluj,ELECTRICIAN DE ÎNTRETINERE SI REPARATII,1,23935743
adina.magdici@quartzmatrix.ro,QUARTZ MATRIX SRL,Vânzări,Iași,REPREZENTANT COMERCIAL,2,5150840
adina.maracine@diana.com.ro,DIANA COM SRL,Retail,Gorj,MANIPULANT MARFURI,7,14572789
adina.muntean@ceccobruna.ro,CECCO BRUNA 2011 SRL,Producție / Logistică,Sibiu,"MAROCHINER-CONFECTIONER MAROCHINARIE, DUPA COMANDA",6,29087146
adinamoldovan@noreck.ro,SEV STRUCTURI SRL,Construcții / Instalații,Cluj,"MUNCITOR NECALIFICAT LA DEMOLAREA CLADIRILOR, CAPTUSELI ZIDARIE, PLACI MOZAIC, FAIANTA, GRESIE, PARCHET",1,31086312
adjunct@capitalsuceava.ro,BANCA COOPERATISTA CAPITAL SUCEAVA,Contabilitate / Financiar,Suceava,OPERATOR GHISEU BANCA,1,2693507
admin.payroll@aumovio.com,AUMOVIO Systems Romania SRL,Producție / Logistică,Sibiu,ANALIST CUMPARARI/CONSULTANT FURNIZORI,2,17679640
admin@chemfor.eu,CHEMFOR BALKAN SRL,Inginerie,Prahova,INGINER PETROLIST,5,42593973
admin@nistorcce.ro,NISTOR CCE SRL,Construcții / Instalații,,MASINIST LA MASINI PENTRU TERASAMENTE (IFRONIST),1,44603607
admin@powerline.ro,POWERLINE SRL,IT / Telecomunicații,Botoșani,SEF BIROU COMERT CU RIDICATA SI CU AMANUNTUL,1,19037531
administration@selecthotels.it,GRAND HOTEL SRL,Turism / Alimentație,Cluj,LUCRATOR BUCATARIE (SPALATOR VASE MARI),10,18862670
administrativ@hotelstil.com,ANDRA COM INTERNATIONAL SERVIC,Turism / Alimentație,Cluj,FEMEIE DE SERVICIU,2,228409
adrian.boboc@creative-cnc.ro,CREATIVE CNC SRL,Altele,Timiș,OPERATOR LA MASINI-UNELTE CU COMANDA NUMERICA,1,30174327
adrian.chirtes@rodacia.ro,RO DACIA COM SRL,COMERT,Mureș,MANIPULANT MARFURI,1,7893360
adrian.iusan@hirsch-gruppe.com,HIRSCH POROZELL SRL,Producție / Logistică,Cluj,OPERATOR MASE PLASTICE,6,18198580
adrian@eurostoc.ro,EUROSTOC ONLINE INTERNATIONAL S.R.L.,COMERT,Alba,UCENIC,1,40769403
adrian@getvizual.ro,GETVIZUAL MEDIA SRL,Marketing,Sibiu,SPECIALIST ÎN RELATII PUBLICE,1,46332873
adrian@salonb.ro,NONLINIAR MOB S.R.L.,PRODUCTIE MOBILA,Cluj,REGLOR MASINI DE PRELUCRAT LEMN,1,46293812
adriana.alecu@hidrosalt2020.ro,HIDROSALT92 SRL,Construcții / Instalații,Municipiul București,"INSTALATOR APA, CANAL",22,8309185
adriana.avram@constam.ro,CONSTAM PROCESARE OŢEL SRL,Construcții / Instalații,Buzău,Conducător auto transport rutier de mărfuri,2,34318948
adriana.boca@comsig.ro,COMSIG AUTOMOBILE SRL,COMERT,Bistrița-Năsăud,CONTABIL,1,17157507
adriana.brehui@bstech.ro,BLUESPACE TECHNOLOGY SA,Inginerie,Ilfov,TEHNICIAN ELECTRONICA,2,28627965
adriana.ioan@inflpr.ro,"INSTITUTUL NATIONAL DE CERCETARE DEZVOLTARE PENTRU FIZICA LASERILOR, PLASMEI SI RADIATIEI - INFLPR RA",Altele,Ilfov,ASISTENT DE CERCETARE ÎN FIZICA,2,9052135
adriana.martin@omnigroup.ro,OMNI CESTARO GROUP SRL,Construcții / Instalații,Tulcea,TUBULATOR NAVAL,40,18799874
adriana.neculache@wattunit.com,watt unit,Producție / Logistică,Constanța,ELECTRICIAN ECHIPAMENTE ELECTRICE SI ENERGETICE,5,25349007
adriana.opincariu@pelletteriefiorentine.ro,PELLETTERIE FIORENTINE S.R.L.,Producție / Logistică,Alba,"MAROCHINER-CONFECTIONER MAROCHINARIE, DUPA COMANDA",3,34937529
adriana.sabou@unisys.ro,UNIVERSAL CO S.A.,FABRICAREA ARTICOLELOR DE IMBRACAMINTE,Sălaj,"MECANIC INTRETINERE SI REPARATII UTILAJE DIN INDUSTRIA TEXTILA, CONFECTII SI INCALTAMINTE",1,8086997
adriana.simuleac@tgie.ro,SCANDIC DISTILLERIES SA,Specialiști / Tehnicieni,Bihor,INSTALATOR INSTALATII TEHNICO-SANITARE SI DE GAZE,1,12601233
adriana.togan@elj-automotive.ro,ELJ AUTOMOTIVE S.A.,Altele,Dâmbovița,MUNCITOR NECALIFICAT LA AMBALAREA PRODUSELOR SOLIDE SI SEMISOLIDE,1,18890262
adriannicolae.ferchiu@joysonsafety.com,JOYSON SAFETY SYSTEMS SIBIU S.R.L.,Producție / Logistică,Sibiu,CONFECTIONER-ASAMBLOR ARTICOLE DIN TEXTILE,10,39331344
aflorea@frigoglass.com,FRIGOGLASS ROMANIA SRL,Producție / Logistică,Timiș,SUDOR MANUAL CU ARC ELECTRIC,1,6469724
agneta.micoara@gualapack.com,GUALA PACK NADAB SRL,Producție / Logistică,Arad,STIVUITORIST,2,27810947
aida.andritoiu@nestlersgroup.com,S.C. XPATH.GLOBAL SRL,Altele,Municipiul București,AGENT SERVICII CLIENT,2,21775247
ajofm.gr@anofm.gov.ro,AGENTIA JUDETEANA PENTRU OCUPAREA FORTEI DE MUNCA GIURGIU,Altele,Giurgiu,CONSILIER INSTITUTII PUBLICE,1,11358536
akheron@akheronserv.com,AKHERON SERV SRL,Agricultură / Zootehnie,Bihor,SPECIALIST ÎN RELATII PUBLICE,1,10410091
alba@medima.ro,MEDIMA HEALTH S.A.,Medicină / Sănătate /Psihoterapie,Alba,REPREZENTANT MEDICAL,1,37839517
albert@albertcomimpex.ro,ALBERT COMIMPEX SRL,Servicii transport / curierat,Argeș,Conducător auto transport rutier de mărfuri,5,6388018
alex.hr@elec.ro,WELEAD MOBILITY S.A.,Servicii transport / curierat,Ilfov,SOFER DE AUTOTURISME SI CAMIONETE,150,38311284
alex@deutschermarkt.ro,AM DEUTSCHER MARKT S.R.L.,Retail,Prahova,LUCRATOR COMERCIAL,1,39276991
alexander.graffius@ovosib.ro,OVO PRODUCT COOPERATIVA AGRICO,Agricultură / Zootehnie,Sibiu,AMBALATOR MANUAL,5,29542239
alexandra.bargau@goldenfoods.com.ro,GOLDEN FOODS SNACKS S.A.,Producție / Logistică,Prahova,AMBALATOR MANUAL,1,24645268
alexandra.bitu@farplas-smart.com,FARPLAS SMART SOLUTIONS S.A.,Producție / Logistică,Argeș,SCULER-MATRITER,1,42511434
alexandra.caneta@yazaki-europe.com,YAZAKI ROMANIA SRL,Producție / Logistică,,MONTATOR SUBANSAMBLE,31,15412557
alexandra.cauia@tri-wall.ro,TRI-WALL ROMÂNIA S.R.L.,Producție / Logistică,Iași,OPERATOR LA MASINI-UNELTE CU COMANDA NUMERICA,3,38958095
alexandra.dosaru@osmet.ro,OSMET SRL,Construcții / Instalații,Ialomița,LACATUS MECANIC,4,15299050
alexandra.dragoi@ferma-stoian.ro,S.C. BIG LAND COMPANY S.R.L.,Altele,Constanța,MUNCITOR NECALIFICAT ÎN AGRICULTURA,5,14637829
alexandra.mares@iseo.com,FERONERIA PROD SA,Producție / Logistică,Arad,"MUNCITOR NECALIFICAT LA ASAMBLAREA, MONTAREA PIESELOR",5,6340702
alexandra.niculae@terragaz.ro,TERRA GAZ CONSTRUCT SRL,Construcții / Instalații,Ilfov,MASINIST LA MASINI PENTRU TERASAMENTE (IFRONIST),4,10376216
alexandra.opincariu@gruposese.com,TRANS SESE SRL,Servicii transport / curierat,Cluj,Conducător auto transport rutier de mărfuri,20,22116694
alexandra.opris@generali.ro,GENERALI ROMANIA ASIGURARE REASIGURARE SA,Altele,Municipiul București,CONSILIER VÂNZARI ASIGURARI,30,2886621
alexandra.prozan@sefar.com,SEFAR SRL,Altele,Mureș,"CONFECTIONER, PRELUCRATOR ÎN INDUSTRIA TEXTILA",3,18019910
alexandra.radu@algeco.com,S.C. ALGECO S.R.L.,Construcții / Instalații,Ilfov,REPREZENTANT COMERCIAL,1,21970426
alexandra.sora@patrumaini.ro,PATRU MAINI CARPATIA SRL,Construcții / Instalații,Prahova,STIVUITORIST,2,31544568
alexandra@delarte.ro,DELARTE FOOD SRL,Altele,Ilfov,LUCRATOR BUCATARIE (SPALATOR VASE MARI),4,30683886
alexandru.bari@draexlmaier.com,DAR DRAXLMAIER AUTOMOTIVE SRL,Producție / Logistică,Hunedoara,SCULER-MATRITER,4,26573648
alexandru.dobroiu@topmop.ro,S.C.TOP DDD STATION SRL,Au pair / Babysitter / Curățenie,Municipiul București,MANAGER PROIECT,1,36297108
alexandru.golea@royalprogaz.ro,ROYAL PROGAZ,COMERT,Bacău,AGENT DE VÂNZARI,1,47362341
alexandru.petric@zooagrotraiani.ro,ZOO AGRO TRAIANI SRL,Agricultură / Zootehnie,Constanța,ÎNGRIJITOR ANIMALE,2,17884769
alexandru.pop@ttbiotec.com,TT BIOTEC SRL,Producție / Logistică,Maramureș,LUCRATOR SORTATOR DESEURI RECICLABILE,3,48435379
alexandru.volniciuc@joysonquin.com,JOYSONQUIN AUTOMOTIVE SYSTEMS ROMANIA S.R.L.,Producție / Logistică,Brașov,OPERATOR LA MASINI-UNELTE SEMIAUTOMATE SI AUTOMATE,8,15756232
alice.erincz@rolcontexpert.ro,ROL CONT EXPERT SRL,Contabilitate / Financiar,Sibiu,CONTABIL,2,15319580
alicomtex@rdslink.ro,ALICOMTEX SRL,SERVICE AUTO,Olt,MECANIC AUTO,5,6193024
alin.balan@gixen.ro,GIXEN SRL,Altele,Călărași,MANIPULANT MARFURI,1,9053467
alin.danila@pttexpress.ro,POȘTA TABITA TOUR,Servicii transport / curierat,Alba,MANIPULANT MARFURI,1,42927194
alin.juca@iuliustown.ro,LIGHT CLEANING SRL,Au pair / Babysitter / Curățenie,Timiș,ÎNGRIJITOR CLADIRI,2,18857550
alin.vlad@real-alma.ro,ECO FERMA 2020 S.R.L.,Construcții / Instalații,Teleorman,"MUNCITOR NECALIFICAT LA DEMOLAREA CLADIRILOR, CAPTUSELI ZIDARIE, PLACI MOZAIC, FAIANTA, GRESIE, PARCHET",20,40615676
alin_bica@supeco.ro,SUPECO INVESTMENT SRL,COMERT,Bihor,LUCRATOR COMERCIAL,1,33067767
alina.andronic@romstal.ro,ROMSTAL IMEX SRL,COMERT,Municipiul București,BRAND MANAGER,2,5990324
alina.bornaz@elcargid.ro,ELCAR GID SRL,SERVICE AUTO,Buzău,ELECTRICIAN AUTO,1,15204785
alina.bucataru@croco.ro,CROCO SRL,Altele,Bacău,AMBALATOR MANUAL,3,6268054
alina.catuneanu@cristim.ro,CRISTIM FAMILY HOLDING S.R.L.,Producție / Logistică,Ilfov,MANIPULANT MARFURI,31,13533870
alina.condria@sioen.com,SIOROM SRL,Producție / Logistică,Iași,CONFECTIONER-ASAMBLOR ARTICOLE DIN TEXTILE,9,30626899
alina.dusleag@carlogisticcompany.ro,CAR LOGISTIC COMPANY SRL,Servicii transport / curierat,Sibiu,Conducător auto transport rutier de mărfuri,1,27169274
alina.filip@droker.ro,DROKER SRL,Producție / Logistică,Alba,CONTROLOR CALITATE,1,12485074
alina.letan@almainstal.ro,ALMA INSTAL AMC SRL,Construcții / Instalații,Ilfov,"MUNCITOR NECALIFICAT LA DEMOLAREA CLADIRILOR, CAPTUSELI ZIDARIE, PLACI MOZAIC, FAIANTA, GRESIE, PARCHET",8,41062639
alina.lung@leoni.com,LEONI WIRING SYSTEMS ARAD SRL,Producție / Logistică,Arad,SPECIALIST MENTENANTA ELECTROMECANICA-AUTOMATICA ECHIPAMENTE INDUSTRIALE,4,11385425
alina.mocanu@pro-therm.ro,SEA STORE S.R.L.,Construcții / Instalații,Prahova,INSTALATOR INSTALATII TEHNICO-SANITARE SI DE GAZE,2,40925260
alina.muresan@vatabai.ro,COMPLEX VAȚA BĂI S.R.L.,RESTAURANTE,Hunedoara,OSPATAR (CHELNER),1,45441376
alina.panait@companymed.ro,COMPANY MED SRL,Producție / Logistică,,"MUNCITOR NECALIFICAT LA ASAMBLAREA, MONTAREA PIESELOR",1,21912891
alina.pogor@omcomould.com,OMCO ROMANIA SRL,Producție / Logistică,Iași,OPERATOR LA MASINI-UNELTE CU COMANDA NUMERICA,3,17891928
alina.rus@stada.ro,STADA M&D SRL,Altele,Cluj,ANALIST CALITATE,1,32203534
alina.uifalean@visa-sa.com,VISA S.R.L.,Construcții / Instalații,Hunedoara,FAIANTAR,3,6146812
alina.valentina.serban@blum.com,BLUM ROMANIA SRL,Altele,,SPECIALIST ÎN RELATII PUBLICE,1,7177000
alina.vulpe@popeci.ro,S.C. POPECI AUTO S.R.L.,SERVICE AUTO,Dolj,PROGRAMATOR DE SISTEM INFORMATIC,1,14174058
alina@emea-invest.ro,ALEXIA CANDY SHOP SRL,Vânzări,Argeș,CASIER ÎNCASATOR,1,45586326
alina@energometal.ro,ENERGOMETAL TERMOSERV SRL,Construcții / Instalații,Călărași,LACATUS MECANIC,1,36942777
alina@nasulrosu.ro,S.C. NASUL ROSU SRL,Turism / Alimentație,Prahova,LUCRATOR BUCATARIE (SPALATOR VASE MARI),1,33750688
alina@pizzariamaestro.ro,MERAK ADVERTISING SRL,RESTAURANTE,Dâmbovița,VÂNZATOR,2,22268404
alinag@neoclinique.org,NEOCLINIQUE NEOCARE SRL,Altele,,FEMEIE DE SERVICIU,1,25405360
alinamihaela.maftei@nethexcare.ro,NETHEX CARE S.R.L.,IT / Telecomunicații,Bacău,AGENT SERVICII CLIENT,5,47436465
alisa.buzica@camen.ro,ECOGRAFIE 3D SRL,Medicină / Sănătate /Psihoterapie,Dolj,MEDIC SPECIALIST,1,14131812
allegria@oron.ro,ALLEGRIA TURISM SRL,RESTAURANTE,Bihor,AJUTOR OSPATAR,1,31555494
amalia.sobec@holcim.com,SOMACO GRUP PREFABRICATE SRL,Construcții / Instalații,Neamț,FINISOR TERASAMENTE,2,22424341
amalia.stan@schnellleitung.ro,SCHNELL LEITUNG SA,Construcții / Instalații,Prahova,SAPATOR MANUAL,3,13014130
amalia.todoran@euro-center.ro,UPGRADE MEREU SRL,Contabilitate / Financiar,Mureș,CONTABIL,1,51509760
amann@amann.ro,AMANN ROMANIA SRL,Producție / Logistică,Brașov,OPERATOR BOBINATOR-DUBLATOR,6,10790713
ambrus.szabolcs@bayersecurity.ro,S.C. BAYER SECURITY S.R.L.,Altele,Harghita,AGENT DE SECURITATE,2,49073358
ana.androne@globalworker.ro,CORCHIŞ DUMITRU CONSTRUCT SRL,Altele,Timiș,ZIDAR ROSAR-TENCUITOR,5,36596614
ana.barbu@profi.ro,MEGA IMAGE SRL,COMERT,Harghita,VÂNZATOR,17,6719278
ana.chiorean@gormet.eu,GORMET SRL,Producție / Logistică,Cluj,"MUNCITOR NECALIFICAT LA ASAMBLAREA, MONTAREA PIESELOR",30,19105741
ana.condrat@yazaki-europe.com,YAZAKI ROMANIA SRL,Producție / Logistică,Prahova,CONFECTIONER CABLAJE AUTO,77,15412557
ana.coritar@sindtour.ro,SIND TOUR TRADING SRL,Turism / Alimentație,Bihor,SEF RESTAURANT,1,26616528
ana.maier@blackseasuppliers.ro,BLACK SEA SUPPLIER -P.L RESITA,COMERT,Caraș-Severin,INGINER MECANIC,2,16375309
ana.miu@apacalipso.ro,CALIPSO SRL,Producție / Logistică,Ilfov,MANIPULANT MARFURI,10,45274
ana.vlaicu@emia.com,EMIA TECHNOLOGY SERVICES,IT / Telecomunicații,Municipiul București,ADMINISTRATOR DE RETEA DE CALCULATOARE,1,26215836
ana@dafcons.ro,DAF CONSULTING MANAGEMENT S.R.L.,Altele,Ilfov,FEMEIE DE SERVICIU,1,34368598
ana@ig.ro,Infoservice Alba SRL,Specialiști / Tehnicieni,Alba,TEHNICIAN ECHIPAMENTE DE CALCUL SI RETELE,1,52109524
anamaria.burca@indcar.ro,INDCAR BUS INDUSTRIES SRL,Producție / Logistică,Brașov,manager logistica si distributie,1,24065295
anamaria.david@akzonobel.com,AKZO NOBEL COATINGS S.R.L,Contabilitate / Financiar,Municipiul București,CONTABIL-SEF,1,6046627
anamaria.stanila@amersports.com,AMER SPORTS RO S.R.L.,Producție / Logistică,Hunedoara,REGLOR LA MASINI DE PRELUCRARE MASE PLASTICE,3,42090971
anamaria.tanase@termene.ro,TERMENE JUST SRL,Call center / Suport clienți,Prahova,OPERATOR VÂNZARI PRIN TELEFON,1,33034700
anamaria.visan@elaniaresort.ro,APULUM TURISM SRL,Turism / Alimentație,Cluj,LUCRATOR BUCATARIE (SPALATOR VASE MARI),1,30511872
anca-andreea.rus@kaufland.ro,KAUFLAND ROMANIA SCS,Producție / Logistică,Cluj,MANIPULANT MARFURI,1,15991149
anca.buhoci@prodbacsecurity.ro,PRODBAC SECURITY SRL,Altele,Bacău,AGENT DE SECURITATE,5,11827080
anca.dicoi@panfood.ro,PAN FOOD SRL,Altele,Sibiu,AMBALATOR MANUAL,1,14086355
anca.dulgheru@smart-b.ro,"SOCIETATEA PENTRU SERVICII DE MENTENANTA A RETELEI ELECTRICE DE TRANSPORT ""SMART"" SA",Inginerie,Municipiul București,INGINER ELECTROENERGETICA,2,14232728
anca.mitea@rud.com,RUD FLORIAN RIEGER SRL,Producție / Logistică,Sibiu,OPERATOR LA MASINI-UNELTE SEMIAUTOMATE SI AUTOMATE,2,15721889
anca.muntean@bergbanat.ro,BERG BANAT SRL,Producție / Logistică,Cluj,STIVUITORIST,3,1815100
anca.oprea@work-finder.eu,JRT COMPANY SRL,RESTAURANTE,Timiș,LUCRATOR BUCATARIE (SPALATOR VASE MARI),3,34292392
anca.saru@assaabloy.com,ASSA ABLOY ROMANIA SRL,Producție / Logistică,Municipiul București,OPERATOR FABRICATIE FLUX,4,10473502
anca.tatomir@flintab.ro,FLINTAB ENGINEERS AND CONSTRUCTORS SRL,Construcții / Instalații,Galați,LACATUS CONSTRUCTII METALICE SI NAVALE,2,29944740
anca@proactiv.ro,PRO ACTIV SRL,COMERT,Dâmbovița,CONSILIER/EXPERT/INSPECTOR/REFERENT/ECONOMIST ÎN COMERT SI MARKETING,1,13821326
ancuta.branzei@alu-menziken.com,ALU MENZIKEN SRL,Producție / Logistică,Satu Mare,"MUNCITOR NECALIFICAT LA ASAMBLAREA, MONTAREA PIESELOR",1,34377820
ancuta.hrit@xannat.ro,XANNAT MINERALS SRL,Altele,Constanța,INGINER MECANIC,1,17391698
ancuta.popa@tekniagroup.com,TEKNIA ORADEA S.R.L.,Altele,Bihor,"MUNCITOR NECALIFICAT LA ASAMBLAREA, MONTAREA PIESELOR",1,28390485
anda.anghelache@reigrup.ro,INFINIT FASHION ATELIER SRL,Turism / Alimentație,Constanța,RECEPTIONER DE HOTEL,1,34639891
anda.iorgulescu@aecom.com,AECOM ENGINEERS & CONSTRUCTORS ROMANIA S.R.L.,Construcții / Instalații,,INGINER CHIMIST,1,15991432
anda.popescu@temenos.com,TEMENOS ROMANIA SRL,IT / Telecomunicații,Municipiul București,INGINER DE SISTEM ÎN INFORMATICA,1,2604305
andonecatalin30@gamil.com,SC CATSTEF IMPEX 2025 SRL,COMERT,Vaslui,LUCRATOR COMERCIAL,3,52449046
andra.goea@aktivship.ro,AKTIV SHIP SRL,Construcții / Instalații,Tulcea,MUNCITOR NECALIFICAT ÎN METALURGIE,30,23239792
andra.miloi@lhel.ro,Axa Estate srl,Construcții / Instalații,Brașov,AGENT SERVICII CLIENT,1,33795663
andra@11th.ro,S.C. AB CONSULTING HUB S.R.L.,Educație / Training / Coaching,Municipiul București,FEMEIE DE SERVICIU,2,41008419
andra_nitoiu@siad.eu,SIAD ROMANIA SRL,Producție / Logistică,Municipiul București,IMBUTELIATOR FLUIDE SUB PRESIUNE,1,8184529
andrada.marincasi@electro-net.ro,SC ELECTRONET CONCEPT SRL,Construcții / Instalații,,ELECTRICIAN ÎN CONSTRUCTII,1,31221578
andradabianca.eni@draexlmaier.com,DPR DRAXLMAIER PROCESE DE PRODUCTIE ROMANIA SRL,Producție / Logistică,Timiș,ADMINISTRATOR BAZE DE DATE,1,13551362
andrea.mot@cmdn.ro,MOLDOVAN CARMANGERIE S.R.L.,Vânzări,Cluj,LUCRATOR COMERCIAL,1,6224937
andreea-elena.anghel@ecoprofix.com,ECO PROFIX CONSULTING SRL,Altele,Prahova,SOFER DE AUTOTURISME SI CAMIONETE,3,36997101
andreea.adam@trigo-group.com,TRIGO ROMANIA S.A.,Producție / Logistică,,STIVUITORIST,4,18531331
andreea.albu@kern-liebers.com,KERN LIEBERS ROMANIA SRL,Producție / Logistică,Ilfov,OPERATOR LA MASINI-UNELTE SEMIAUTOMATE SI AUTOMATE,2,18632808
andreea.bogles@varta-ag.com,VARTA MICROBATTERY SRL,Producție / Logistică,Brașov,INGINER DE CERCETARE ÎN ELECTRONICA APLICATA,1,32711524
andreea.bugulet@rikkosteel.ro,SC RIKKO STEEL SRL,Producție / Logistică,Bacău,ÎNCARCATOR-DESCARCATOR,5,24899169
andreea.chitiga@kredianis.ro,KREDIANIS SRL,COMERT,,CASIER,3,28464540
andreea.cioclu@austriajuice.com,AUSTRIA JUICE ROMANIA SRL,Altele,Vaslui,ELECTRICIAN DE ÎNTRETINERE SI REPARATII,1,9549151
andreea.dimitriu@strabag.com,SAT REABILITARE RECICLARE SRL,Construcții / Instalații,Municipiul București,REFERENT,1,26977794
andreea.gantoi@klintensiv.com,KLINTENSIV S.R.L.,Altele,Ilfov,AMBALATOR MANUAL,2,29359178
andreea.haiduc@bf1systems.com,BF SYSTEMS MANUFACTURING SRL,Altele,,CONFECTIONER CABLAJE AUTO,6,38179451
andreea.ionita@xlab.ro,SC X LAB SOLUTIONS SRL,COMERT,Municipiul București,REPREZENTANT COMERCIAL,2,14600285
andreea.pais@polycontact.ro,POLYCONTACT HERMANNSTADT SRL,Producție / Logistică,Sibiu,MONTATOR SUBANSAMBLE,31,33851682
andreea.purcea@romcarbon.com,ROMCARBON SA,Altele,Buzău,MUNCITOR NECALIFICAT LA AMBALAREA PRODUSELOR SOLIDE SI SEMISOLIDE,5,1158050
andreea.rosca@formfleks.ro,FORMFLEKS S.A.,Producție / Logistică,Dolj,"MUNCITOR NECALIFICAT LA ASAMBLAREA, MONTAREA PIESELOR",2,45407935
andreea.sabadac@ipcvending.ro,SC INDPRODCOM SRL,COMERT,Timiș,OPERATOR COMERCIAL,2,2118933
andreea.sovaru@blueriver.ro,BLUE RIVER BUCURESTI 78,Servicii transport / curierat,Municipiul București,Conducător auto transport rutier de mărfuri,200,13400556
andreea.vlasin@unitahotels.ro,UNITA TURISM HOLDING SA,Altele,Timiș,ÎNGRIJITOR SPATII HOTELIERE,1,2094737
andreea@agropec.ro,NAGY ANDREEA ÎNTREPRINDERE INDIVIDUALĂ,Altele,Alba,AGRICULTOR ÎN CULTURI VEGETALE SI CRESCATOR DE ANIMALE,4,29593771
andreea@bellinea.ro,BELLINEA SRL,PRODUCTIE MOBILA,Sălaj,"MUNCITOR NECALIFICAT LA ASAMBLAREA, MONTAREA PIESELOR",10,14543155
andreea@motobikeshop.eu,MOTO BIKE SHOP SRL,COMERT,Timiș,AMBALATOR MANUAL,1,17968231
andreea@oldtimer.ro,RESTOMOD BARN S.R.L ,SERVICE AUTO,,FEMEIE DE SERVICIU,1,45291457
andreea@pazasiprotectiearad.ro,LULU SECURITY 2000 SRL,SERVICII DE PAZA SI PROTECTIE,Arad,AGENT DE SECURITATE,3,39873728
andreeadobrin@tavernasarbului.ro,TAVERNA SARBULUI SRL,RESTAURANTE,Municipiul București,AJUTOR BUCATAR,2,15105404
andrei.bodan@yafct.ro,BERZOVIA FARM SRL,Agricultură / Zootehnie,Caraș-Severin,ÎNGRIJITOR ANIMALE,1,41581172
andrei.chirilovici@ro.eckerle-gruppe.com,ECKERLE AUTOMOTIVE SRL,Producție / Logistică,Cluj,REGLOR BENZI MONTAJ,1,15154407
andrei.mihai@rserv.ro,RENAISSANCE PUBLIC SERVICE SRL,Altele,Ilfov,"MUNCITOR NECALIFICAT LA ASAMBLAREA, MONTAREA PIESELOR",5,27424741
andrei.svet@rompharm.ro,ROMPHARM COMPANY SRL,Producție / Logistică,Ilfov,OPERATOR CHIMIST LA PRODUSELE FARMACEUTICE SI CHIMICE PURE,15,14399646
andrei.teodorescu@activestep.ro,S.C. ARGESH CAR ELECTRIC SRL,Servicii transport / curierat,Municipiul București,SOFER DE AUTOTURISME SI CAMIONETE,4,43676643
angajari.csi@mpac-group.com,CSI ROMANIA SRL,Producție / Logistică,Mureș,OPERATOR LA MASINI-UNELTE SEMIAUTOMATE SI AUTOMATE,1,16664846
angajari@clasicmex.ro,CLASIC PROD MEX SRL,PRODUCTIE MOBILA,Cluj,TÂMPLAR UNIVERSAL,2,33645950
angajari@ivcons.ro,IVAN CIVIL TOP-CONSTRUCT S.R.L.,Construcții / Instalații,Vaslui,STIVUITORIST,1,39361922
angajari@polach.ro,POLACH LOGISTICS & TRANSPORT SRL,Servicii transport / curierat,Arad,Conducător auto transport rutier de mărfuri,5,33238832
angajari@ssg.ro,SSG SELECT SOLUTIONS SRL,Armată / Pază/ Protecție,Ilfov,AGENT DE SECURITATE,138,36563420
angela.avram@hoteldorna.ro,MERIDIAN TURISM SA,Turism / Alimentație,Suceava,ÎNGRIJITOR SPATII HOTELIERE,1,14458882
angela.lazar@criomecsa.ro,CRIOMEC SA,Producție / Logistică,Galați,TEHNICIAN MECANIC,1,5668427
angelica.ianco@selgros.ro,SELGROS CASH CARRY SRL,Retail,Bistrița-Năsăud,LUCRATOR COMERCIAL,3,11805367
ani.penes@senneville.ro,SENNEVILLE INTER SRL,Turism / Alimentație,Hunedoara,OPERATOR LA FABRICAREA PRODUSELOR CONGELATE DE PATISERIE SI PANIFICATIE,17,4839286
ani@turismdelta.ro,SC LISCOM SRL,Turism / Alimentație,Tulcea,BUCATAR,1,6574932
anisioara.barhala@ro.post,COMPANIA NATIONALA POSTA ROMANA S.A. BUCURESTI SUCURSALA CONSTANTA,Altele,Galați,CURIER,1,40711789
apetrariu@marcel.com.ro,MARCEL TRADING SRL,COMERT,Neamț,LUCRATOR COMERCIAL,2,17609858
apostu@imperialinn.ro,COFIT CONSTRUCT SRL,Turism / Alimentație,Mureș,CAMERISTA HOTEL,1,27030020
apply_oradea@celestica.com,S.C. CELESTICA (ROMANIA) S.R.L.,Producție / Logistică,Bihor,TEHNICIAN ASIGURAREA CALITATII,4,16386391
ariesulconf@ariesul.ro,ARIESUL CONF SA,FABRICAREA ARTICOLELOR DE IMBRACAMINTE,Alba,CONFECTIONER-ASAMBLOR ARTICOLE DIN TEXTILE,6,2824238
arosu@verdemg.com,Verde Magnesium SRL,Altele,Municipiul București,ANALIST FINANCIAR,2,41220909
asistentmanager@agress.ro,AGRESS BEAUTY CLINIQUE SRL,Medicină / Sănătate /Psihoterapie,Galați,ASISTENT MEDICAL GENERALIST,3,31607550
asm@bricowoodtrade.ro,BRICO WOOD TRADE SRL,PRODUCTIE MOBILA,Argeș,TÂMPLAR UNIVERSAL,25,33476192
astrans@clicknet.ro,AS TRANS SRL,Altele,Vâlcea,SUDOR MANUAL CU ARC ELECTRIC,2,1481930
attila.gyorgy@gat-sped.eu,GAT-SPEDITION SRL,Servicii transport / curierat,Harghita,Conducător auto transport rutier de mărfuri,1,50058840
aurelia.prajeu@airbus.com,AIRBUS HELICOPTERS ROMANIA S.A.,Altele,Brașov,ADMINISTRATOR DE RETEA DE CALCULATOARE,1,14403216
aurica.toma@hasit.ro,HASIT ROMANIA SRL,Construcții / Instalații,Cluj,OPERATOR FABRICATIE FLUX,1,13018697
aurora.marin@balky.ro,BALKY COM SRL,Agricultură / Zootehnie,Neamț,MASINIST LA MASINI PENTRU TERASAMENTE (IFRONIST),3,26100844
aurora.marin@tce3brazi.ro,GRUPUL DE FIRME TCE 3 BRAZI S.A.,Turism / Alimentație,Neamț,AJUTOR BUCATAR,2,31861388
avril@avril.ro,AVRIL S.R.L.,Construcții / Instalații,Prahova,"MUNCITOR NECALIFICAT LA DEMOLAREA CLADIRILOR, CAPTUSELI ZIDARIE, PLACI MOZAIC, FAIANTA, GRESIE, PARCHET",1,2825969
b.kira@benytrans.ro,BENY TRANS INTERNATIONAL SRL,Servicii transport / curierat,Satu Mare,SOFER DE AUTOTURISME SI CAMIONETE,2,10803520
b.resurseumane@ro.post,COMPANIA NATIONALA POSTA ROMANA S.A BUCUREŞTI SUCURSALA BUCURESTI,Servicii transport / curierat,Municipiul București,SOFER DE AUTOTURISME SI CAMIONETE,20,41624737
backoffice@indica7.ro,PRO7EVEN TRAVEL.EU S.R.L.,Altele,Municipiul București,FEMEIE DE SERVICIU,5,45565285
baco@hs.ro,HS BACO PANELS SRL,Producție / Logistică,Bacău,MANIPULANT MARFURI,20,12447070
balazs@beautywood.hu,BEAUTYWOOD RO S.R.L.,Vânzări,Bihor,REPREZENTANT COMERCIAL,2,35480424
banatovinex@ymail.com,SC BANAT OVINEX SRL,Altele,Timiș,ÎNGRIJITOR ANIMALE,4,13169835
baneasa@pizzahut.ro,AMERICAN RESTAURANT SYSTEM SA,RESTAURANTE,Municipiul București,BUCATAR,3,6331682
baneasa@taco-bell.ro,CALIFORNIA FRESH FLAVORS SRL,RESTAURANTE,Municipiul București,LUCRATOR BUCATARIE (SPALATOR VASE MARI),7,37783734
barbubarbomoisi@gmai.com,LA MSD BARBU SRL,COMERT,Ialomița,VÂNZATOR,2,52254028
basem@corelligroup.ro,CORELLI WINE & FOOD SRL,RESTAURANTE,Ilfov,AJUTOR BUCATAR,9,31425834
basilioprobo@yahoo.co.nz,FUTURA ROMANIA SRL,FABRICAREA ARTICOLELOR DE IMBRACAMINTE,,UCENIC,5,51325520
BASSELocalPayroll@bat.com,BRITISH AMERICAN SHARED SERVICES EUROPE SRL,Contabilitate / Financiar,,ȘEF BIROU ANALIZE ECONOMICE,1,23774019
benedek.tibor@plazmontech.ro,PLAZMONTECH KFT-SÓSKÚT-SUCURSALA HARGHITA,Altele,Harghita,OPERATOR LA FABRICAREA CONSERVELOR DIN LEGUME SAU FRUCTE,1,40238592
betoane@nifron.ro,NIFRON SRL,Construcții / Instalații,Olt,Conducător auto transport rutier de mărfuri,1,18348998
bianca.harasim@cupio.ro,CUPIO INTERNATIONAL SRL,COMERT,Hunedoara,LUCRATOR GESTIONAR,2,29461428
bianca.ioo@cliogroup.ro,CLIO SRL,Construcții / Instalații,Sălaj,"MUNCITOR NECALIFICAT LA DEMOLAREA CLADIRILOR, CAPTUSELI ZIDARIE, PLACI MOZAIC, FAIANTA, GRESIE, PARCHET",10,11132821
bianca.mares@resco.ro,RESCO DISTRIBUȚIE LOGISTICĂ S.A.,COMERT,,Conducător auto transport rutier de mărfuri,2,48268670
bianca.potyesz@cupio.ro,RAZADI SRL,COMERT,Timiș,AMBALATOR MANUAL,3,19051501
bianca.vierita@coliseum.ro,COLISEUM SA,COMERT,Dolj,Conducător auto transport rutier de mărfuri,1,5057024
bigconf@bigconf.ro,BIG CONF PRODUCTION S.R.L.,FABRICAREA ARTICOLELOR DE IMBRACAMINTE,,"CROITOR-CONFECTIONER ÎMBRACAMINTE, DUPA COMANDA",4,4811668
bimixa@syntronic.com,SYNTRONIC PRODUCTION AND AFTERMARKET SERVICES SRL,IT / Telecomunicații,Timiș,TEHNICIAN ELECTRONICA,20,48266830
birou.asistenti.personali@social2.ro,DGASPC SECTOR 2,ASISTENTA SOCIALA,Municipiul București,ASISTENT PERSONAL AL PERSOANEI CU HANDICAP GRAV,8,17093691
birou.contabilitate@district-sud.ro,DISTRICT SUD SRL,COMERT,Dolj,STIVUITORIST,2,26126852
blacksealogistik26@mail.com,BLACK SEA LOGISTIK,Altele,Municipiul București,Conducător auto transport rutier de mărfuri,2,50002580
blaga.mihaela@valtryp.ro,VALTRYP SRL,Producție / Logistică,Bihor,"MUNCITOR NECALIFICAT LA ASAMBLAREA, MONTAREA PIESELOR",8,7826469
bm_constanta@elgeka-ferfelis.ro,ELGEKA FERFELIS ROMANIA SA,Producție / Logistică,,SOFER DE AUTOTURISME SI CAMIONETE,1,4071993
boca.carmen@actrading.ro,A C TRADING SRL,Producție / Logistică,Mureș,CONTROLOR CALITATE,1,25234945
bogdan.boian@distrigoods.ro,DISTRI GOODS SRL,Altele,Argeș,LUCRATOR COMERCIAL,2,42242859
bogdan.milian@smart-bp.ro,ARCA QUOTIDIEN DESIGN,Construcții / Instalații,Tulcea,TÂMPLAR UNIVERSAL,5,46162302
bogdan.ologeanu@tesaro-construct.ro,TESARO KIT CONSTRUCT SRL,Construcții / Instalații,Municipiul București,"MUNCITOR NECALIFICAT LA DEMOLAREA CLADIRILOR, CAPTUSELI ZIDARIE, PLACI MOZAIC, FAIANTA, GRESIE, PARCHET",13,30917561
br@fereastra1.ro,METROPOLIS SRL,Producție / Logistică,Vaslui,AGENT DE VÂNZARI,1,17004031
bracau.a.t@xnet.ro,DIESEL SERVICE BOSANCI S.R.L.,SERVICE AUTO,Suceava,MECANIC AUTO,10,22478082
brasov@liviodario.ro,LIVIODARIO SRL,Altele,Brașov,Conducator auto transport rutier de persoane,1,11070834
brutarie@painvivant.ro,ARTIBRUN SRL,Altele,Galați,BRUTAR,2,33034395
btc@histria.ro,BLASTING TANK COATING SRL,Construcții / Instalații,Constanța,CURATITOR-SABLATOR,33,7740103
bucharest.colosseum@lcwaikiki.com,LC WAIKIKI RETAIL RO SRL,Retail,Municipiul București,CASIER,1,26054330
bucharest.grandarena@lcwaikiki.com,LC WAIKIKI RETAIL RO SRL,Retail,Municipiul București,LUCRATOR COMERCIAL,1,26054330
bucuresti@icme.vionet.gr,ICME ECAB SA,Producție / Logistică,Municipiul București,OPERATOR LA MASINI-UNELTE SEMIAUTOMATE SI AUTOMATE,9,11703669
budescu.maria@pomadil.ro,POMADIL COM SRL,COMERT,Gorj,LUCRATOR GESTIONAR,1,3846919
bv.ojpc_sb@ro.post,COMPANIA NATIONALA POSTA ROMANA S.A. BUCURESTI SUCURSALA BRASOV,Servicii transport / curierat,Sibiu,FACTOR POSTAL,1,40723325
c.dimian@maspex.ro,MASPEX ROMANIA SRL,Producție / Logistică,Suceava,OPERATOR CIRCUITE RETEA APA,5,3451510
c.manta@itc-logistic.ro,ITC LOGISTIC ROMANIA SRL,Producție / Logistică,Timiș,LUCRATOR GESTIONAR,1,18779419
calin.rosu@corexgroup.com,COREX ROMANIA SRL,Producție / Logistică,Bihor,STIVUITORIST,1,24652923
calin@eurobil.ro,EUROBIL IMPEX SRL,Altele,Cluj,FRIGORIFERIST (FRIGOTEHNIST),2,4791544
calina.sebe-gotu@exclusivcatering.ro,EXCLUSIV CATERING SRL,RESTAURANTE,Cluj,BUCATAR,1,14442363
calitate@biogenvet.ro,BIOGEN VET SRL,Altele,Bacău,MANIPULANT MARFURI,3,37677709
camelia.fatol@saraexpert.ro,Plomonas Coffee srl,RESTAURANTE,Arad,FEMEIE DE SERVICIU,1,35706220
camelia.luta@karcher.com,CER CLEANING EQUIPMENT SRL,Producție / Logistică,,AMBALATOR MANUAL,10,19306966
camelia.marian@aramis.com.ro,ARAMIS INVEST SRL,PRODUCTIE MOBILA,Sălaj,MUNCITOR NECALIFICAT ÎN INDUSTRIA CONFECTIILOR,10,6793010
camelia.panait@fmcgmanagement.ro,FMCG MARKETING DISTRIBUTIE SRL,Altele,Municipiul București,MANIPULANT MARFURI,6,16601961
camelia.stanciu@ulmacont.ro,MALVPLAST INVEST SRL,Altele,Argeș,OPERATOR LA PRELUCRAREA MASELOR PLASTICE,2,27177846
camelia.tincau@tiesi.ro,TIE SERVICES INTERNATIONAL SRL,Producție / Logistică,Satu Mare,SPECIALIST ÎN DOMENIUL CALITATII,3,15478497
camelia@coloradea.com,Coloradea Srl,Producție / Logistică,Bihor,CONFECTIONER ARTICOLE HÂRTIE,1,52333822
caminvarstnici@apulum.ro,CAMINUL PENTRU PERSOANE VARSTNICE ALBA IULIA,ASISTENTA SOCIALA,Alba,FIZIOKINETOTERAPEUT,1,9778945
cancetin@aegeanro.com,AEGEANROM FOUNDATION ENGINEERING SRL,Construcții / Instalații,Ilfov,"MUNCITOR NECALIFICAT LA ÎNTRETINEREA DE DRUMURI, SOSELE, PODURI, BARAJE",6,44972124
career.dhi@welp-group.com,DRESSEL + HOFNER INTERNATIONAL SRL,Producție / Logistică,Sibiu,"MUNCITOR NECALIFICAT LA ASAMBLAREA, MONTAREA PIESELOR",4,18124630
career.ro@lsag.com,SC LEATHER&SHOE SRL,COMERT,Municipiul București,LUCRATOR COMERCIAL,1,22327438
careers.bv@freudenberg.com,FREUDENBERG BUSINESS SERVICES SRL,Altele,Brașov,REFERENT DE SPECIALITATE FINANCIAR-CONTABILITATE,2,13781310
cariera@scc.com,SCC SERVICES ROMANIA SRL,Altele,Iași,AGENT SERVICII CLIENT,15,18544528
cariera@tarom.ro,COMPANIA NATIONALA DE TRANSPORTURI AERIENE ROMANE TAROM SA,Servicii transport / curierat,Ilfov,AGENT TRANSPORTURI,2,477647
cariere.automotive@harting.com,HARTING RO AUTOMOTIVE SRL,Producție / Logistică,Sibiu,"MUNCITOR NECALIFICAT LA ASAMBLAREA, MONTAREA PIESELOR",2,35487163
cariere@binarelectronics.ro,S.C. BINAR HOLDING S.R.L.,Specialiști / Tehnicieni,Maramureș,TEHNICIAN ELECTRONICA,2,38827995
cariere@continentlhotels.ro,CONTINENTAL HOTELS S.A.,Turism / Alimentație,Municipiul București,INGINER ELECTRICIAN,1,1559737
cariere@deltamed.ro,DELTAMED SRL,Producție / Logistică,Cluj,MONTATOR SUBANSAMBLE,8,9434372
cariere@depozitprodsid.ro,Virsal Systems SRL,COMERT,Prahova,MANIPULANT MARFURI,2,12093810
cariere@electroplast.ro,SC ELECTROPLAST SA,Producție / Logistică,Bistrița-Năsăud,CONFECTIONER IZOLATII LA CONDUCTORI ELECTRICI,2,5027384
cariere@kredianis.ro,KREDIANIS SRL,COMERT,Vaslui,CASIER,5,28464540
cariere@next-gen.ro,NEXTGEN COMMUNICATIONS SRL,IT / Telecomunicații,Constanța,TEHNICIAN RETELE DE TELECOMUNICATII,1,24166583
cariere@piata9.com,HONEST FOOD SRL,RESTAURANTE,Bihor,BRUTAR,4,36973390
cariere@primaclinic.ro,A C MEDICAL PRIME SRL,Medicină / Sănătate /Psihoterapie,Dolj,ASISTENT MEDICAL GENERALIST,1,30292829
cariere@provident.ro,PROVIDENT FINANCIAL ROMANIA INSTITUTIE FINANCIARA NEBANCARA SA,Vânzări,Municipiul București,AGENT DE VÂNZARI,4,18346091
cariere@ruris.ro,RURIS IMPEX SRL,Producție / Logistică,Dolj,OPERATOR LA MASINI-UNELTE CU COMANDA NUMERICA,11,5045437
cariere@som.ro,MEDEX VITAL SERV SRL,Medicină / Sănătate /Psihoterapie,Mureș,INFIRMIER/INFIRMIERA,4,38192027
carla@digitalhunt.co,KIRMAN ADRIANA -CARLA,Au pair / Babysitter / Curățenie,Municipiul București,MENAJERA,1,2910416284571
carmen.agape@isovolta.ro,ISOVOLTA S.R.L.,Construcții / Instalații,Municipiul București,MASINIST LA MASINI SPECIALE DE ASCHIERE,2,11703677
carmen.bat@selina.ro,PRECON TRANSILVANIA S.R.L.,Construcții / Instalații,Bihor,"MUNCITOR NECALIFICAT LA ÎNTRETINEREA DE DRUMURI, SOSELE, PODURI, BARAJE",10,40807310
carmen.radu@ro.post,COMPANIA NATIONALA POSTA ROMANA SA SUCURSALA PLOIESTI,Altele,Prahova,ADMINISTRATOR BAZE DE DATE,1,40706456
carmen.spulber@axaplus.ro,AXA PLUS SRL,Construcții / Instalații,Brașov,CONFECTIONER TÂMPLARIE DIN ALUMINIU SI MASE PLASTICE,3,10660810
carmen@contec.ro,CONTEC FOODS SRL,Producție / Logistică,Galați,MUNCITOR NECALIFICAT ÎN AGRICULTURA,9,14041515
carmen@promotop.eu,PROMOTOP MKT SRL,Producție / Logistică,Iași,OPERATOR PRESA DE TRANSFER TERMIC,1,16562293
catalin@preocupatideviitor.ro,ECOGREEN CONSTRUCT SRL,Altele,Giurgiu,CONDUCATOR AUTOSPECIALA,2,25716944
catalina.leontescu@fermier.info,TERMI VET CONSULTING,Agricultură / Zootehnie,Prahova,MEDIC VETERINAR,1,47404277
catalina.onu@aaylex.com,AAYLEX ONE S.A.,Agricultură / Zootehnie,Buzău,MUNCITOR NECALIFICAT ÎN AGRICULTURA,10,45303187
catalina.stanciu@em.ro,ELECTROTEHNICA ECHIPAMENTE ELECTRICE S.A.,Producție / Logistică,Municipiul București,"MUNCITOR NECALIFICAT LA ASAMBLAREA, MONTAREA PIESELOR",1,21794966
catherine@distral.ro,SMIRO TOUR SRL,Turism / Alimentație,Cluj,AJUTOR OSPATAR,2,23966294
cbadulescu@ccninsaat.com,CCN ALTYAPI YATIRIMLARI VE INȘAAT ANONIM ȘIRKETI ANKARA SUCURSALA BUCURESTI,Construcții / Instalații,Municipiul București,FUNCTIONAR ECONOMIC,1,45820167
cbanv@cbanordvest.ro,CBA NORD VEST SRL,COMERT,Maramureș,LUCRATOR COMERCIAL,1,14636912
cbogdanel@maschiogaspardo.com,MASCHIOGASPARDO ROMANIA SRL,Producție / Logistică,Arad,MONTATOR SUBANSAMBLE,5,15126113
ceahlau@mecanicaceahlau.ro,MECANICA CEAHLAU SA,Altele,Neamț,LACATUS MECANIC,1,2045262
cerasela.pichineru@hrg-hotels.com,COMTEL FOCUS SA,Turism / Alimentație,Ilfov,ÎNGRIJITOR SPATII HOTELIERE,1,5223011
certexpert@innofa.com,INNOFA ROMANIA SRL,Producție / Logistică,Sibiu,CONFECTIONER-ASAMBLOR ARTICOLE DIN TEXTILE,4,51553498
cfl@ltpgroup.com,LTP BALKAN SRL,FABRICAREA ARTICOLELOR DE IMBRACAMINTE,Botoșani,"OPERATOR CONFECTIONER INDUSTRIAL ÎMBRACAMINTE DIN TESATURI, TRICOTAJE, MATERIALE SINTETICE",4,46026823
chiruta.george@dornaecohouse.ro,SC DORNA ESCAPE SRL,RESTAURANTE,Suceava,OSPATAR (CHELNER),2,43186900
cimhr@cognizant.com,COGNIZANT TECHNOLOGY SOLUTIONS ROMANIA S.R.L.,Altele,Cluj,CONSULTANT ÎN INFORMATICA,1,10938454
ciprian.lazar@grafex.ro,ETANSARI GRAFEX SRL,Producție / Logistică,Prahova,OPERATOR LA MASINI-UNELTE SEMIAUTOMATE SI AUTOMATE,11,8925614
claudia.ghimis@esaudit.ro,ART BURGER SRL,RESTAURANTE,Municipiul București,AJUTOR BUCATAR,5,48539841
claudia.ghimsi@esaudit.ro,ART BURGER SRL,RESTAURANTE,Municipiul București,AJUTOR BUCATAR,5,48539841
claudia.palanga@polaris.ro,POLARIS M.HOLDING SRL,Altele,Constanța,LUCRATOR PENTRU SALUBRIZARE CAI PUBLICE,20,12079629
claudia.panait@euromellis.ro,EUROMELLIS NATURA S.R.L.,Producție / Logistică,Prahova,"USCATOR-DESHIDRATOR LEGUME, FRUCTE",1,33365240
claudia@entouragefurniture.com,ENTOURAGE FURNITURE SRL,PRODUCTIE MOBILA,Cluj,AMBALATOR MANUAL,6,15591827
claudia@furniturevision.ro,FURNITURE VISION SRL,Altele,Ilfov,"MUNCITOR NECALIFICAT LA ASAMBLAREA, MONTAREA PIESELOR",1,32586286
claudia@ludicomart.ro,LUDICOM ART S.R.L.,Producție / Logistică,Ilfov,UCENIC,15,17244611
claudia@minamuseum.com,LE BRUNCH GOURMET SRL,RESTAURANTE,Municipiul București,AJUTOR BUCATAR,1,35983329
claudiu.oprea@cgtrans.com,OPREA CLAUDIU-IONUT,Au pair / Babysitter / Curățenie,Municipiul București,GUVERNANTA,1,1961112384978
claudiu@euphoria.ro,EUPHORIA PUB SRL,RESTAURANTE,Cluj,LUCRATOR BUCATARIE (SPALATOR VASE MARI),3,26538322
climapro.srl@gmai.com,CLIMA PRO SRL,Construcții / Instalații,Olt,INGINER INSTALATII PENTRU CONSTRUCTII,1,21436100
cluj@liviodario.ro,LIVIODARIO SRL,Altele,Cluj,Conducator auto transport rutier de persoane,1,11070834
clujcareers@steelcase.com,STEELCASE SRL,Altele,Cluj,DESIGNER GRAFICA (STUDII SUPERIOARE),1,29181916
codrut.nicola@spiact.ro,SPIACT CRAIOVA S.A.,Construcții / Instalații,Timiș,ELECTRICIAN ÎN CONSTRUCTII,4,14452049
comcereal@comcereal.ro,COMCEREAL SA,Producție / Logistică,Vrancea,SOFER DE AUTOTURISME SI CAMIONETE,4,8206929
comenzi@ioneda.ro,IONEDA COM SRL,COMERT,Sibiu,MANIPULANT MARFURI,1,17551217
comenzi@olivbistro.ro,NATI ECO SRL,RESTAURANTE,Iași,PIZZAR,2,31682870
comenzi@rotecom.ro,ROTECOM-GLASS S.R.L.,Construcții / Instalații,Mureș,OPERATOR CALCULATOR ELECTRONIC SI RETELE,1,15302805
comercial@artwood.ro,ART WOOD COMPANY SRL,PRODUCTIE MOBILA,Hunedoara,MANIPULANT MARFURI,2,16065421
comercial@conservfruct.ro,CONSERVFRUCT SRL,Agricultură / Zootehnie,Neamț,MANIPULANT MARFURI,3,4998460
conest@rdslink.ro,CONEST SA,Construcții / Instalații,Iași,SOFER DE AUTOTURISME SI CAMIONETE,3,1959695
conpet@conpet.ro,CONPET SA,Altele,Prahova,FEMEIE DE SERVICIU,2,1350020
constantin.bacrau@bacrau.ro,S.C. BACRAU INTERNATIONAL S.R.,Altele,Suceava,SOFER DE AUTOTURISME SI CAMIONETE,3,1628829
construct@metaller.ro,METALLER ELECTRIC SRL,COMERT,Mureș,MANIPULANT MARFURI,1,44098050
cont@agrifarm.ro,AGRIFARM SRL,Agricultură / Zootehnie,Dolj,MUNCITOR NECALIFICAT ÎN AGRICULTURA,3,11515860
cont@willy.ro,WILLY IMPEX SRL,FABRICAREA ARTICOLELOR DE IMBRACAMINTE,Bacău,"CROITOR-CONFECTIONER ÎMBRACAMINTE, DUPA COMANDA",50,4277404
conta@aquapark-felix.ro,PRESIDENT LUXURY,Turism / Alimentație,Bihor,INSTALATOR INSTALATII TEHNICO-SANITARE SI DE GAZE,1,47598912
conta@doriani.ro,DORIANI ROAD SRL,Construcții / Instalații,Bihor,MASINIST LA MASINI PENTRU TERASAMENTE (IFRONIST),4,49415647
conta@gtoarad.ro,GHETEO DRIVING S.R.L.,Servicii transport / curierat,Arad,DISPECER,1,45003538
conta@rcbelectro.ro,RCB ELECTRO 97 SA,Construcții / Instalații,Bistrița-Năsăud,CONFECTIONER IZOLATII LA CONDUCTORI ELECTRICI,4,7488031
contabiliate@eurodinamic.ro,EURODINAMIC SRL,COMERT,Dolj,MECANIC UTILAJ,1,16023680
contabilitate2@gica.ro,GICA IMPORT-EXPORT ITALIA SRL,COMERT,Arad,TEHNICIAN MECANIC,1,8375570
contabilitate3@xprompt.ro,X PROMPT PRINT SRL,Producție / Logistică,,LEGATOR MANUAL (ÎN POLIGRAFIE SI ATELIERE SPECIALE),25,49686832
contabilitate@aiva.ro,AIVA DUCT DIRECT SRL,Altele,Ilfov,"MUNCITOR NECALIFICAT LA ASAMBLAREA, MONTAREA PIESELOR",15,31107210
contabilitate@alexco.ro,ALEX & CO SA,PRODUCTIE MOBILA,Covasna,"MUNCITOR NECALIFICAT LA ASAMBLAREA, MONTAREA PIESELOR",6,6830461
contabilitate@amgagregate.ro,AMG MINERALS SRL,Altele,Dolj,MANAGER,1,27049618
contabilitate@andres-speditions.ro,ANDRES SPEDITIONS S.R.L.,Servicii transport / curierat,Prahova,MASINIST LA MASINI PENTRU TERASAMENTE (IFRONIST),1,29257313
contabilitate@aromaevents.ro,ROMSIANA SRL,RESTAURANTE,Cluj,BUCATAR,1,14331888
contabilitate@atriaconcept.ro,ATRIA CONCEPT SRL,Construcții / Instalații,Galați,MAISTRU ELECTROMECANIC,1,35988245
contabilitate@atxcomputers.ro,ATXCOMPUTERS GROUP SRL,COMERT,Prahova,MANIPULANT MARFURI,4,13400041
contabilitate@auditexpertcont.ro,CINTEZA SERVICECOM SRL,Vânzări,Vaslui,LUCRATOR COMERCIAL,3,6457304
contabilitate@axaporcelaine.ro,AXA PORCELAINE SRL,Producție / Logistică,Alba,FASONATOR PRODUSE CERAMICE,1,1762110
contabilitate@bizhunts.ro,BIZ HUNT SOFTWARE SRL,Altele,Dâmbovița,DIRECTOR GENERAL ADJUNCT SOCIETATE COMERCIALA,1,32954922
contabilitate@boutiquedupain.ro,BOUTIQUE DU PAIN BUCHAREST SRL,Altele,Municipiul București,AJUTOR BUCATAR,6,25403300
contabilitate@businessdivision.ro,HOSPICE SENIORUM,Medicină / Sănătate /Psihoterapie,Iași,INFIRMIER/INFIRMIERA,10,49306569
contabilitate@campeador.ro,CAMPEADOR SRL,Construcții / Instalații,,"MUNCITOR NECALIFICAT LA DEMOLAREA CLADIRILOR, CAPTUSELI ZIDARIE, PLACI MOZAIC, FAIANTA, GRESIE, PARCHET",2,18467590
contabilitate@centralmotors.ro,CENTRAL MOTORS SRL,SERVICE AUTO,Bistrița-Năsăud,ELECTROMECANIC AUTO,1,12517010
contabilitate@chocolatefactory.ro,MHV PROCESSING S.R.L.,FABRICAREA ARTICOLELOR DE IMBRACAMINTE,Maramureș,"CROITOR-CONFECTIONER ÎMBRACAMINTE, DUPA COMANDA",3,41129038
contabilitate@cplconcordia.ro,CPL CONCORDIA FILIALA CLUJ ROMANIA,Construcții / Instalații,Cluj,INSTALATOR INSTALATII TEHNICO-SANITARE SI DE GAZE,1,14895720
contabilitate@craciuntrade.ro,CRĂCIUN TRADE SRL,SERVICE AUTO,Sibiu,UCENIC,2,17714802
contabilitate@darcom.ro,DARCOM SRL,Altele,Gorj,TIPOGRAF PRINT DIGITAL SI OFFSET,1,2161720
contabilitate@dmconstructcluj.ro,D&M CONSTRUCT SRL,Construcții / Instalații,Cluj,"INGINER CONSTRUCTII CIVILE, INDUSTRIALE SI AGRICOLE",1,17475500
contabilitate@drwheel.ro,VLADADEL SRL,SERVICE AUTO,Mureș,VULCANIZATOR DE PRODUSE INDUSTRIALE DIN CAUCIUC,8,18826367
contabilitate@eutrucks.ro,EUROTRADE TRANSILVANIA SRL,SERVICE AUTO,Brașov,SPALATOR VEHICULE,1,21432745
contabilitate@expertcompany.ro,EXPERT COMPANY GROUP SRL,Producție / Logistică,Mureș,"MUNCITOR NECALIFICAT LA ASAMBLAREA, MONTAREA PIESELOR",4,18104390
contabilitate@fendercables.com,FENDER CABLES SRL,Producție / Logistică,Cluj,"MUNCITOR NECALIFICAT LA ASAMBLAREA, MONTAREA PIESELOR",1,13414934
contabilitate@globaltech.com.ro,GLOBAL TECH SRL,COMERT,Iași,TEHNICIAN ENERGETICIAN/ELECTRICIAN,2,1971141
contabilitate@hermi.ro,HERMI CONSTRUCT SRL,Producție / Logistică,Brașov,OPERATOR LA MASINI-UNELTE SEMIAUTOMATE SI AUTOMATE,3,8084759
contabilitate@hidroavil.ro,HIDROAVIL CONSTRUCT SRL,Construcții / Instalații,Gorj,"MUNCITOR NECALIFICAT LA DEMOLAREA CLADIRILOR, CAPTUSELI ZIDARIE, PLACI MOZAIC, FAIANTA, GRESIE, PARCHET",1,30731347
contabilitate@hleconstruct.ro,HEAVY LOAD EXPEDITION SRL,Construcții / Instalații,Cluj,"MUNCITOR NECALIFICAT LA ÎNTRETINEREA DE DRUMURI, SOSELE, PODURI, BARAJE",6,34951388
contabilitate@hotelgradinamorii.ro,HOTEL GRADINA MORII S.R.L.,Turism / Alimentație,Maramureș,BARMAN,4,40709827
contabilitate@housedoctor.ro,LIFT DOCTOR ARAD SRL,Construcții / Instalații,Arad,UCENIC,3,37810839
contabilitate@hydroagrifer.ro,SC HYDROAGRIFER SRL,Producție / Logistică,Dolj,OPERATOR MONTAJ LINII AUTOMATE,5,33870471
contabilitate@intercamion.ro,INTER CAMION SERVICE SRL,SERVICE AUTO,Cluj,MECANIC AUTO,1,23063989
contabilitate@iubiexim.ro,S.C.IUBI EXIM SRL,Servicii transport / curierat,Bihor,Conducător auto transport rutier de mărfuri,9,7591494
contabilitate@janmar.ro,JANMAR COM SRL,COMERT,,MANIPULANT MARFURI,1,5211602
contabilitate@kereszturi.com,TARNAVA MARE COOPERATIVA AGRICOLA,Producție / Logistică,Harghita,AMBALATOR MANUAL,1,28274995
contabilitate@kynita.ro,KYNITA SRL,Producție / Logistică,Vâlcea,AMBALATOR MANUAL,10,7485809
contabilitate@matprodsteel.ro,MATPROD STEEL SRL,Producție / Logistică,Cluj,MUNCITOR NECALIFICAT ÎN INDUSTRIA CONFECTIILOR,2,15918032
contabilitate@metemtextil.ro,MELTEM TEXTIL S.R.L.,Vânzări,Prahova,AGENT DE VÂNZARI,1,15020090
contabilitate@miragecraiova.ro,CASAMENTOS SRL,RESTAURANTE,Dolj,LUCRATOR COMERCIAL,2,36020998
contabilitate@mmautoservice.ro,M&M AUTOSERVICE PLUS SRL,SERVICE AUTO,Dolj,MECANIC AUTO,1,31831298
contabilitate@narro.ro,AHTPAK TRADING 2021,COMERT,Ilfov,AGENT DE VÂNZARI,1,44421214
contabilitate@newsonoma.ro,ITHAKI GROUP S.R.L.,FABRICAREA ARTICOLELOR DE IMBRACAMINTE,Bacău,"OPERATOR CONFECTIONER INDUSTRIAL ÎMBRACAMINTE DIN TESATURI, TRICOTAJE, MATERIALE SINTETICE",70,44473299
contabilitate@nomis2003.ro,NOMIS 2003 SRL,Construcții / Instalații,Vaslui,"MUNCITOR NECALIFICAT LA ÎNTRETINEREA DE DRUMURI, SOSELE, PODURI, BARAJE",1,15193295
contabilitate@nomis2033.ro,NOMIS 2003 SRL,Construcții / Instalații,Vaslui,MASINIST LA MASINI PENTRU TERASAMENTE (IFRONIST),1,15193295
contabilitate@onoblic.ro,ON OBLIC SRL,Administrativ / Secretariat,,SECRETARA,1,22193514
contabilitate@palascom.ro,PALAS COM SRL,COMERT,Mureș,SEF DEPOZIT,4,6668000
contabilitate@pamastrading.ro,PAMAS TRADING SRL,COMERT,Ilfov,MANIPULANT MARFURI,3,12674049
contabilitate@pamirco.com,PAMIRCO SRL,Producție / Logistică,Timiș,MUNCITOR NECALIFICAT ÎN SILVICULTURA,1,15301346
contabilitate@panagroteh.ro,PANAGROTEH SERVICE SRL,Vânzări,Bihor,AGENT DE VÂNZARI,1,26271674
contabilitate@paradisstar.ro,PARADIS STAR,COMERT,Constanța,Comerciant vanzator marfuri nealimentare,1,6018945
contabilitate@pastravuldintarata.com,PĂSTRĂVĂRIA VALEA STÂNII ZĂGANU S.R.L.,Altele,Prahova,CONSILIER JURIDIC,1,25458179
contabilitate@pietroasa.ro,PIETROASA SA,Turism / Alimentație,Buzău,RECEPTIONER DE HOTEL,1,1153002
contabilitate@pma.ro,PMA INVEST SRL,Altele,Cluj,COLATOR PUBLICITAR,1,10638155
contabilitate@polteks.ro,POLTEKS SRL,Producție / Logistică,Prahova,STRUNGAR UNIVERSAL,1,13001679
contabilitate@privilegcatering.ro,PRIVILEG CATERING SRL,Turism / Alimentație,Ilfov,BUCATAR,2,14358263
contabilitate@proexib.ro,PROEXIB INSTAL SRL,Construcții / Instalații,Timiș,"MUNCITOR NECALIFICAT LA DEMOLAREA CLADIRILOR, CAPTUSELI ZIDARIE, PLACI MOZAIC, FAIANTA, GRESIE, PARCHET",5,29581068
contabilitate@rokaflex.ro,ROKA FLEX SRL,Construcții / Instalații,Ilfov,MONTATOR SUBANSAMBLE,8,27331073
contabilitate@rutiertrans.com,SC RUTIER MITROSPEED SRL,Servicii transport / curierat,Maramureș,SOFER DE AUTOTURISME SI CAMIONETE,5,35136332
contabilitate@sansiro.ro,SC SAN SIRO IMPEX SRL,Producție / Logistică,Cluj,MANIPULANT MARFURI,1,252792
contabilitate@selectgrup.ro,SELECT GRUP SA,RESTAURANTE,Iași,VÂNZATOR,2,7585859
contabilitate@sophiaromania.ro,SOPHIA INOVATION SRL,Producție / Logistică,Iași,CONFECTIONER-ASAMBLOR ARTICOLE DIN TEXTILE,1,28042022
contabilitate@spclepbv.ro,SERVICIUL PUBLIC COMUNITAR LOCAL DE EVIDENTA A PERSOANELOR BRASOV,Altele,Brașov,FEMEIE DE SERVICIU,1,17773744
contabilitate@steeleconfex.ro,STEELECONFEX S.R.L.,Altele,,MUNCITOR NECALIFICAT ÎN METALURGIE,5,43746838
contabilitate@sync.ro,Syncro Soft SRL,IT / Telecomunicații,Dolj,PROGRAMATOR,3,10639959
contabilitate@tekso.ro,FIBA TRADING COMPANY IMPEX SRL,COMERT,Municipiul București,COFETAR,3,3320999
contabilitate@the-store.ro,THE STORE TRANSILVANIA SRL,COMERT,Bihor,VÂNZATOR,1,30874746
contabilitate@tivicoimpex.ro,SC TIVICO IMPEX SRL,Altele,Vaslui,Conducător auto transport rutier de mărfuri,1,8798146
contabilitate@tomorogaconstruct.ro,TOMOROGA CONSTRUCT SRL,Construcții / Instalații,,"INGINER CONSTRUCTII CIVILE, INDUSTRIALE SI AGRICOLE",1,16802248
contabilitate@topmed.ro,CENTRUL MEDICAL TOPMED SRL,Medicină / Sănătate /Psihoterapie,Mureș,ASISTENT MEDICAL GENERALIST,2,6781938
contabilitate@turbotax.ro,OHORECA PARTNER RECICLARE SRL,COMERT,Maramureș,REPREZENTANT COMERCIAL,1,46485125
contabilitate@wagon.ro,S.C. WAGONS MAINTENANCE SRL,Specialiști / Tehnicieni,Alba,INGINER MECANIC,2,34451870
contabilitate@winfortrade.ro,WINFOR TRADE SRL,Construcții / Instalații,Harghita,Conducător auto transport rutier de mărfuri,3,18949564
contabilitate@yli.ro,YLI ETERNIT ACCES SRL,COMERT,Cluj,AMBALATOR MANUAL,2,19284558
contact.superbon@superbon.ro,SUPERBON SRL,Altele,Bihor,MANIPULANT MARFURI,11,19054826
contact@5chirpici.ro,WORLDWIDE FINANCIAL CONSULTING SRL,Turism / Alimentație,,AJUTOR BUCATAR,2,29901200
contact@adps6.ro,ADP SECTOR 6,Altele,Municipiul București,MECANIC AGRICOL,2,4364349
contact@agrojet-sa.ro,MAGIC AGROJET SA,Producție / Logistică,Alba,OPERATOR LA MASINI-UNELTE CU COMANDA NUMERICA,1,1764642
contact@agrolegum.ro,AGROLEGUM LIE S.R.L.,Agricultură / Zootehnie,Ilfov,MUNCITOR NECALIFICAT ÎN AGRICULTURA,2,30961826
contact@alexandraanastasiei.ro,Asociația Femei din Piatra,Educație / Training / Coaching,Neamț,PEDAGOG SCOLAR,1,52233947
contact@amicos.ro,AMICOS SRL,Construcții / Instalații,Sibiu,LACATUS MECANIC,3,3350701
contact@angus-farm.com,ANGUS FARM VENTURES SRL,Agricultură / Zootehnie,,MECANIC AGRICOL,2,45868947
contact@apa-canal2000.ro,APACANAL 2000 SA,Altele,Argeș,INSTALATOR INSTALATII TEHNICO-SANITARE SI DE GAZE,2,13009001
contact@arakineto.ro,PROKINETIC & NUTRITION S.R.L.,COMERT,,FIZIOTERAPEUT,1,40500439
contact@archicraft.ro,ARCHICRAFT DESIGN BUILD S.R.L.,Vânzări,Satu Mare,ASISTENT MANAGER,1,46647871
contact@arteflux.ro,ARTEFLUX SRL,FABRICAREA ARTICOLELOR DE IMBRACAMINTE,Iași,"CONFECTIONER, PRELUCRATOR ÎN INDUSTRIA TEXTILA",4,40171280
contact@artsani.ro,ARTSANI COM SRL,COMERT,Prahova,AGENT DE VÂNZARI,1,14528066
contact@atarlawyer.ro,BEST WORLD SRL,RESTAURANTE,Municipiul București,PIZZAR,3,33114575
contact@atelierjuridic.ro,ODED GAMES SRL,Altele,Municipiul București,ADMINISTRATOR SOCIETATE COMERCIALA,1,50020110
contact@autotehnostil.ro,AUTO TEHNOSTIL SRL,Producție / Logistică,Cluj,ELECTRICIAN AUTO,1,35211990
contact@besthotelhd.ro,QUARTZ TURISM SRL,RESTAURANTE,Hunedoara,BUCATAR,1,36494886
contact@bluecorp.ro,BLUE CORP SECURITY SRL,Armată / Pază/ Protecție,Municipiul București,AGENT DE SECURITATE,10,19262401
contact@cadastru.biz,ZOOMACAD SRL,Inginerie,Municipiul București,INGINER GEODEZ,2,24736064
contact@caro-oradea.ro,SC CRISTESIM SRL,RESTAURANTE,Bihor,AJUTOR OSPATAR,1,16272923
contact@clinicaidealmed.ro,CLINICA IDEALMED S.R.L.,Medicină / Sănătate /Psihoterapie,Bihor,KINETOTERAPEUT,2,21293361
contact@cnab.ro,COMPANIA NATIONALA,Altele,Ilfov,SPECIALIST ÎN RELATII PUBLICE,1,26490194
contact@comsig.ro,COMSIG GRUP SRL,COMERT,Bistrița-Năsăud,LUCRATOR COMERCIAL,1,18696402
contact@conexclean.ro,CONEX CLEAN SRL,Altele,Municipiul București,UCENIC,3,36378628
contact@constructiiherald.ro,HERALD COM IMPEX SRL,Construcții / Instalații,Bihor,MUNCITOR NECALIFICAT LA SPARGEREA SI TAIEREA MATERIALELOR DE CONSTRUCTII,1,5680390
contact@contabilitate-ec.ro,CONTABILITATE EC SRL,Contabilitate / Financiar,Mureș,CONSILIER/EXPERT/INSPECTOR/REFERENT/ECONOMIST ÎN ECONOMIE GENERALA,1,17477331
contact@coronahr.ro,CORONA BUSINESS PROJECTS S.R.L.,Altele,Brașov,AMBALATOR MANUAL,5,39702965
contact@crispyhouse.ro,CRISPY HOUSE SRL,Altele,,BARMAN,1,32023380
contact@culturabraila.ro,CENTRUL CULTURAL SI DE AGREMENT CHIRA CHIRALINA,Administrativ / Secretariat,Brăila,ADMINISTRATOR,1,4342936
contact@delicio.ro,KRON BUILD SRL,RESTAURANTE,Brașov,LUCRATOR BUCATARIE (SPALATOR VASE MARI),8,27128533
contact@demitros.ro,DEMITROS SRL,Altele,Iași,BOBINATOR MASINI ELECTRICE ROTATIVE,1,7943590
contact@dimaracademy.ro,S.C. REINVENT ENERGY SRL,Altele,Municipiul București,LACATUS MECANIC,15,37358718
contact@dypety.ro,DYPETY SRL,Altele,,"MUNCITOR NECALIFICAT LA ASAMBLAREA, MONTAREA PIESELOR",1,7258130
contact@edilexpertpubliservsuseni.ro,EDIL EXPERT PUBLISERV SUSENI SRL,Altele,Argeș,SAPATOR MANUAL,4,27414292
contact@ehvac.ro,ALUPLAST SYSTEM SRL,COMERT,Cluj,MANIPULANT MARFURI,2,16125213
contact@ellisium.ro,Ellisium Center,Altele,Iași,RECEPTIONIST,1,40362913
contact@eurocompozite.ro,EUROCOMPOZITE SRL,Producție / Logistică,Bistrița-Năsăud,OPERATOR POLIESTERI ARMATI CU FIBRA DE STICLA,1,9579829
contact@eurotruckdas.ro,EUROTRUCK DAS SRL,Servicii transport / curierat,Iași,Conducător auto transport rutier de mărfuri,4,32924417
contact@farina.com.ro,FARINA COMPANY SA,Altele,Teleorman,AMBALATOR MANUAL,1,24515101
contact@fdfa.ro,SC WINDOWS DISTRIBUTION SRL,Altele,Arad,"MUNCITOR NECALIFICAT LA ASAMBLAREA, MONTAREA PIESELOR",10,33422800
contact@fermador.ro,FERMADOR SRL,Agricultură / Zootehnie,Iași,MUNCITOR NECALIFICAT ÎN AGRICULTURA,5,6550631
contact@fglpaza.ro,FGL SECURITY S.R.L.,SERVICII DE PAZA SI PROTECTIE,,AGENT DE SECURITATE,3,45014359
contact@fish-house.ro,FISH HOUSE BY ZORAN,RESTAURANTE,Municipiul București,LUCRATOR BUCATARIE (SPALATOR VASE MARI),2,36637617
contact@foliesiambalaje.ro,GRAZZI CONSULTING SRL,Producție / Logistică,Caraș-Severin,OPERATOR MASE PLASTICE,2,25034360
contact@free-star.ro,FREE STAR SRL,COMERT,Neamț,REPREZENTANT COMERCIAL,1,5473441
contact@frigofab.ro,PROD SONRESA SRL,Altele,Bacău,FRIGORIFERIST (FRIGOTEHNIST),2,41257053
contact@fvmetal.ro,FV METAL BISTRITA S.R.L.,Producție / Logistică,Bistrița-Năsăud,OPERATOR LA MASINI-UNELTE CU COMANDA NUMERICA,1,35354639
contact@ginort.ro,MIRODI EXPERT SRL,Construcții / Instalații,Municipiul București,ZUGRAV,2,37508360
contact@gmail.ro,CONSRED CONSTRUCT SRL,Construcții / Instalații,Cluj,"MUNCITOR NECALIFICAT LA DEMOLAREA CLADIRILOR, CAPTUSELI ZIDARIE, PLACI MOZAIC, FAIANTA, GRESIE, PARCHET",5,27147780
contact@gvgmecanica.ro,GVG ALUMINIUM TECHNOLOGIES SRL,Producție / Logistică,Bihor,OPERATOR LA MASINI-UNELTE SEMIAUTOMATE SI AUTOMATE,4,26310358
contact@hanulbucovinei.ro,TITIN TURISM SRL,Turism / Alimentație,Suceava,OSPATAR (CHELNER),1,49188307
contact@hotelliliacul.ro,SC LILIACUL COMPLEX COMERCIAL,Turism / Alimentație,Cluj,CAMERISTA HOTEL,2,217035
contact@hotelsilvadorna.ro,ORIENT MONTANA S.R.L.,Construcții / Instalații,Suceava,ÎNGRIJITOR CLADIRI,1,35356435
contact@hotelsuperski.ro,STAIMS COM SRL,Turism / Alimentație,Maramureș,ÎNGRIJITOR SPATII HOTELIERE,1,7064893
contact@industrial-montaj.ro,INDUSTRIAL MONTAJ SA,Construcții / Instalații,Prahova,LACATUS MECANIC,1,1348195
contact@kinetofit.ro,PHYSIOFITNESS SRL,Medicină / Sănătate /Psihoterapie,Municipiul București,KINETOTERAPEUT,1,37595315
contact@ks-arhitectura.ro,KONKRET STUDIO SRL,Construcții / Instalații,Cluj,PROIECTANT ARHITECT,1,27954772
contact@londoner.ro,BLACK SWAN EVENTS S.R.L.,RESTAURANTE,Cluj,AJUTOR BUCATAR,10,39515878
contact@luminiseyecenter.ro,LATERAL COMMUNICATION SRL,Medicină / Sănătate /Psihoterapie,Vâlcea,REGISTRATOR MEDICAL,1,47299139
contact@maira.ro,MAIRA MONTAJ S.R.L.,Producție / Logistică,Municipiul București,STRUNGAR LA MASINI ORIZONTALE,5,6661834
contact@manprotection.ro,MAN PROTECTION SRL,Producție / Logistică,Arad,CROITOR,1,15041122
contact@marketrix.ro,MARKETRIX NEXUS S.R.L.,Marketing,Municipiul București,ADMINISTRATOR SOCIETATE COMERCIALA,1,52265655
contact@moveos.ro,MOVEOS SRL,Producție / Logistică,Gorj,"MUNCITOR NECALIFICAT LA ASAMBLAREA, MONTAREA PIESELOR",1,36290967
contact@neurocalm.ro,NEUROCALM S.R.L.,Altele,Iași,SECRETAR ADMINISTRATIV,1,52292935
contact@norgroup.ro,NORINVEST CONSTRUCT S.R.L.,Altele,Vâlcea,"MUNCITOR NECALIFICAT LA DEMOLAREA CLADIRILOR, CAPTUSELI ZIDARIE, PLACI MOZAIC, FAIANTA, GRESIE, PARCHET",3,44278980
contact@offigurclean.ro,OFFIGUR KONCEPT S.R.L.,Altele,Maramureș,ÎNGRIJITOR CLADIRI,1,46508946
contact@parkvillas.ro,DENIX INVEST S.R.L.,Turism / Alimentație,Vâlcea,ÎNGRIJITOR SPATII VERZI,1,9820985
contact@printsystems.ro,PRINT SYSTEMS SRL,IT / Telecomunicații,Botoșani,TEHNICIAN ECHIPAMENTE DE CALCUL SI RETELE,1,51281520
contact@prospero.tm.ro,PROSPERO SRL,COMERT,Timiș,LUCRATOR COMERCIAL,6,3686583
contact@recrutero.ro,DAVID CLEAN SRL,Altele,Municipiul București,VIDANJOR-CURATITOR CANALE,4,22130710
contact@respiraverde.eu,RESPIRĂ VERDE SRL,Altele,Bihor,SOFER DE AUTOTURISME SI CAMIONETE,1,28688903
contact@rianacom.ro,Riana Com Srl,Producție / Logistică,Sibiu,MUNCITOR NECALIFICAT ÎN INDUSTRIA CONFECTIILOR,3,8157087
contact@rsconstruct.ro,ROM SERVICE CONSTRUCT,Construcții / Instalații,Municipiul București,SECRETARA,1,3511905
contact@rsge.ro,RELIABLE SOLUTIONS GROUP SRL,Inginerie,Municipiul București,ASISTENT MANAGER,1,29143300
contact@samaraclean.ro,SAMARA CLEAN S.R.L.,Altele,Bihor,AGENT CURATENIE CLADIRI SI MIJLOACE DE TRANSPORT,10,40325737
contact@sere-solarii.ro,FLOMA - VISKO SRL,Construcții / Instalații,Vaslui,CONSTRUCTOR-MONTATOR DE STRUCTURI METALICE,40,40117558
contact@silozurisecond.ro,AUTO TOTAL PREST SRL,Altele,Alba,MANIPULANT MARFURI,25,19015088
contact@sjub.ro,SPITALUL CLINIC JUDETEAN DE URGENTA BISTRITA,Medicină / Sănătate /Psihoterapie,Bistrița-Năsăud,MEDIC REZIDENT,1,4347593
contact@sofipex.ro,SOFIPEX BUSINESS EXPERT SRL,COMERT,Prahova,"OPERATOR INTRODUCERE, VALIDARE SI PRELUCRARE DATE",2,36029733
contact@sofitex.ro,SOFIPEX BUSINESS EXPERT SRL,COMERT,Prahova,OPERATOR LA MASINI-UNELTE SEMIAUTOMATE SI AUTOMATE,2,36029733
contact@solum.ro,SOLUM ELECTROINSTAL SRL,Construcții / Instalații,Municipiul București,MUNCITOR NECALIFICAT LA SPARGEREA SI TAIEREA MATERIALELOR DE CONSTRUCTII,2,47263925
contact@starcrest.ro,BIA SI COM SRL,Producție / Logistică,Bistrița-Năsăud,MANIPULANT MARFURI,1,5412428
contact@storuri-sine.ro,ARTAMIS STOR SRL,Producție / Logistică,,OPERATOR CALCULATOR ELECTRONIC SI RETELE,1,33414971
contact@tasi.ro,TASILINE SRL,COMERT,Satu Mare,FEMEIE DE SERVICIU,1,52352573
contact@teamguard.ro,TEAM GUARD,Armată / Pază/ Protecție,Municipiul București,AGENT DE SECURITATE,6,2601643
contact@thamvaly.ro,THAMVALY SRL,Construcții / Instalații,Municipiul București,ZUGRAV,100,43565076
contact@transformatoffice.ro,TRANSFORMAT SRL,IT / Telecomunicații,Cluj,AGENT DE VÂNZARI,1,16331400
contact@truck-service.ro,VSI EXPRESS S.R.L.,Altele,Suceava,SUDOR,3,30233440
contact@trustcore.ro,SOLARWATT DISTRIBUTION SRL,Construcții / Instalații,Ilfov,SOFER DE AUTOTURISME SI CAMIONETE,8,47298818
contact@umancare.ro,DANIELA CONSTRUCT SRL,Altele,Vâlcea,"MUNCITOR NECALIFICAT LA DEMOLAREA CLADIRILOR, CAPTUSELI ZIDARIE, PLACI MOZAIC, FAIANTA, GRESIE, PARCHET",6,22307767
contact@urbanintelligence.ro,GAZE INDUSTRIALE MURES S.R.L.,Construcții / Instalații,Mureș,INSTALATOR INSTALATII TEHNICO-SANITARE SI DE GAZE,1,38753804
contact@urbanwoods.ro,URBAN WOODS SRL,Altele,Alba,FASONATOR MECANIC (CHERESTEA),3,32902214
contact@vangao.ro,VANGAO S.R.L.,Producție / Logistică,Alba,MUNCITOR NECALIFICAT LA AMBALAREA PRODUSELOR SOLIDE SI SEMISOLIDE,1,23900249
contact@viaconsrutier.com,VIACONS RUTIER SRL,Altele,Vaslui,"MUNCITOR NECALIFICAT LA ÎNTRETINEREA DE DRUMURI, SOSELE, PODURI, BARAJE",17,14234540
contact@visualbrand.ro,S.C. STEVENSON S.R.L.,Marketing,Bihor,DESIGNER VIDEO,1,14903947
contapers@euro-center.ro,EURO CENTER AGENT DE ASIGURARE SRL,Contabilitate / Financiar,,CONTABIL,1,21898525
contrade@contrade.ro,CONTRADE SRL,COMERT,Brașov,MANIPULANT MARFURI,2,1112142
cooperativagusturidelatara@mail.com,GUSTURI DE LA  TARA COOPERATIVA AGRICOLA,Agricultură / Zootehnie,Olt,MUNCITOR NECALIFICAT ÎN AGRICULTURA,25,48253075
corina.dobre@biotur.ro,BIOTUR EXIM SRL,COMERT,Teleorman,REPREZENTANT COMERCIAL,1,8034823
corina.dudu@aplast.com,APLAST WOOD INDUSTRY SRL,Construcții / Instalații,Prahova,ELECTROMECANIC,1,26856598
corina.feier@benta.ro,ALPHA PARTNER SECURITY SRL,SERVICII DE PAZA SI PROTECTIE,Mureș,"TEHNICIAN PENTRU SISTEME DE DETECTIE, SUPRAVEGHERE VIDEO, CONTROL ACCES",1,32975240
corina.florescu@pladisglobal.com,EUREX ALIMENTARE SRL,Producție / Logistică,Ilfov,ELECTRICIAN DE ÎNTRETINERE SI REPARATII,2,14659169
corina.livadariu@malita.ro,MALITA SARAY FOOD SRL,Producție / Logistică,Municipiul București,INGINER MASINI TERMICE,1,28302378
corina.negoita@sprinter.ro,SPRINTER PROMOTION SRL,Marketing,Municipiul București,LEGATOR MANUAL (ÎN POLIGRAFIE SI ATELIERE SPECIALE),1,14323508
corina@straparo.ro,STRAPARO SRL,Altele,Brașov,OPERATOR FABRICATIE FLUX,2,34350230
cornelia.istrate@timken.com,TIMKEN ROMANIA SA,Altele,Prahova,GESTIONAR DEPOZIT,1,3196778
cornelia.necula@rasscosecuritate.com,RASSCO SECURITATE SA SOCIETATE,Specialiști / Tehnicieni,Municipiul București,"TEHNICIAN PENTRU SISTEME DE DETECTIE, SUPRAVEGHERE VIDEO, CONTROL ACCES",2,11816587
cornelia.ormenisan@vandewiele.com,VANDEWIELE ROMANIA SRL,Producție / Logistică,Timiș,"MONTATOR-REGLOR, DEPANATOR APARATE ELECTRONICE, TELECOMUNICATII, RADIO",15,35713341
cosmin.cirlig@darteleconstruct.ro,DARTELECONSTRUCT srl,Construcții / Instalații,Caraș-Severin,"MUNCITOR NECALIFICAT LA DEMOLAREA CLADIRILOR, CAPTUSELI ZIDARIE, PLACI MOZAIC, FAIANTA, GRESIE, PARCHET",1,22051862
cosmin.haias@medisol.com.ro,S.C.MEDISOL SRL,Producție / Logistică,Timiș,METROLOG,1,18252965
cosmin.moldovan@cmdn.ro,MOLDOVAN URBAN FOOD S.R.L.,RESTAURANTE,Cluj,INGINER ÎN INDUSTRIA ALIMENTARA,1,22979717
cosmin.simerea@tehnoconfalticeni.ro,SC TEHNOCON SRL,Construcții / Instalații,Suceava,Conducător auto transport rutier de mărfuri,1,11748601
cosmina.picoiu@alantrade.ro,ALAN TRADE SRL,FABRICAREA ARTICOLELOR DE IMBRACAMINTE,Sibiu,"MAROCHINER-CONFECTIONER MAROCHINARIE, DUPA COMANDA",10,16659670
cosmina@woodgrad.com,WOODGRAD SRL,PRODUCTIE MOBILA,Bacău,TÂMPLAR UNIVERSAL,5,35633242
costica.botez@recbt.ro,REC SRL,SERVICE AUTO,,MECANIC AUTO,2,7143660
costina.grecu@pallex.ro,PALLET EXPRESS SRL,Producție / Logistică,Sibiu,STIVUITORIST,2,17387271
cotroceni@taco-bell.ro,CALIFORNIA FRESH FLAVORS SRL,RESTAURANTE,Municipiul București,LUCRATOR BUCATARIE (SPALATOR VASE MARI),7,37783734
craita.barbulescu@thermebucuresti.com,THERME NORD BUCURESTI SRL,Altele,Ilfov,ÎNGRIJITOR SPATII VERZI,10,28472550
cresaoradea@daso-oradea.ro,CRESA ORADEA,Educație / Training / Coaching,Bihor,INSPECTOR DE SPECIALITATE ÎN ADMINISTRATIA PUBLICA,1,45709992
crina-steluta.simion@heidelbergmaterials.com,HEIDELBERG MATERIALS ROMÂNIA S.A.,Construcții / Instalații,Constanța,Conducător auto transport rutier de mărfuri,4,10640589
cristi@ecogarment.ro,ECO GARMENT S.R.L.,FABRICAREA ARTICOLELOR DE IMBRACAMINTE,Prahova,CONFECTIONER-ASAMBLOR ARTICOLE DIN TEXTILE,10,42063870
cristi@primitiv.ro,Primitiv Net,Construcții / Instalații,Municipiul București,PEISAGIST-FLORICULTOR,1,33321597
cristian.balmos@novatex.ro,NOVATEX SOLUTIONS,Specialiști / Tehnicieni,Bihor,INGINER GEODEZ,1,15087634
cristian.codarean@bcvologistics.eu,BCVO LOGISTICS SRL,Servicii transport / curierat,Bistrița-Năsăud,Conducător auto transport rutier de mărfuri,10,18065355
cristian.trip@donatiro.ro,SC ITALMARCO SRL,Altele,Bihor,Conducător auto transport rutier de mărfuri,40,22425274
cristian@lafereastra.ro,COLLIEPRODCOM SRL,Producție / Logistică,Mureș,CONFECTIONER TÂMPLARIE DIN ALUMINIU SI MASE PLASTICE,1,4650936
cristiana.arsene@wetterbest.ro,WETTERBEST S.A.,Producție / Logistică,,OPERATOR LA MASINI-UNELTE CU COMANDA NUMERICA,1,12347950
cristina-ioana.niculescu@leoni.com,LEONI WIRING SYSTEMS PITEŞTI SRL,Producție / Logistică,Argeș,"MUNCITOR NECALIFICAT LA ASAMBLAREA, MONTAREA PIESELOR",104,17159770
cristina-paula.socaciu@michelin.com,MICHELIN ROMANIA BUCURESTI PUNCT DE LUCRU ZALAU,Producție / Logistică,Sălaj,OPERATOR LA PRELUCRAREA CAUCIUCULUI,8,25041103
cristina.acsinte@robertt.ro,ROBERTT INDUSTRIE SRL,Altele,Municipiul București,SPECIALIST IN ACHIZITII,1,46010746
cristina.aldia@aldiaexpert.ro,S.C. ALKHAYRSLS S.R.L.,Construcții / Instalații,Municipiul București,MUNCITOR NECALIFICAT LA SPARGEREA SI TAIEREA MATERIALELOR DE CONSTRUCTII,60,47426224
cristina.cercel@idemia.com,IDEMIA TECHNOLOGIES ROMANIA S.R.L.,IT / Telecomunicații,Municipiul București,PROGRAMATOR AJUTOR,2,18280710
cristina.giurgiuman@cardiomedcluj.ro,CARDIOMED SRL,Medicină / Sănătate /Psihoterapie,Cluj,ASISTENT MEDICAL GENERALIST,2,23666661
cristina.haba@morandicom.ro,FABRICA DE CARNE MORANDI S.R.L.,Turism / Alimentație,Vaslui,OPERATOR ABATORIZARE PASARI,10,29645935
cristina.hr@ecovillas.ro,PROVOLK S.R.L.,Construcții / Instalații,Suceava,ZIDAR ROSAR-TENCUITOR,9,32730771
cristina.ionescu@dan-int.ro,DAN INTERNATIONAL SRL,FABRICAREA ARTICOLELOR DE IMBRACAMINTE,Bacău,"OPERATOR CONFECTIONER INDUSTRIAL ÎMBRACAMINTE DIN TESATURI, TRICOTAJE, MATERIALE SINTETICE",5,2787180
cristina.ivan@farest.ro,FAR EST WINDOWS SRL,Producție / Logistică,Ilfov,"MUNCITOR NECALIFICAT LA ASAMBLAREA, MONTAREA PIESELOR",10,17073295
cristina.lungu@domarcons.ro,DOMARCONS SRL,Construcții / Instalații,Dolj,"MUNCITOR NECALIFICAT LA ÎNTRETINEREA DE DRUMURI, SOSELE, PODURI, BARAJE",1,5470895
cristina.macovei@integrasrl.ro,INTEGRA NEW,Altele,Argeș,AMBALATOR MANUAL,10,41678575
cristina.nastase@lidogirbea.ro,LIDO GIRBEA SRL,Inginerie,Prahova,INGINER ÎN INDUSTRIA ALIMENTARA,1,1365030
cristina.pricop@electroalfa.ro,Ciubotaru Gheorghe,Altele,,MENAJERA,1,1560421070029
cristina.roman@pragosa.ro,PRAGOSA ROMANIA SRL,Construcții / Instalații,Prahova,Conducător auto transport rutier de mărfuri,1,21732840
cristina.stoian@mbdgrup.ro,MBD & PRO CONSTRUCT TECHNOLOGY,Servicii transport / curierat,Argeș,Conducător auto transport rutier de mărfuri,2,5261031
cristina.ticula@sita.aero,SITA B.V. Olanda Sucursala Bucuresti,IT / Telecomunicații,Municipiul București,MANAGER PROIECT INFORMATIC,1,14283136
cristina.verbal@hortishop.ro,HORTISHOP SRL,Altele,Giurgiu,SUDOR,11,30558077
cristina@cdtherm.ro,C&D THERM INSTALATII SRL,Construcții / Instalații,Bacău,INSTALATOR INSTALATII TEHNICO-SANITARE SI DE GAZE,3,8461921
cristina@topfatade.ro,TOP FACADESRL,Construcții / Instalații,Municipiul București,ASAMBLATOR-MONTATOR PROFILE ALUMINIU SI GEAM TERMOPAN,1,34812444
cristina_neamtiu@porta.com.pl,PORTA KMI ROMANIA SRL,Producție / Logistică,Arad,CONFECTIONER ARTICOLE SPECIALE DIN LEMN,4,15624380
cristinamaria.tudor@segulagrp.com,SEGULA INTEGRATION SRL,Producție / Logistică,Argeș,LACATUS MECANIC,4,18966620
csaba@secoplan.ro,SECOPLAN BUILDING SYSTEMS SRL,Construcții / Instalații,Harghita,ELECTRICIAN ÎN CONSTRUCTII,2,36164462
csabi@ferox.ro,FEROX SRL,Construcții / Instalații,Bihor,MAISTRU ENERGETICIAN/ELECTRICIAN,1,59423
csilla.dordea@aliat-ams.ro,ALIAT AMS SRL,SERVICE AUTO,Mureș,MECANIC AUTO,2,34372645
ctoma@hazelheartwood.com,HAZELHEARTWOOD ROMANIA S.R.L.,Altele,Municipiul București,PROIECTANT SISTEME INFORMATICE,1,49322092
cursuri@bigbenschool.ro,S.C. BIG BEN KINDER S.R.L.,Educație / Training / Coaching,Municipiul București,Profesor de limbi straine,1,39477928
cv@intergameselect.com,INTERGAME SELECT SRL,Altele,Argeș,SUPRAVEGHETOR JOCURI (CAZINO),1,26207876
cv@zitec.com,ZITEC,IT / Telecomunicații,Municipiul București,MANAGER,1,15496736
d.grecu@penny.ro,REWE ROMANIA SRL,Administrativ / Secretariat,Vâlcea,VÂNZATOR,10,13348610
d.nacu@optibelt.com,OPTIBELT POWER TRANSMISSION SRL,Producție / Logistică,Maramureș,VULCANIZATOR DE PRODUSE INDUSTRIALE DIN CAUCIUC,5,19210011
d@galffis.com,SC GALFFIS CHOCOLATE SRL,RESTAURANTE,Harghita,VÂNZATOR,2,36831515
dacia@panciu.net,AUTO SERVICE DAC S.R.L.,Altele,Vrancea,MECANIC AUTO,1,5617547
dadp@municipiulslobozia.ro,DIRECTIA DE ADMINISTRARE A DOMENIULUI PUBLIC,Altele,Ialomița,LUCRATOR OPERATIV PENTRU AUTOCONTAINERE,1,7326960
dan.gradinariu@agios.ro,AGIOS,Construcții / Instalații,Galați,VOPSITOR INDUSTRIAL,2,13332060
dan.munteanu@rosteel.ro,ROSTEEL INVEST SRL,Producție / Logistică,Galați,ÎNCARCATOR-DESCARCATOR,1,23089466
dan.seretan@fargrup.ro,FAR FOUNDATION SRL,Construcții / Instalații,Suceava,ANALIST DE MEDIU,1,26999270
dana.anusca@salubris.ro,SALUBRIS SA,Altele,Iași,ELECTRICIAN AUTO,1,14816433
dana.florescu@relen.ro,GIPI INTERMED SRL,FABRICAREA ARTICOLELOR DE IMBRACAMINTE,Bacău,CONFECTIONER-ASAMBLOR ARTICOLE DIN TEXTILE,2,31335120
dana.ioan@euroelectric.ro,EUROELECTRIC SRL,Construcții / Instalații,Hunedoara,ELECTROMECANIC,2,15193562
dana.nistor@ro.issworld.com,ISS FACILITY SERVICES INTERNATIONAL S.R.L.,Specialiști / Tehnicieni,Municipiul București,INSTALATOR INSTALATII TEHNICO-SANITARE SI DE GAZE,1,29489119
dana.oancea@intertranscom.ro,INTERTRANSCOM IMPEX SRL,Producție / Logistică,Bacău,OPERATOR LA MASINI-UNELTE SEMIAUTOMATE SI AUTOMATE,2,5169494
dana.popa@soter.ro,EUROMASTER TYRE&SERVICES ROMANIA SA,SERVICE AUTO,Ilfov,VULCANIZATOR PIESE DIN CAUCIUC LA PRESE,17,25872595
dana.virban@indexgrup.ro,MATEI CONSTRUCT CONSTRUCTII SP,Construcții / Instalații,Cluj,ELECTRICIAN ÎN CONSTRUCTII,5,31018946
dana.virban@medinstalatii.ro,MED INSTALATII SRL,Construcții / Instalații,Cluj,INGINER INSTALATII PENTRU CONSTRUCTII,2,34569281
danaburcea@mail.com,MODEXIM SHOP ONLINE SRL,COMERT,Argeș,CALCATOREASA LENJERIE,1,50524290
danaghita@globalromania.ro,GLOBAL CASH & CARY SRL,COMERT,Buzău,LUCRATOR COMERCIAL,1,27157709
danaspinu@contasid.ro,SC EVICOM HONEY SRL,Agricultură / Zootehnie,Argeș,AMBALATOR MANUAL,25,39371144
daniel.irina@dualconsult.ro,DUALCONSULT INDUSTRIESERVICE I,Altele,Dolj,SUDOR,10,36764645
daniel.rus@unicarm.ro,UNICARM SRL,Altele,Satu Mare,Conducător auto transport rutier de mărfuri,2,6531770
daniel.uritu@ptir.ro,C.N.I.P.M.M.R.,Resurse umane,Municipiul București,SPECIALIST RELATII SOCIALE,42,5541651
daniel.vioreanu@b-m.ro,BERGERAT MONNOYEUR SRL,Specialiști / Tehnicieni,Ilfov,TEHNICIAN MECANIC,1,11359868
daniel@starflix.ro,STARFLIX SRL,IT / Telecomunicații,Cluj,DESIGNER PAGINI WEB (STUDII SUPERIOARE),1,44062218
daniela.bacsi@bcs-ais.com,BCS AUTOMOTIVE INTERFACE SOLUTIONS ROMANIA S.R.L.,Altele,Timiș,MANAGER PROIECT,2,38184563
daniela.chiuia@transelectrica.ro,C.N.T.E.E. TRANSELECTRICA SA - SUCURSALA TERITORIALA DE TRANSPORT SIBIU,Altele,Mureș,SEF TURA DISPECER ENERGETIC,1,48034962
daniela.ciliboiu@beciuldomnesc.ro,BECIUL DOMNESC GRUP S.A.,COMERT,Municipiul București,AGENT COMERCIAL,1,27770826
daniela.hulea@lacon.de,LACON ELECTRONIC SRL,Producție / Logistică,Galați,"INGINER ELECTRONIST TRANSPORTURI, TELECOMUNICATII",2,18666703
daniela.matei@bericap.com,BERICAP ROMANIA SRL,Producție / Logistică,Prahova,OPERATOR LA PRELUCRAREA MASELOR PLASTICE,4,16616571
daniela.negru@apatarnavei.ro,APA TÂRNAVEI MARI SA,Altele,Sibiu,"INSTALATOR APA, CANAL",2,19502679
daniela.nistor@rodasrl.ro,RODA SRL,Construcții / Instalații,Maramureș,MUNCITOR NECALIFICAT LA SPARGEREA SI TAIEREA MATERIALELOR DE CONSTRUCTII,5,3626018
daniela.pecheanu@quantum-group.ro,QUANTUM CONSTRUCT SRL,Construcții / Instalații,Galați,"LACATUS MONTATOR PENTRU UTILAJE INDUSTRIALE, DE CONSTRUCTII SI AGRICOLE",5,24391259
daniela.petcu@royalhospital.ro,"CLINICA ""SF. LUCIA"" S.R.L.",Altele,Municipiul București,ASISTENT MEDICAL GENERALIST,2,16140205
daniela.pop@ipcompany.ro,YTP FENETRE SRL,Construcții / Instalații,Maramureș,"MUNCITOR NECALIFICAT LA ASAMBLAREA, MONTAREA PIESELOR",12,30588361
daniela.racu@uaic.ro,UNIVERSITATEA AL I CUZA,Educație / Training / Coaching,Iași,"DIRECTOR/DIRECTOR ADJUNCT, INSPECTOR-SEF",1,4701126
daniela.ruiu@medaprod.ro,MEDA PROD 98 SA,Producție / Logistică,Municipiul București,MUNCITOR NECALIFICAT LA AMBALAREA PRODUSELOR SOLIDE SI SEMISOLIDE,12,10374339
daniela.tanasie@bekaertdeslee.com,DESLEECLAMA SOLUTIONS SRL,Producție / Logistică,Vâlcea,MECANIC ÎNTRETINERE SI REPARATII MASINI DE CUSUT INDUSTRIALE,1,28244668
daniela.toader@vtm.ro,VULPOI & TOADER MANAGEMENT SRL,Contabilitate / Financiar,Municipiul București,CONSILIER/EXPERT/INSPECTOR/REFERENT/ECONOMIST ÎN ECONOMIE GENERALA,1,16414068
daniela.vasile@marriott.com,S.C.H. GRAND S.R.L.,Turism / Alimentație,Municipiul București,BUCATAR,4,1594319
daniela@interactivservice.ro,INTERACTIV SERVICE SRL,SERVICE AUTO,Ilfov,SOFER DE AUTOTURISME SI CAMIONETE,1,10979993
daria.comanici@purepromotional.ro,PURE PROMOTIONAL S.R.L.,Producție / Logistică,Cluj,UCENIC,4,27855507
daried@acetsv.ro,ACET SA,Altele,Suceava,INGINER CONSTRUCTII HIDROTEHNICE,1,713519
darius.manea@hidroelectrica.ro,"SOCIETATEA DE PRODUCERE A ENERGIEI ELECTRICE IN HIDROCENTRALE "" HIDROELECTRICA"" S.A.",Producție / Logistică,Municipiul București,INGINER ELECTROTEHNIST,1,13267213
darius@tecor.ro,TECOR INDUSTRIES SRL,Altele,Bihor,STRUNGAR UNIVERSAL,2,6617430
dciati@ucmh.ro,UCMH SRL,Producție / Logistică,Caraș-Severin,LACATUS MECANIC,7,49594720
debora.seretan@trigo-group.com,TRIGO ROMANIA S.A.,Producție / Logistică,Arad,CONTROLOR CALITATE,6,18531331
decean@clicknet.ro,DECEAN SRL,Altele,Harghita,AJUTOR BUCATAR,1,8973271
declaratii@geseidl.ro,DIADVOX SRL,Marketing,Prahova,CONSILIER/EXPERT/INSPECTOR/REFERENT/ECONOMIST ÎN COMERT SI MARKETING,1,12659910
delia.rus@bistrivet.ro,BISTRIVET SRL,Vânzări,Bistrița-Năsăud,OPERATOR VÂNZARI PRIN TELEFON,2,24321865
delia.sabau@textor-textiles.ro,TEXTOR SA,Producție / Logistică,Mureș,CONFECTIONER-ASAMBLOR ARTICOLE DIN TEXTILE,1,1203895
denisa.m@maamgarments.com,SC TEX ACCES MCV SRL,COMERT,Municipiul București,MANIPULANT MARFURI,1,16649455
denisa.terciu@premiumworkforce.net,RAD PANORAMA CONSTRUCT SRL,Construcții / Instalații,Dâmbovița,MUNCITOR NECALIFICAT LA SPARGEREA SI TAIEREA MATERIALELOR DE CONSTRUCTII,12,35895545
dep.hr@various-brands.ro,LANIASPORT S.R.L.,Vânzări,Timiș,DIRECTOR MAGAZIN,2,32748604
dexa@vitacom.ro,VITACOM ELECTRONICS SRL,COMERT,Cluj,REPREZENTANT COMERCIAL,2,214527
dgavriliu@pregis.com,JIFFY PACKAGING S.A.,Producție / Logistică,Neamț,OPERATOR LA PRELUCRAREA MASELOR PLASTICE,1,6315466
diana.barsa@classfurn.ro,CLASS FURN ROMANIA SRL,PRODUCTIE MOBILA,Bihor,"MUNCITOR NECALIFICAT LA ASAMBLAREA, MONTAREA PIESELOR",5,11080820
diana.bordei@takko.ro,SC TAKKO FASHION INTERNATIONAL SRL,Vânzări,Ilfov,LUCRATOR COMERCIAL,1,21711430
diana.cantar@banatbun.ro,JUMBO COM SRL,PRODUCTIA SI CONSERVAREA CARNII,Caraș-Severin,MANIPULANT MARFURI,9,6695713
diana.dancea@colterm.ro,COLTERM SA IN INSOLVENTA,Producție / Logistică,Timiș,SUDOR,7,16063013
diana.dobra@legeshr.ro,CITY LOCK SECURITY SRL,SERVICII DE PAZA SI PROTECTIE,Timiș,AGENT DE SECURITATE,1,30936016
diana.luca@coficab.com,COFICAB PLOIESTI SRL,Producție / Logistică,Prahova,ELECTRICIAN DE ÎNTRETINERE SI REPARATII,1,29965557
diana.maidanuc@yaghoo.com,IMOB INVEST SRL,Altele,Giurgiu,LUCRATOR COMERCIAL,1,16536707
diana.pavlovschi@diaplastpitesti.ro,DIAPLAST PRODUCTION SRL,Producție / Logistică,Argeș,OPERATOR MASE PLASTICE,10,18384524
diana.pop@samus-tec.ro,SAMUS TEC S.A.,Construcții / Instalații,Cluj,SCHELAR,1,35350378
diana.raileanu@imaginelive.com,IMAGINELIVE RO SRL,Sport / Artă / Divertisment,,CRUPIER,5,48200569
diana.rob@ergad.eu,ERGAD TECHNOLOGY SRL,Producție / Logistică,Arad,MONTATOR SUBANSAMBLE,8,16420930
diana@casavie.ro,S.C. GREEN XPC SRL,COMERT,Mureș,AGENT DE VÂNZARI,1,38253400
diana@microgrup.ro,MICRO GRUP DISTRIBUTION SRL,Administrativ / Secretariat,Ilfov,"OPERATOR INTRODUCERE, VALIDARE SI PRELUCRARE DATE",2,32581440
didinicoara@iclud.com,SC  DOLCE MELISON SRL,Altele,Alba,LUCRATOR BUCATARIE (SPALATOR VASE MARI),1,52534885
directiamunicipallocato@primariaroman.ro,DIRECTIA GENERALA MUNICIPAL LOCATO,Administrativ / Secretariat,Neamț,GROPAR,2,40103820
director.economic@sophia.ro,SOPHIA 2004 SRL,Vânzări,Iași,DIRECTOR VÂNZARI,1,16801404
director@bulevard-prestige.ro,TOP TURISM INTERMED SRL,Turism / Alimentație,Olt,AJUTOR BUCATAR,1,17648890
dispo@derombigal-spedition.de,S.C. DEROMBIGAL SRL,Servicii transport / curierat,Bihor,Conducător auto transport rutier de mărfuri,1,37573066
divizia9.tm@socarpetroleum.ro,SOCAR PETROLEUM S.A.,Retail,Timiș,LUCRATOR GESTIONAR,1,12546600
dmardale@cobaplastics.com,COBA AUTOMOTIVE SRL,Contabilitate / Financiar,Prahova,CONTABIL,1,35284991
documente@lumohr.ro,LUMO WORK SRL,Altele,Sibiu,"MUNCITOR NECALIFICAT LA DEMOLAREA CLADIRILOR, CAPTUSELI ZIDARIE, PLACI MOZAIC, FAIANTA, GRESIE, PARCHET",50,47928387
documente@totalsighet.ro,GIURGI ALEX SRL,Altele,Maramureș,VÂNZATOR,1,36951520
documents@coverletter.ro,COVERLETTER,Construcții / Instalații,,"MUNCITOR NECALIFICAT LA ASAMBLAREA, MONTAREA PIESELOR",200,26278176
doina.dogaru@rohrer-grp.com,ROHRER OIL & GAS SERVICES S.R.L.,Construcții / Instalații,Prahova,SONDOR LA FORAJUL MECANIZAT SI REPARATII SONDE,5,42771345
donescu@hendrickson-intl.com,HENDRICKSON ROMANIA SRL,Producție / Logistică,Sibiu,OPERATOR LA MASINI-UNELTE SEMIAUTOMATE SI AUTOMATE,8,10405877
dorobanti@kfc.ro,US FOOD NETWORK SA,RESTAURANTE,Municipiul București,LUCRATOR BUCATARIE (SPALATOR VASE MARI),7,6645790
doru@mcmmarketing.ro,M.C.M. MARKETING TEXTILES,RESTAURANTE,Constanța,LUCRATOR BUCATARIE (SPALATOR VASE MARI),10,50426836
drdpb@andnet.ro,COMPANIA NAŢIONALĂ DE ADMINISTRARE A INFRASTRUCTURII RUTIERE S.A.,Altele,Municipiul București,OPERATOR DISPECER SISTEME DE MONITORIZARE SI APARATURA DE CONTROL,3,16054368
dt.a1militari@kfc.ro,US FOOD NETWORK SA,RESTAURANTE,Municipiul București,LUCRATOR BUCATARIE (SPALATOR VASE MARI),6,6645790
e.gorin@ertex.de,Ertex International SRL,Altele,Brașov,"MECANIC INTRETINERE SI REPARATII UTILAJE DIN INDUSTRIA TEXTILA, CONFECTII SI INCALTAMINTE",2,17558258
ebiro@ro.ensanahotels.com,SC BALNEOCLIMATERICA SRL,RESTAURANTE,Mureș,LUCRATOR BUCATARIE (SPALATOR VASE MARI),3,1245068
eco@rollotec.ro,ROLLOTEC SRL,Construcții / Instalații,Harghita,LACATUS-MONTATOR,3,10059102
economic@despasolutions.ro,DESPA SRL,Altele,Dâmbovița,"MUNCITOR NECALIFICAT LA ASAMBLAREA, MONTAREA PIESELOR",1,21493599
economic@oxyhelp.ro,OXYHELP INDUSTRY,Altele,Municipiul București,FEMEIE DE SERVICIU,1,6598397
economist.sannicolau@casaalex.ro,AUTO ALEX SRL,COMERT,Timiș,CASIER,1,1074871
edith.neumaier@kundenbroker.ro,KUNDEN BROKER DE ASIGURARE SRL,Contabilitate / Financiar,Cluj,MANAGER,1,17662100
eduard.smegner@wipro.com,WIPRO TECHNOLOGIES SRL,Call center / Suport clienți,Municipiul București,AGENT DE VÂNZARI,1,18944060
edumitru@uksstamping.com,UKS STAMPING S.R.L.,Producție / Logistică,Argeș,OPERATOR FABRICATIE FLUX,1,44072866
eelisabetaamariei@zahoo.com,ARES 2021 S.R.L.,RESTAURANTE,Galați,MUNCITOR NECALIFICAT LA SPARGEREA SI TAIEREA MATERIALELOR DE CONSTRUCTII,20,51495516
eg@mhb.ro,MHB CONSMET SRL,Producție / Logistică,Dolj,SUDOR,3,13852560
elcomultiservice95@yhoo.com,ELCO MULTISERVICE SOCIETATE COOPERATIVĂ,Altele,Buzău,MUNCITOR NECALIFICAT LA AMBALAREA PRODUSELOR SOLIDE SI SEMISOLIDE,10,8035446
electrobimcraiova@gaail.com,ELECTROBIM SRL,Construcții / Instalații,Dolj,MUNCITOR NECALIFICAT LA SPARGEREA SI TAIEREA MATERIALELOR DE CONSTRUCTII,1,44455845
elena.barbu@yokogawa.com,YOKOGAWA EUROPE B.V. OLANDA SU,Inginerie,Municipiul București,INGINER DE SISTEM ÎN INFORMATICA,1,16434790
elena.botan@etservices.ro,ET SERVICES SRL,Producție / Logistică,Prahova,"OPERATOR CONFECTIONER INDUSTRIAL ÎMBRACAMINTE DIN TESATURI, TRICOTAJE, MATERIALE SINTETICE",5,21720373
elena.buse@vilmar.ro,VILMAR SA,Producție / Logistică,Vâlcea,OPERATOR LA MASINI-UNELTE CU COMANDA NUMERICA,20,2989503
elena.dinca@pirelli.com,SC PIRELLI TYRES ROMANIA SRL,Producție / Logistică,Olt,MUNCITOR NECALIFICAT LA AMBALAREA PRODUSELOR SOLIDE SI SEMISOLIDE,7,17060414
elena.gorea@delicepan.ro,GIVIAN DELICEPAN SRL,Altele,Bistrița-Năsăud,OPERATOR LA FABRICAREA PRODUSELOR FAINOASE,4,30466410
elena.hatos@taparo.ro,TECHTEX S.R.L.,Producție / Logistică,Maramureș,OPERATOR TEXTILE NETESUTE,8,26063142
elena.iamandei@em.ro,ELECTROMONTAJ SA BUCURESTI SUCURSALA BACAU,Construcții / Instalații,Bacău,ELECTRICIAN EXPLOATARE CENTRALE SI STATII ELECTRICE,26,4525753
elena.lapte@zollern.com,ZOLLERN SRL,Producție / Logistică,Arad,INGINER PRODUCTIE,1,16683988
elena.munteanu@cpbsp.ro,GLOBAL FORCE SECURITY,SERVICII DE PAZA SI PROTECTIE,Municipiul București,OPERATOR VÂNZARI PRIN TELEFON,1,28597589
elena.olariu@romfour-tur.ro,ROMFOUR TUR S.R.L.,Servicii transport / curierat,Suceava,Conducator auto transport rutier de persoane,10,16568997
elena.onofrei@holcim.com,SOMACO GRUP PREFABRICATE SRL,Construcții / Instalații,Municipiul București,BETONIST,8,22424341
elena.prisecaru@urb.ro,RULMENTI SA,Contabilitate / Financiar,Vaslui,CONTABIL-SEF,1,2808089
elena.savu@tenneco.com,FEDERAL MOGUL FRICTION PRODUCTS PLOIESTI SRL,Producție / Logistică,Prahova,OPERATOR LA FABRICAREA ALTOR PRODUSE CHIMICE,4,27854340
elena.tothazan@energo-power.ro,ENERGO POWER SRL,Construcții / Instalații,Cluj,ELECTRICIAN ÎN CONSTRUCTII,10,21779923
elena.vlad@cbre.com,CBRE GWS S.R.L.,Administrativ / Secretariat,Municipiul București,RECEPTIONIST,2,3395138
elisabeta.dumitrescu@heineken.com,S.C. HEINEKEN ROMANIA S.A.,Turism / Alimentație,Mureș,TEHNICIAN CHIMIST,1,13240781
elisabeta.manta@abuftea.ro,SC PANIFICA SRL,Altele,Ilfov,AMBALATOR MANUAL,1,18607286
eliza.petre@gtengineering.ro,GT GROUND ENGINEERING CONSTRUCTION SERVICES SRL,Construcții / Instalații,Prahova,OPERATOR LA UTILAJE DE FORJAT DIRIJAT,1,27759232
ella@euphoria.ro,RENTAL STORE SRL,Altele,Cluj,ÎNGRIJITOR CLADIRI,2,32027926
elvira.osvar@tescagroup.com,TESCA ERT ROMANIA,Producție / Logistică,Arad,LUCRATOR SORTATOR DESEURI RECICLABILE,1,24911688
em@aateq.com,AATEQ SRL,Producție / Logistică,Brașov,OPERATOR LA MASINI-UNELTE CU COMANDA NUMERICA,2,21332797
emil@octaser.ro,OCTASER S.R.L.,Altele,Bihor,OPERATOR LA MASINI-UNELTE CU COMANDA NUMERICA,1,17691067
emrah.guney@murel.com.tr,WOOD FURNITUR SPECIAL S.R.L.,PRODUCTIE MOBILA,Municipiul București,MANAGER PROIECT,1,44986057
energoparoseni@ymail.com,ENERGOCONSTRUCŢIA PAROŞENI S.A.,Construcții / Instalații,Hunedoara,DULGHER (EXCLUSIV RESTAURATOR),4,29243792
esima@metaltechniks.ro,METAL TECHNIKS SRL,Construcții / Instalații,Vâlcea,LACATUS CONSTRUCTII METALICE SI NAVALE,1,1478543
estera.ghila@senneville.ro,SENNEVILLE INTER SRL,Turism / Alimentație,Hunedoara,OPERATOR LA FABRICAREA PRODUSELOR CONGELATE DE PATISERIE SI PANIFICATIE,20,4839286
esterie@novaresteam.com,NOVARES AUTOMOTIVE ROMANIA,Producție / Logistică,Argeș,CONTABIL,1,36385552
eugen.necula@icredit.ro,EASY ASSET MANAGEMENT IFN SA,Altele,Teleorman,AGENT DE VÂNZARI,1,28042464
eugenia.enescu@convenience.ro,CONVENIENCE PROD SRL,PRODUCTIA SI CONSERVAREA CARNII,Ilfov,MUNCITOR NECALIFICAT LA AMBALAREA PRODUSELOR SOLIDE SI SEMISOLIDE,5,16012192
eugenia.lacatusu@eon-asistcomplet.ro,E.ON ASIST COMPLET S.A.,Construcții / Instalații,Bistrița-Năsăud,INSTALATOR INSTALATII TEHNICO-SANITARE SI DE GAZE,1,32602667
eva.cordo@deutschebahn.com,DEUTSCHE BAHN CARGO ROMANIA SR,Producție / Logistică,Gorj,LACATUS MECANIC,4,13068482
eva.cordos@deutschebahn.com,DEUTSCHE BAHN CARGO ROMANIA SR,Servicii transport / curierat,Municipiul București,SEF TREN,3,13068482
ezbarcea@gruponbi.com,NBI INDUSTRIAL ORADEA S.R.L.,Producție / Logistică,Bihor,MUNCITOR NECALIFICAT ÎN METALURGIE,2,17792495
facos@facos.ro,FACOS SA,COMERT,Suceava,VÂNZATOR,5,714123
facturare@guardiasecurity.ro,GUARDIA SECURITY SYSTEM SRL,SERVICII DE PAZA SI PROTECTIE,Bihor,AGENT DE VÂNZARI,2,30306401
facturi@hsbfood.com,S.C. HEALTHY SMART BEVERAGE S.,Altele,Municipiul București,FEMEIE DE SERVICIU,1,35146190
ferestre@profalgroup.ro,PROFAL INDUSTRY SRL,Altele,Timiș,"MUNCITOR NECALIFICAT LA ASAMBLAREA, MONTAREA PIESELOR",4,15848603
ferma.albestipaleologu@vanbet.ro,SEREDIN AVI S.R.L.,Agricultură / Zootehnie,Prahova,ÎNGRIJITOR ANIMALE,1,34771999
fermabucesti@vanbet.ro,VANBET SRL,Agricultură / Zootehnie,Galați,SORTATOR PRODUSE,5,13728104
finance.ro@intereast.ro,SC INTEREAST ROMANIA SRL,Altele,Vrancea,MANIPULANT MARFURI,1,11238505
financiar@anabustrans.ro,ANABUS TRANS SRL,Servicii transport / curierat,Bihor,Conducător auto transport rutier de mărfuri,8,24979853
financiar@bman.ro,S.C. PROD VATEX S.R.L.,COMERT,Vaslui,LUCRATOR COMERCIAL,1,37119109
financiar@britta.ro,BRITTA TRADING,Sport / Artă / Divertisment,Municipiul București,PLASATOR,12,14756986
financiar@carabusconstruct.ro,CĂRĂBUŞ GRUP CONSTRUCT SRL,Construcții / Instalații,Iași,FIERAR BETONIST,10,21698551
financiar@cbrselect.ro,CBR SELECT AUTOCLASS SRL,SERVICE AUTO,Municipiul București,TINICHIGIU CAROSIER,1,47044089
financiar@comrepsa.ro,COMREP SA,Construcții / Instalații,Prahova,FIERAR BETONIST,5,1345008
financiar@cuptorulmoldovencei.ro,S.C. RETRO-FOOD S.R.L.,Producție / Logistică,Iași,VÂNZATOR,4,30180132
financiar@dito-group.ro,DITO SOLUTIONS S.R.L.,Construcții / Instalații,Bihor,"MUNCITOR NECALIFICAT LA ÎNTRETINEREA DE DRUMURI, SOSELE, PODURI, BARAJE",10,41756460
financiar@electrostandard.ro,ELECTRO STANDARD S.R.L.,Altele,Bacău,LACATUS MECANIC,1,16044127
financiar@enacheservice.ro,ENACHE BEST SERVICE S.R.L.,SERVICE AUTO,Prahova,MONTATOR SUBANSAMBLE,5,31958063
financiar@euro-truck.ro,EURO TRUCK LOGISTIC SRL,Servicii transport / curierat,Sibiu,Conducător auto transport rutier de mărfuri,1,29245173
financiar@helloholidays.ro,HELLO HOLIDAYS SRL,Turism / Alimentație,Municipiul București,ÎNSOTITOR GRUP TURISTIC,1,29347254
financiar@l-auto.ro,SC L AUTO SRL,COMERT,Gorj,FRIGORIFERIST (FRIGOTEHNIST),2,20986602
financiar@laborexromania.ro,LABOREX SRL,Producție / Logistică,Prahova,ASISTENT COMERCIAL,1,5122017
financiar@lgtrans.ro,LG TRANS SRL,Servicii transport / curierat,Cluj,Conducător auto transport rutier de mărfuri,4,14871250
financiar@montessoribucuresti.ro,SCOALA PRIMARA MONTESSORI MSB,Educație / Training / Coaching,Municipiul București,ÎNGRIJITOR DE COPII,2,41985987
financiar@msinterproiect.ro,S.C. MS INTERPROIECT ENGINEERI,Construcții / Instalații,Municipiul București,SUDOR,60,29376870
financiar@nextlevelgarage.ro,NEXT LEVEL GARAGE S.R.L.,SERVICE AUTO,Dolj,TINICHIGIU CAROSIER,1,42747940
financiar@rominsta.ro,ROMINSTA,Construcții / Instalații,Mureș,MUNCITOR NECALIFICAT LA SPARGEREA SI TAIEREA MATERIALELOR DE CONSTRUCTII,3,8391486
financiar@simat.ro,SIM-MAT CONSTRUZIONI SRL,Altele,,FEMEIE DE SERVICIU,1,19707127
fineta.untesu@perfectb.ro,ELECTROMONTAJ SA BUCURESTI SUCURSALA BACAU,Construcții / Instalații,,ELECTRICIAN EXPLOATARE CENTRALE SI STATII ELECTRICE,26,4525753
finetauntesu@gamil.com,SMART MOVES SRL,Servicii transport / curierat,Municipiul București,CURIER,15,48973114
fkorkmaz@ankitech.com,ANKI TEKNOLOGY S.R.L.,Construcții / Instalații,Municipiul București,FORMATOR TEVI PRIN SUDARE,50,41707310
flavia.moldovan@brandpaper.ro,BRANDPAPER COMPANY S.R.L.,COMERT,Vâlcea,MANIPULANT MARFURI,6,34337320
floare.coser@pginvest.ro,GEMI CENTER SRL,Turism / Alimentație,Arad,BUCATAR,1,15038259
florela@prefab.ro,PREFAB SA,Construcții / Instalații,Călărași,MASINIST PENTRU PREFABRICATE DIN BETON SI BETON ARMAT,1,1916198
florentina.parfenie@dumarconstruct.ro,DUMAR CONSTRUCT PREFABRICATE S.R.L.,Construcții / Instalații,Ilfov,"MUNCITOR NECALIFICAT LA ASAMBLAREA, MONTAREA PIESELOR",5,6904682
flori.puciki@uzuc.ro,UZUC SA,Producție / Logistică,Prahova,SUDOR,1,1343554
florian.popescu@depozitulderoti.ro,DEPOZITUL DE ROŢI SRL,SERVICE AUTO,Municipiul București,VULCANIZATOR DE PRODUSE INDUSTRIALE DIN CAUCIUC,2,34933390
floriana.georgescu@kooltool.eu,KOOL TOOL SRL,Altele,Dolj,CONFECTIONER-ASAMBLOR ARTICOLE DIN CARTON,10,17806329
florica.anton@global-solutions.ro,GLOBAL SOLUTIONS SRL,Altele,Timiș,LACATUS MECANIC,2,15973169
florica.stan@evercontmit.ro,ELISIEVICI ELENA IRINA- EXPERT CONTABIL,Contabilitate / Financiar,Municipiul București,CONTABIL,1,50833503
florica@manifatturacm.com,SC MANIFATTURACERAOLOMORONI EASTERN EUROPE SRL,Producție / Logistică,Bihor,CUSATOR PIESE DIN PIELE SI ÎNLOCUITORI,5,37364299
florin.cranga@ro.mcd.com,PREMIER RESTAURANTS ROMANIA SRL,RESTAURANTE,Sibiu,LUCRATOR COMERCIAL,15,6205722
florin.mutu@astronergy.com,CHINT NEW ENERGY SRL,Management,Municipiul București,MANAGER PROIECT,2,48434144
florin.popovici@losan.ro,LOSAN DEPOT SRL,COMERT,Ilfov,MANIPULANT MARFURI,2,32139008
florin.tataru@dexauto.ro,AUTODEX ATELIER SRL,SERVICE AUTO,Constanța,"MUNCITOR NECALIFICAT LA ASAMBLAREA, MONTAREA PIESELOR",2,50297030
florin@cpiwirecloth.com,SC STR CONSULTANCE SRL,Altele,,MONTATOR SUBANSAMBLE,1,36673504
florina-krisch@hschristensen.ro,HENRIK SKOV CHRISTENSEN TRANSPORT GROUP SRL,Servicii transport / curierat,Cluj,Conducător auto transport rutier de mărfuri,3,38636596
florina.campian@antolin.com,GRUPO ANTOLIN SIBIU SRL,Producție / Logistică,,OPERATOR LA MASINI-UNELTE SEMIAUTOMATE SI AUTOMATE,41,22946116
florina.ciocea@saptespice.ro,SAPTE SPICE SA,Producție / Logistică,Brașov,OPERATOR SILOZ (SILOZAR),1,2537907
florina.hanga@faistlightmetals.com,FAIST MEKATRONIC SRL,Producție / Logistică,Bihor,OPERATOR LA ROBOTI INDUSTRIALI,15,17506160
florina.nerghes@sogefigroup.com,SOGEFI SUSPENSIONS EASTERN EUROPE,Producție / Logistică,Bihor,COORDONATOR ÎN MATERIE DE SECURITATE SI SANATATE ÎN MUNCA (STUDII SUPERIOARE),2,39839629
florina@vitalberry.ro,VITAL BERRY MARKETING EXPORT,COMERT,Hunedoara,MUNCITOR NECALIFICAT LA AMBALAREA PRODUSELOR SOLIDE SI SEMISOLIDE,14,27058209
florina_musat@ymail.com,FLORINA MUSAT DESIGN S.R.L.,FABRICAREA ARTICOLELOR DE IMBRACAMINTE,Olt,MUNCITOR NECALIFICAT ÎN INDUSTRIA CONFECTIILOR,2,40183624
florinjucan@ymail.com,ARIA PROTECT SECURITY SRL,SERVICII DE PAZA SI PROTECTIE,Cluj,AGENT DE SECURITATE,1,26101874
flow@exacco.ro,HEALTH & BEAUTY LOGISTICS S.R.L.,Altele,Ilfov,MANIPULANT MARFURI,2,33964797
forms@cemacon.ro,SC CEMACON SA,Construcții / Instalații,Bihor,OPERATOR LA ROBOTI INDUSTRIALI,4,677858
frontdesk@dotmark.ro,DOT MARK,Altele,Municipiul București,OPERATOR VÂNZARI PRIN TELEFON,2,48870895
fs1270601mgmt@petrom.com,VETROMK SRL,Altele,Gorj,LUCRATOR GESTIONAR,2,21814036
g.dasiana@asohp.com,ASO CROMSTEEL S.A.,Producție / Logistică,Dâmbovița,OPERATOR LA MASINI-UNELTE CU COMANDA NUMERICA,2,11843301
g.hobu@hawema.ro,HAWEMA TRAINING,Producție / Logistică,Brașov,OPERATOR LA MASINI-UNELTE SEMIAUTOMATE SI AUTOMATE,1,52205050
g.talmaciu@masterfoam.ro,MASTERFOAM SRL,Contabilitate / Financiar,Bistrița-Năsăud,CONSILIER/EXPERT/INSPECTOR/REFERENT/ECONOMIST ÎN ECONOMIE GENERALA,1,26207450
g.ursa@casagrandegroup.com,EEC-EUROPEAN ENGINEERING & CONSULTING SRL,Inginerie,Bistrița-Năsăud,INGINER MECANIC,1,14977090
gabi.virag@fhaus.ro,F HAUS SRL,Altele,Satu Mare,"MUNCITOR NECALIFICAT LA DEMOLAREA CLADIRILOR, CAPTUSELI ZIDARIE, PLACI MOZAIC, FAIANTA, GRESIE, PARCHET",10,648569
gabriel.editoiu@canamgroupinc.com,SC TECHNYX EURO SERVICES SRL,Specialiști / Tehnicieni,Brașov,PROIECTANT INGINER CONSTRUCTII,1,17229212
gabriel.tudorache@ro.mcd.com,PREMIER RESTAURANTS ROMANIA SRL,RESTAURANTE,Buzău,LUCRATOR COMERCIAL,21,6205722
gabriel.vasiu@swo.ro,SOLID WASTE OPERATION,Altele,Ilfov,LUCRATOR SORTATOR DESEURI RECICLABILE,20,39587181
gabriela.bajan@naiad.ro,NAIAD WATER SOLUTIONS S.R.L.,Inginerie,Municipiul București,ELECTRICIAN DE ÎNTRETINERE SI REPARATII,2,23303569
gabriela.iliescu@distributieoltenia.ro,DISTRIBUȚIE ENERGIE OLTENIA S.A.,Specialiști / Tehnicieni,Teleorman,ELECTRICIAN EXPLOATARE CENTRALE SI STATII ELECTRICE,1,14491102
gabriela.plaiasu@sinvex.ro,SINVEX MULTISERVICE SRL,Construcții / Instalații,Prahova,ELECTRICIAN ÎN CONSTRUCTII,1,1344002
gabriela.poclid@dspbt.ro,DIRECTIA SERVICII PUBLICE,Construcții / Instalații,,ZIDAR SAMOTOR,1,42516040
gabriela.predescu@hill-house.ro,ALDAS COM SRL,Altele,Dâmbovița,OSPATAR (CHELNER),3,18460737
gabriela.satmari@agrirofresh.ro,AGRIRO SRL,Producție / Logistică,Bihor,MUNCITOR NECALIFICAT LA AMBALAREA PRODUSELOR SOLIDE SI SEMISOLIDE,5,14384459
gabriela@metalicplas.ro,MG TEC INDUSTRY S.R.L.,Altele,Cluj,OPERATOR LA ROBOTI INDUSTRIALI,2,39469500
gabrieladaniela.budurnoiu@cummins.com,CUMMINS GENERATOR TECHNOLOGIES ROMANIA SA,Altele,Dolj,BOBINATOR MASINI ELECTRICE ROTATIVE,3,12459849
gabrielao@medisonpharma.com,MEDISON PHARMA SRL,Management,Municipiul București,REFERENT RESURSE UMANE,2,18858865
galati@pentagonromania.ro,PENTAGON SRL,Vânzări,Galați,FUNCTIONAR ECONOMIC,1,1637770
gberbec@totalsoft.ro,S.C. ALD AUTOMOTIVE S.R.L.,Legislativ / Juridic / Funcții Publice,Municipiul București,OFITER CONFORMITATE,1,17043227
gcatalinoiu@lanco.eu,LANCO SRL,Producție / Logistică,Sibiu,OPERATOR LA MASINI-UNELTE CU COMANDA NUMERICA,1,17541400
gcucereanu@hellenic-cables.com,ICME ECAB SA,Producție / Logistică,Municipiul București,INGINER PRODUCTIE,1,11703669
george.bondoc@manpower.ro,MANPOWER HR SRL,Producție / Logistică,Timiș,OPERATOR LA MASINI-UNELTE SEMIAUTOMATE SI AUTOMATE,50,33121785
george.calinescu@peikko.com,PEIKKO ROMANIA SRL,Altele,Giurgiu,LACATUS MECANIC,9,38440041
george.neacsu@dropiawines.ro,DOMENIILE DROPIA S.R.L.,Agricultură / Zootehnie,Brăila,ASISTENT MANAGER,1,26608223
georgea.abrdan@gst-global.com,GST SAFETY TEXTILES RO SRL,Altele,Mureș,REGLOR-MONTATOR,10,32039122
georgeghiuro@domimat.ro,DOMIMAT SRL,Inginerie,Bihor,PROIECTANT INGINER MECANIC,2,43704794
georgeta.stoian@visioconstruction.com,VISIO CONSTRUCTION WORKS SRL,Construcții / Instalații,Municipiul București,"INGINER CONSTRUCTII CIVILE, INDUSTRIALE SI AGRICOLE",1,32408734
georgiana.bondor@bader-leather.com,BADER ROMANIA S.R.L.,Producție / Logistică,Arad,"OPERATOR CONFECTIONER INDUSTRIAL ÎMBRACAMINTE DIN TESATURI, TRICOTAJE, MATERIALE SINTETICE",7,16853918
georgiana.florea@vtm.ro,VITEMA S.A.,Altele,Sibiu,OPERATOR CHIMIST LA PRODUSELE FARMACEUTICE SI CHIMICE PURE,5,15849900
georgiana.pintea@nestlersgroup.com,BLUE INFRASEC SRL,Altele,,ELECTRICIAN ÎN CONSTRUCTII,1,27219780
georgiana.ungureanu@hesburger.ro,UP BURGER,RESTAURANTE,Ilfov,LUCRATOR BUCATARIE (SPALATOR VASE MARI),6,48542359
georgiucristi@yahoo.ie,BEEAR CARS WASH SRL,Altele,,SPALATOR VEHICULE,2,52180524
geotransfgd@ymail.com,GEO TRANS SRL,Servicii transport / curierat,Teleorman,Conducător auto transport rutier de mărfuri,1,14847782
gianina.marinescu@startrading.ro,STAR TRADING IMPEX SRL,Construcții / Instalații,Argeș,FIERAR BETONIST,3,4122612
giannina.serban@textilegelco.com,TEXTILE GEL & CO ROM SA,FABRICAREA ARTICOLELOR DE IMBRACAMINTE,Tulcea,CONFECTIONER-ASAMBLOR ARTICOLE DIN TEXTILE,2,4994247
gina.anghel@aldahra.com,OUAI INSULA MARE A BRAILEI,Agricultură / Zootehnie,Brăila,SUDOR,1,23234809
gina.dasa@proexpert.com.ro,GIFAN STRONG SRL,Servicii transport / curierat,Constanța,FEMEIE DE SERVICIU,2,8239330
glgroza@tenaris.com,SILCOTUB SA,Inginerie,Sălaj,INGINER AUTOMATIST,1,15117182
gm@ramadaconstanta.ro,AQUA GEOTERMA RESOURCE SRL,Turism / Alimentație,Constanța,LUCRATOR BUCATARIE (SPALATOR VASE MARI),1,26249561
gmihordea@elgeka-ferfelis.ro,ELGEKA FERFELIS ROMANIA SA,Producție / Logistică,Municipiul București,FUNCTIONAR ADMINISTRATIV,1,4071993
goga.claudia@haida.cn,HAIDA RUBBER & PLASTIC ROMANIA S.R.L.,Producție / Logistică,Arad,INGINER PRODUCTIE,1,49117535
gogolinca.gogolinca@ritmic-com.ro,RITMIC COM S.R.L.,Altele,,LUCRATOR UTILAJE SPECIALIZATE PENTRU SALUBRIZARE,3,5505985
grigore.lucut@unicarm.ro,UNICARM SUPERMARKET S.R.L.,COMERT,Satu Mare,SEF DEPARTAMENT MARFURI ALIMENTARE/NEALIMENTARE,1,46322543
grup.resurseumane@gmailc.om,DEMECO SRL,Producție / Logistică,Ilfov,STIVUITORIST,2,16514342
gyongyi.gyorgy@keszgroup.com,SC KESZ CONSTRUCTII ROMANIA SRL,Construcții / Instalații,Cluj,REFERENT RESURSE UMANE,1,35753257
hadlori@kolibri.ro,KOLIBRI SRL,COMERT,,MANIPULANT MARFURI,1,2974197
hala-facturare@kredianis.ro,KREDIANIS SRL,COMERT,Vaslui,GESTIONAR DEPOZIT,1,28464540
halasz.daniela@dscorporation.ro,DEVA STEEL CORPORATION S.R.L.,Producție / Logistică,Hunedoara,LACATUS MECANIC,5,35819580
hanea.bianca@andu.com.ro,SPORTSWEAR SHAPES SRL,Altele,Sibiu,"CROITOR-CONFECTIONER ÎMBRACAMINTE, DUPA COMANDA",1,40344704
hanelore.terna-harand@egger.com,EGGER ROMANIA SRL,Producție / Logistică,Suceava,TEHNICIAN PLANIFICARE/URMARIRE SINTEZE,1,16136689
hara.arad@haracatering.com,HARA SERVCOM SRL,Turism / Alimentație,Arad,LUCRATOR COMERCIAL,1,16523006
haraga.daniela@asconti.ro,S.C. DREFIG LST S.R.L.,Construcții / Instalații,Vaslui,DULGHER (EXCLUSIV RESTAURATOR),10,36354963
hello@m5consulting.ro,M5 CONSULTING SRL,Contabilitate / Financiar,Municipiul București,CONTABIL,1,37900796
hello@prieteniiluinoah.ro,Gradinita cu Program Prelungit Prietenii lui Noah,Educație / Training / Coaching,Municipiul București,FEMEIE DE SERVICIU,2,51031028
hiros@hiros.ro,HIROS - ROM SRL,Construcții / Instalații,Cluj,MUNCITOR NECALIFICAT LA SPARGEREA SI TAIEREA MATERIALELOR DE CONSTRUCTII,4,11508641
horatiu.moldovan@novastilex.ro,NOVA STILEX SRL,Construcții / Instalații,Bistrița-Năsăud,LACATUS MECANIC,2,15739959
hotel@bwcentral.ro,CENTRAL S.A.,Turism / Alimentație,Arad,RECEPTIONER DE HOTEL,1,1674760
hotel@helinstrading.com,HELINS TRADING SRL,Altele,Dolj,LUCRATOR COMERCIAL,5,6591550
hotelcorsa@ymail.com,ECO CORSA SRL,Altele,Constanța,ÎNGRIJITOR SPATII HOTELIERE,5,14895917
hr-recrutare@comtim.ro,COMTIM ROMANIA SRL,Altele,Timiș,MUNCITOR NECALIFICAT ÎN AGRICULTURA,9,13427047
hr.admin@em.ro,ELECTROMONTAJ BUCURESTI SA SUCURSALA CRAIOVA,Altele,Dolj,"MUNCITOR NECALIFICAT LA ASAMBLAREA, MONTAREA PIESELOR",37,4335173
hr.bm@arabesque.ro,ARABESQUE SRL,COMERT,Ilfov,Conducător auto transport rutier de mărfuri,2,5340801
hr.braila@vard.com,VARD SHIPYARDS ROMANIA S.A.,Construcții / Instalații,Brăila,"MUNCITOR NECALIFICAT LA ASAMBLAREA, MONTAREA PIESELOR",17,2364318
hr.cj@arabesque.ro,ARABESQUE SRL,Construcții / Instalații,Cluj,"OPERATOR INTRODUCERE, VALIDARE SI PRELUCRARE DATE",1,5340801
hr.cluj@exlservice.com,EXLSERVICE ROMANIA PRIVATE LIMITED SRL,Contabilitate / Financiar,Cluj,"OFITER BANCAR (CREDITE, MARKETING, PRODUSE SI SERVICII BANCARE)",25,25514066
hr.electro.romania@vard.com,VARD ELECTRO ROMANIA S.R.L.,Altele,Tulcea,ELECTRICIAN NAVE,18,16168010
hr.hce.ro@hamilton-ce.com,HAMILTON CENTRAL EUROPE SRL,Producție / Logistică,Timiș,OPERATOR LA MASINI-UNELTE SEMIAUTOMATE SI AUTOMATE,1,30841501
hr.op@grf.plus,GRAFFITI PLUS S.A,Marketing,,FUNCTIONAR ADMINISTRATIV,1,24980530
hr.recrutare@flanco.ro,FLANCO RETAIL SA,Retail,Municipiul București,PROGRAMATOR AJUTOR,4,27698631
hr.retrasib@sgb-smit.group,RETRASIB S.R.L.,Producție / Logistică,Sibiu,INGINER DE SISTEM ÎN INFORMATICA,4,3906360
hr.ro@foundever.com,FOUNDEVER ROMANIA S.R.L.,Call center / Suport clienți,Cluj,FUNCTIONAR INFORMATII CLIENTI,30,26589458
hr.ro@sellpy.se,Sellhelp S.R.L,Producție / Logistică,Arad,MUNCITOR NECALIFICAT LA AMBALAREA PRODUSELOR SOLIDE SI SEMISOLIDE,30,51410714
hr.ro@yawo-services.com,YAWO SERVICES SRL,Producție / Logistică,Municipiul București,AGENT DE VÂNZARI,4,36405170
hr.romania@akkodis.com,AKKODIS ROMANIA S.R.L.,Altele,Municipiul București,INGINER DE SISTEM ÎN INFORMATICA,1,18888793
hr.romania@freudenberg-pm.com,FREUDENBERG PERFORMANCE MATERIALS SRL,Altele,Brașov,SPECIALIST IN ACHIZITII,2,13781310
hr.romania@hcl.com,HCL TECHNOLOGIES ROMANIA SRL,Altele,Municipiul București,PROGRAMATOR DE SISTEM INFORMATIC,1,25612455
hr.romania@tfb.eu,THE FAMILY BUTCHERS ROMANIA SRL,Altele,Brașov,AGENT DE VÂNZARI,1,17388757
hr.romania@voslogistics.com,VOS LOGISTICS CARGO SA,Servicii transport / curierat,Cluj,Conducător auto transport rutier de mărfuri,150,36749025
hr.stores@safeway.ro,SAFEWAY STORES SRL,COMERT,Cluj,LUCRATOR COMERCIAL,20,37863116
hr.team@cgsinc.com,COMPUTER GENERATED SOLUTIONS ROMANIA SRL,Call center / Suport clienți,Gorj,AGENT SERVICII CLIENT,20,15005324
hr1@trickshot.ro,S.C. WE EAT S.R.L.,Altele,,FEMEIE DE SERVICIU,2,45903653
hr2@ginza.ro,SMART BIG DATA SRL,COMERT,Municipiul București,MERCANTIZOR,2,37915029
hr@airquee.com,AIRQUEE SRL,Altele,Covasna,"OPERATOR LA CONFECTIONAREA INDUSTRIALA A ARTICOLELOR DE SPORT SI PROTECTIE, DIN PIELE SI ÎNLOCUITORI",7,21797130
hr@alezzi.ro,ALEZZI  SRL,Construcții / Instalații,Constanța,FEMEIE DE SERVICIU,1,36554058
hr@altimate.ro,ALTIMATE S.A.,IT / Telecomunicații,Arad,TEHNICIAN MENTENANTA ELECTROMECANICA – AUTOMATICA ECHIPAMENTE INDUSTRIALE,1,33870323
hr@anepal.ro,ANEPAL AMBALAJE SRL,Altele,Argeș,"MUNCITOR NECALIFICAT LA ASAMBLAREA, MONTAREA PIESELOR",1,18713082
hr@artmark.ro,A10 BY ARTMARK SRL,Contabilitate / Financiar,Municipiul București,CONSILIER/EXPERT/INSPECTOR/REFERENT/ECONOMIST ÎN ECONOMIE GENERALA,1,40284718
hr@arvicont.ro,Corte 1 Events,COMERT,Municipiul București,BARMAN,1,51846544
hr@asko.ro,ASKO INTERNATIONAL SRL,SERVICE AUTO,Municipiul București,MECANIC AUTO,2,14988790
hr@astconstruct.ro,AST CONSTRUCT SRL,Construcții / Instalații,,"INSTALATOR APA, CANAL",1,37366451
hr@autonom.com,AUTONOM SERVICES S.A.,Altele,Constanța,AGENT SERVICII CLIENT,4,18433260
hr@autoworld.ro,AUTOWORLD INTERNATIONAL,Vânzări,Cluj,AGENT DE VÂNZARI,1,50186890
hr@aveuro.com,AVEURO INTERNATIONAL SRL,Producție / Logistică,Prahova,MONTATOR SUBANSAMBLE,15,20944909
hr@bailesarateocnamures.ro,BAZA DE TRATAMENT ȘI AGREMENT BĂILE SĂRATE OCNA MUREȘ S.A.,Altele,Alba,AJUTOR OSPATAR,5,46589673
hr@bardiauto.ro,BARDI AUTO SRL,COMERT,Ilfov,MAGAZINER,17,12966353
hr@becker-romania.ro,BECKER ROMANIA SRL,PRODUCTIE MOBILA,Cluj,"MUNCITOR NECALIFICAT LA ASAMBLAREA, MONTAREA PIESELOR",10,14758332
hr@blueshark.ro,BLUE SHARK SRL,Altele,Ilfov,LACATUS MECANIC DE ÎNTRETINERE SI REPARATII UNIVERSALE,1,24641363
hr@bunexim.ro,SC BUNEXIM SRL,Producție / Logistică,Bihor,PATISER,1,5707542
hr@bungalow.net,Green Valley Resort Management  &amp; Hospitality SRL,Turism / Alimentație,Brașov,AGENT DE SECURITATE,4,46161250
hr@byteconnection.com,SMART DEVELOPMENT CENTER SRL,Marketing,Municipiul București,SPECIALIST MARKETING,1,37933513
hr@caconnect.ro,CA CONNECT SRL,Altele,,PROGRAMATOR AJUTOR,6,22398498
hr@calliope-ploiesti.ro,CALLIOPE SRL,Altele,Prahova,LUCRATOR GESTIONAR,1,1347483
hr@carnepui.ro,SASHA&VLAD COMPANY SRL,Producție / Logistică,Municipiul București,CIONTOLITOR TRANSATOR CARNE,3,22968203
hr@casanoastra.ro,CASA NOASTRA S.R.L.,Construcții / Instalații,Dolj,AGENT DE VÂNZARI,1,7510066
hr@centrudesticla.ro,PRIMER ELECTRO SRL,Construcții / Instalații,Mureș,"MUNCITOR NECALIFICAT LA ASAMBLAREA, MONTAREA PIESELOR",1,5122220
hr@cielmed.ro,CIEL MED SRL,Contabilitate / Financiar,Brașov,CONSILIER/EXPERT/INSPECTOR/REFERENT/ECONOMIST ÎN GESTIUNEA ECONOMICA,2,28039264
hr@conphys.ro,CONPHYS,Producție / Logistică,Vâlcea,MASINIST LA MASINI DE AMBALAT,3,1471510
hr@das.ro,DAS SRL,Construcții / Instalații,Iași,ZIDAR ROSAR-TENCUITOR,10,1986070
hr@dcneu.ro,DCN EU RETAIL SRL,Altele,Ilfov,MANIPULANT MARFURI,2,32648575
hr@decoltesti.ro,DE COLȚEȘTI S.R.L.,Turism / Alimentație,Alba,AMBALATOR MANUAL,1,6909701
hr@dedalustech.eu,SC DEDALUS TECH SRL,Specialiști / Tehnicieni,Dolj,MECANIC AVIATIE,2,27971790
hr@dexion.ro,DEXION STORAGE SOLUTIONS SRL,Producție / Logistică,Brașov,MANIPULANT MARFURI,6,17049238
hr@dotma.ro,DOTMA DEVELOPMENT S.R.L.,Construcții / Instalații,Brașov,DULGHER (EXCLUSIV RESTAURATOR),5,49628416
hr@elefant-tools.ro,BEM RETAIL GROUP SRL,Retail,Ilfov,AMBALATOR MANUAL,10,35176221
hr@energobit.com,ENERGOBIT S.A.,Producție / Logistică,Cluj,UCENIC,5,211717
hr@euroagricoop.ro,SUPER EGGS,Agricultură / Zootehnie,Timiș,MUNCITOR NECALIFICAT ÎN AGRICULTURA,5,28398373
hr@evo-line.ro,EVO LINE WINDOWS SRL,Construcții / Instalații,Timiș,"MUNCITOR NECALIFICAT LA ASAMBLAREA, MONTAREA PIESELOR",1,32035295
hr@fabiclean.com,FABI TOTAL GRUP SRL,Au pair / Babysitter / Curățenie,Municipiul București,ÎNGRIJITOR CLADIRI,10,15556234
hr@fancourier.ro,FAN COURIER EXPRESS SRL,Servicii transport / curierat,Municipiul București,MANIPULANT MARFURI,12,13838336
hr@galtour.ro,DUNAREA SA,Turism / Alimentație,Galați,BUCATAR,2,1635346
hr@global-design.ro,GTI HR1 S.R.L.,Altele,Suceava,creator de continut online,1,22067745
hr@grupas2000.ro,A&S SILOZURI,Agricultură / Zootehnie,Călărași,MECANIC UTILAJ,1,24133268
hr@harplast.ro,HARPLAST SRL,Vânzări,,MANAGER DE ZONA,2,512825
hr@hcg.ro,WOOD STRUCTURE SRL,Construcții / Instalații,Cluj,REPREZENTANT COMERCIAL,1,25568821
hr@hexagon.ro,HEXAGON STRUCTURES SRL,Construcții / Instalații,Cluj,"MAISTRU CONSTRUCTII CIVILE, INDUSTRIALE SI AGRICOLE",1,31197442
hr@imsat.ro,IMSAT SA,Inginerie,Municipiul București,ELECTRICIAN ÎN CONSTRUCTII,10,1571536
hr@inovum.ro,INOVUM SRL,COMERT,Bihor,"OPERATOR INTRODUCERE, VALIDARE SI PRELUCRARE DATE",3,28310745
hr@iscro.eu,I.S.C. RO TECHNOLOGY SRL,Altele,Giurgiu,MUNCITOR NECALIFICAT ÎN INDUSTRIA CONFECTIILOR,4,32554217
hr@issaresort.ro,ISSA RESORT SRL,Turism / Alimentație,Cluj,BARMAN,4,32783407
hr@izvoareresort.ro,IZVOARE RESORT S.R.L.,Turism / Alimentație,Maramureș,LUCRATOR PENSIUNE TURISTICA,3,45131014
hr@kangoopack.com,KANGOOPACK S.R.L.,COMERT,Alba,OPERATOR LA PRELUCRAREA MASELOR PLASTICE,1,40339694
hr@katar.ro,KATAR CONNEG S.R.L.,Construcții / Instalații,Vaslui,DULGHER (EXCLUSIV RESTAURATOR),80,40314681
hr@keepcalling.com,NET CONECT SRL,Marketing,Sibiu,"MANAGER MARKETING (TARIFE, CONTRACTE, ACHIZITII)",1,15955243
hr@kovacs.ro,PIINEA DE CASA SRL,Producție / Logistică,Mureș,AMBALATOR MANUAL,5,1202920
hr@lancetti.ro,SC LANCETTI TRANSPORT SRL,Servicii transport / curierat,Bihor,Conducător auto transport rutier de mărfuri,5,17792550
hr@lipoplast.ro,LIPOPLAST SRL,Construcții / Instalații,Timiș,ANALIST SERVICII CLIENT,1,5947090
hr@matec.ro,MATEC-CNC TECHNIK SRL,Altele,Sibiu,TEHNICIAN MENTENANTA ELECTROMECANICA – AUTOMATICA ECHIPAMENTE INDUSTRIALE,1,17443576
hr@mbtechnology.ro,MB TELECOM-LTD SRL,IT / Telecomunicații,Ilfov,INGINER DE SISTEM SOFTWARE,1,6612564
hr@menatwork.ro,STEEL BUSINESS PROFILES SRL,Construcții / Instalații,Ilfov,SCULER-MATRITER,1,18841014
hr@mentawork.ro,ALL4INSTALATII SRL,Construcții / Instalații,Ilfov,INSTALATOR INSTALATII TEHNICO-SANITARE SI DE GAZE,1,40969096
hr@meron.coffee,MERON PLATINIA SRL,RESTAURANTE,Cluj,BRUTAR,2,37105219
hr@milbro.ro,MILBRO TEXTILE SRL,FABRICAREA ARTICOLELOR DE IMBRACAMINTE,Giurgiu,CONFECTIONER-ASAMBLOR ARTICOLE DIN TEXTILE,3,15479425
hr@minet.ro,MINET SA,Producție / Logistică,Vâlcea,OPERATOR TEXTILE NETESUTE,3,1476070
hr@mopansuceava.ro,S.C. MOPAN SUCEAVA S.A.,Producție / Logistică,Suceava,MANIPULANT MARFURI,12,34874331
hr@multico.ro,MULTICO SRL,Producție / Logistică,Arad,STIVUITORIST,1,1678142
hr@newtonelaboratories.com,NEWTONE LABORATORIES SRL,Medicină / Sănătate /Psihoterapie,Iași,AGENT DE SECURITATE,1,22416470
hr@nexxon.ro,NEXXON SRL,SERVICE AUTO,Cluj,MECANIC AUTO,1,8509728
hr@nicovid.ro,NICOVID SRL,COMERT,Satu Mare,CASIER,1,6948344
hr@online-synergy.ro,ONLINE SYNERGY,Altele,Municipiul București,"OPERATOR INTRODUCERE, VALIDARE SI PRELUCRARE DATE",15,45677505
hr@optimacall.ro,OPTIMA SOLUTIONS SERVICES SRL,Call center / Suport clienți,Iași,AGENT DE VÂNZARI,20,27516047
hr@optimeat.ro,ROCHUS,COMERT,Municipiul București,FRIGORIFERIST (FRIGOTEHNIST),4,6039204
hr@osma.ro,OSMA PLAST ROMÂNIA SRL,Producție / Logistică,Cluj,MANIPULANT MARFURI,10,32129136
hr@p-a.ro,POPP ASOCIATII SRL,Altele,Municipiul București,"INGINER CONSTRUCTII CIVILE, INDUSTRIALE SI AGRICOLE",3,14770662
hr@pansiprod.ro,PANSIPROD DISTRIBUŢIE SRL,Medicină / Sănătate /Psihoterapie,Municipiul București,ASISTENT MANAGER,1,32011857
hr@partner.ro,PARTENER SRL,Altele,Bacău,CONSILIER/EXPERT/INSPECTOR/REFERENT/ECONOMIST ÎN ECONOMIE GENERALA,1,9026390
hr@pehartgrup.ro,PEHART TEC GRUP S.A.,Producție / Logistică,Alba,OPERATOR LA ROBOTI INDUSTRIALI,1,17736215
hr@plasess.ro,PLASESS (ROMÂNIA) SRL,Producție / Logistică,Timiș,TEHNICIAN MASINI SI UTILAJE,1,14759788
hr@presidentgroup.ro,DURBIS PROD SRL,Vânzări,Dolj,AGENT DE VÂNZARI,10,15022414
hr@quanticlab.com,QUANTIC LAB SRL,IT / Telecomunicații,Cluj,ANALIST AJUTOR,12,18404320
hr@ramo.ro,MONITORUL OFICIAL RA,Altele,Municipiul București,REDACTOR,2,427282
hr@rap-group.ro,S.C. RAP SYSTEMS S.R.L.,Inginerie,Brașov,INGINER AUTOMATIST,2,22862490
hr@rara.ro,RARA INVEST SRL,Producție / Logistică,Sibiu,MANIPULANT MARFURI,5,26354125
hr@reinert-romania.ro,REINERT KUNSTSTOFFTECHNIK SRL,Altele,Bihor,OPERATOR MASE PLASTICE,1,34815440
hr@rekreativ.club,SEPSI REKREATÍV S.A.,Altele,Covasna,ÎNGRIJITOR CLADIRI,1,35244130
hr@renania.ro,RENANIA TRADE SRL,Retail,Mureș,REPREZENTANT COMERCIAL,1,8006912
hr@repsanenergy.com,SC REPSAN ENERGY SRL,Producție / Logistică,Argeș,MASINIST LA MASINI PENTRU TERASAMENTE (IFRONIST),1,41905228
hr@rinahotels.ro,SINAIA SA,Turism / Alimentație,Prahova,BUCATAR,2,1331967
hr@ro.heinenhopman.com,HEINEN SI HOPMAN MAR SRL,Construcții / Instalații,Galați,MAISTRU INSTALATOR ÎN CONSTRUCTII,1,14761893
hr@ro.yusen-logistics.com,YUSEN LOGISTICS ROMANIA S.R.L.,Producție / Logistică,Municipiul București,MANIPULANT MARFURI,5,27141010
hr@romcosys.ro,MDV SCHELE S.R.L.,Construcții / Instalații,Municipiul București,EXCAVATORIST PENTRU EXCAVATOARE CU ROTOR DE MARE CAPACITATE,1,41432162
hr@rottaprint.com,SUNIMPPROF ROTTAPRINT SRL,Producție / Logistică,Cluj,INGINER PRODUCTIE,5,7096283
hr@rpg.ro,RPG SECURITY CENTER SRL,SERVICII DE PAZA SI PROTECTIE,Municipiul București,AGENT DE SECURITATE,85,9394294
hr@saguarotech.net,SAGUARO TECHNOLOGY ROMANIA S.R.L.,IT / Telecomunicații,Timiș,PROGRAMATOR,2,11707059
hr@saloanelemagic.ro,SALON MC 2022 BERCENI SRL,Servicii înfrumusețare,Municipiul București,COAFOR,1,46543099
hr@simigeriapetru.ro,BRIO GROUP SRL,Vânzări,Iași,PREPARATOR DE SEMIFABRICATE SI PREPARATE CULINARE,7,18697025
hr@simtel.ro,SIMTEL TEAM S.A.,Construcții / Instalații,Municipiul București,PROIECTANT INGINER ELECTROTEHNIC,1,26414626
hr@sporttime.ro,SPORT TIME TRADE S.R.L.,COMERT,Municipiul București,LUCRATOR COMERCIAL,1,41465011
hr@stadio.ro,FREEN RESTAURANT SRL,RESTAURANTE,Municipiul București,FEMEIE DE SERVICIU,1,1573618
hr@steinel.ro,STEINEL ELECTRONIC SRL,Producție / Logistică,Argeș,MONTATOR/REGLOR/DEPANATOR DE APARATAJ ELECTRIC,3,25619860
hr@suterpalace.com,S.C. PALATUL SUTER S.R.L.,Turism / Alimentație,Municipiul București,OSPATAR (CHELNER),1,39233818
hr@takko.ro,SC TAKKO FASHION INTERNATIONAL SRL,COMERT,Mureș,LUCRATOR COMERCIAL,1,21711430
hr@tbtlogistic.eu,T.B.T. LOGISTIC INTERNATIONAL SRL,Servicii transport / curierat,Brașov,DISPECER,1,29934631
hr@teammontage.ro,TEAM MONTAGE SRL,Construcții / Instalații,Dolj,LACATUS MECANIC,5,26177848
hr@tectriu.com,TECNOSTAMP TRIULZI EAST EUROPE SRL,Producție / Logistică,Bacău,OPERATOR MASE PLASTICE,3,18986597
hr@tgg-transport.net,TGG SERVICE TRANS S.R.L.,Servicii transport / curierat,Suceava,Conducător auto transport rutier de mărfuri,50,32483108
hr@thtrucks.ro,TH TRUCKS S.R.L.,Altele,Dolj,INGINER AUTOVEHICULE RUTIERE,1,9951956
hr@traust.ro,TRAUST S.R.L.,Construcții / Instalații,Cluj,ELECTRICIAN DE ÎNTRETINERE ÎN CONSTRUCTII,1,40163872
hr@tuttiresto.ro,MM CONTRACT MANAGEMENT,RESTAURANTE,Municipiul București,FEMEIE DE SERVICIU,4,51016478
hr@union-serv.com,S.C. UNION SERV S.R.L.,Construcții / Instalații,Constanța,TUBULATOR NAVAL,50,1868341
hr@unixauto.eu,UNIX AUTO SRL,Vânzări,Cluj,SOFER DE AUTOTURISME SI CAMIONETE,1,10542416
hr@urbanaodorhei.ro,URBANA SA,Servicii transport / curierat,Harghita,CONTROLOR BILETE,1,11086130
hr@utilben.ro,UTILBEN SRL,Vânzări,Satu Mare,REPREZENTANT COMERCIAL,3,18643343
hr@vertical.ro,VERTICAL DESIGN SRL,Producție / Logistică,Prahova,OPERATOR LA MASINI-UNELTE SEMIAUTOMATE SI AUTOMATE,7,12525284
hr@vivacall.ro,VIVACALL SRL,Au pair / Babysitter / Curățenie,Municipiul București,ÎNGRIJITOR DE COPII,1,34953281
hr@xuxinvestment.ro,VB-ROM SRL,Construcții / Instalații,Sibiu,"MUNCITOR NECALIFICAT LA DEMOLAREA CLADIRILOR, CAPTUSELI ZIDARIE, PLACI MOZAIC, FAIANTA, GRESIE, PARCHET",10,16844944
hr_mediurg@mediurg.ro,LEVIN HAUS SRL,Medicină / Sănătate /Psihoterapie,Prahova,ÎNGRIJITOR CLADIRI,1,26305530
hr_ro@accace.com,Accace Outsourcing SRL,Vânzări,Municipiul București,MANAGER,1,31043206
hr_saipem_romania@saipem.com,SC SAIPEM ROMANIA SRL,Altele,Prahova,INGINER MECANIC,18,15442280
hrgs_romania@hp.com,HP INC ROMANIA S.R.L,Altele,Municipiul București,ANALIST FINANCIAR,2,34104693
hrofficeoradea@atomicmail.io,SC CUPTORUL BUN SRL,RESTAURANTE,,LUCRATOR BUCATARIE (SPALATOR VASE MARI),8,42353385
hrsibiu@pritaxinvest.ro,PRITAX INVEST SRL,RESTAURANTE,Sibiu,OSPATAR (CHELNER),1,7489096
hrspecialist@lifeinjob.ro,SC LIFEIN JOB SRL,Call center / Suport clienți,Timiș,AGENT SERVICII CLIENT,8,31958810
hrturda@lappinsulators.com,LAPP INSULATORS SA,Producție / Logistică,Cluj,SEF SCHIMB,6,254947
hse@samsgreen.ro,SAM'S GREEN S.R.L.,Altele,Timiș,PEISAGIST,2,30348601
human.resources@maegspa.com,MAEG COSTRUZIONI SPA VAZZOLA SUCURSALA BUCURESTI,Construcții / Instalații,Municipiul București,SUDOR,60,40018945
hydroserv.ag.hr@gamil.com,SC HYDROSERV AG SRL,Construcții / Instalații,Iași,MUNCITOR NECALIFICAT LA SPARGEREA SI TAIEREA MATERIALELOR DE CONSTRUCTII,5,33668333
i.andras@viessmann-modell.com,Viessmann Transilvania Srl,Producție / Logistică,Mureș,MUNCITOR NECALIFICAT ÎN INDUSTRIA CONFECTIILOR,5,17758655
i.buh.hr@verifone.com,AVANGATE SRL,Altele,Municipiul București,SPECIALIST CONTROL RISC,1,32309277
i.hapa@heco-schrauben.ro,HECO SCHRAUBEN SRL,Producție / Logistică,Cluj,AMBALATOR MANUAL,4,19938938
i.savu@serrala.com,SERRALA SERVICES SRL,IT / Telecomunicații,Municipiul București,INGINER DE SISTEM SOFTWARE,5,36301942
i.tauasiu@marinaproperties.ro,MARINA PROPERTIES CONSTRUCT S.,Construcții / Instalații,Maramureș,"MUNCITOR NECALIFICAT LA DEMOLAREA CLADIRILOR, CAPTUSELI ZIDARIE, PLACI MOZAIC, FAIANTA, GRESIE, PARCHET",3,33739671
i.toader@motivation.ro,FUNDATIA MOTIVATION ROMANIA,ASISTENTA SOCIALA,Ilfov,"MUNCITOR NECALIFICAT LA ASAMBLAREA, MONTAREA PIESELOR",1,7081193
icdp-pitesti@asas.ro,ICDP PITESTI-MARACINENI,Construcții / Instalații,Argeș,ELECTRICIAN DE ÎNTRETINERE SI REPARATII,1,198049
ifabaromania@ifaba.ro,S.C.IFABA ROMANIA SRL,Producție / Logistică,Bihor,OPERATOR LA MASINI-UNELTE CU COMANDA NUMERICA,1,16728770
ileana.brasoveanu@romcim.ro,ELPRECO SA,Construcții / Instalații,Dolj,MASINIST PENTRU PREFABRICATE DIN BETON SI BETON ARMAT,11,2321635
ilena.simionoiu@livas.eu,LIVAS CLOTHING S.R.L.,FABRICAREA ARTICOLELOR DE IMBRACAMINTE,Dâmbovița,CONFECTIONER-ASAMBLOR ARTICOLE DIN TEXTILE,5,27088668
iliana.ispas@wrd.ro,WORLD DISTRIB SRL,COMERT,Dolj,FEMEIE DE SERVICIU,1,16470572
ilincuta@pizzarotti.it,IMPRESA PIZZAROTTI & C SPA ITALIA SUCURSALA CLUJ,Construcții / Instalații,Ilfov,TEHNICIAN CONSTRUCTOR,1,18702865
imigrari@crowe.ro,MOLD MANUFACTURING TECHNOLOGY SRL,Construcții / Instalații,Municipiul București,SUDOR,2,37376153
immigrations@ghvsol.com,BELLA PARCHET SRL,Altele,Municipiul București,"MUNCITOR NECALIFICAT LA DEMOLAREA CLADIRILOR, CAPTUSELI ZIDARIE, PLACI MOZAIC, FAIANTA, GRESIE, PARCHET",1,37115662
imoldovan@viamod.ro,VIAMOD CONSTRUCT SRL,Servicii transport / curierat,Cluj,CAMIONAGIU,3,27671695
imre.szabo@cleaner4real.ro,SOTTO 4 REAL SRL,Au pair / Babysitter / Curățenie,Cluj,AGENT CURATENIE CLADIRI SI MIJLOACE DE TRANSPORT,47,25220656
ina.tripe@romania.axe-group.com,AXE GROUP ROMANIA SA,Producție / Logistică,Bihor,SEF SCHIMB,1,15497057
info.hr@moncler.com,INDUSTRIES YIELD SRL,FABRICAREA ARTICOLELOR DE IMBRACAMINTE,Bacău,MUNCITOR NECALIFICAT ÎN INDUSTRIA CONFECTIILOR,25,34875787
info@ambalaj-hartie.ro,MILENIAL WASH S.R.L.,Altele,Brăila,SPALATOR VEHICULE,1,40616949
info@andezit.ro,ESCAPE EVENTS SRL,Vânzări,Harghita,BARMAN,2,48379481
info@artifexfashion.com,ARTIFEX SRL,Producție / Logistică,Vrancea,MUNCITOR NECALIFICAT ÎN INDUSTRIA CONFECTIILOR,4,18096610
info@asistentarutieraiasi.ro,RIA AUTO TRANS SRL,Servicii transport / curierat,Iași,SOFER DE AUTOTURISME SI CAMIONETE,2,35184151
info@avicolafocsani.ro,AVICOLA FOCSANI SA,Agricultură / Zootehnie,Vrancea,AMBALATOR MANUAL,10,1437373
info@boomburger.ro,INFINITY FOOD SRL,RESTAURANTE,Municipiul București,AJUTOR BUCATAR,15,47127923
info@braviautisti.com,BRAVI AUTISTI S.R.L.,Servicii transport / curierat,Iași,Conducător auto transport rutier de mărfuri,15,44594258
info@brightfuture-job.com,BRIGHTFUTURE JOB SRL,Servicii transport / curierat,Municipiul București,CURIER,40,47707017
info@candorintl.ro,ELMA 2000 MILLENNIUM SRL,Altele,Municipiul București,LUCRATOR BUCATARIE (SPALATOR VASE MARI),1,12987780
info@chescaspedition.com,CHESCA SPEDITION SRL,Servicii transport / curierat,Galați,SOFER DE AUTOTURISME SI CAMIONETE,10,35468749
info@cleanika.com,CLEANIKA S.R.L.,Au pair / Babysitter / Curățenie,Mureș,ÎNGRIJITOR CLADIRI,1,25261346
info@coradex.ro,LOGLIS SRL,Servicii transport / curierat,Bihor,ELECTRICIAN AUTO,1,26495329
info@diamonddrilling.ro,DIAMOND DRILLING SRL,Construcții / Instalații,Ilfov,MUNCITOR NECALIFICAT LA SPARGEREA SI TAIEREA MATERIALELOR DE CONSTRUCTII,5,34250923
info@ekmduak.com,EKM DUAK S.R.L.,COMERT,Olt,REPREZENTANT COMERCIAL,1,41395307
info@electro-sistem.com,ELECTRO SISTEM SRL,Producție / Logistică,Maramureș,LACATUS MECANIC,2,8699886
info@estte.ro,EST TRANSEXIM SRL,Construcții / Instalații,Galați,"MAISTRU LACATUS, CONSTRUCTII METALICE",1,10512350
info@ewa.ro,SC AEC EWA AUTOMOTIVE SRL,Altele,Brașov,"MUNCITOR NECALIFICAT LA ASAMBLAREA, MONTAREA PIESELOR",3,22225349
info@exelaconcept.ro,EXELACONSTRUCT S.R.L.,Construcții / Instalații,Sibiu,"MUNCITOR NECALIFICAT LA DEMOLAREA CLADIRILOR, CAPTUSELI ZIDARIE, PLACI MOZAIC, FAIANTA, GRESIE, PARCHET",1,44537783
info@exella.ro,EXELLA EUROPE SRL,Producție / Logistică,Cluj,MUNCITOR NECALIFICAT ÎN METALURGIE,1,21936165
info@flashromania.com,FLASH TEAM,Servicii transport / curierat,Municipiul București,CURIER,30,46953544
info@fminternational.ro,FM INTERNATIONAL TRASPORTI SRL,Servicii transport / curierat,Alba,Conducător auto transport rutier de mărfuri,2,17981222
info@g4h.ro,GROUND FOUR HEAT S.R.L.,Construcții / Instalații,Bihor,FRIGORIFERIST (FRIGOTEHNIST),1,39269366
info@gimplast.ro,GIMPLAST SRL,Producție / Logistică,Maramureș,MECANIC UTILAJ,2,15955111
info@globaltalenthr.com,GLOBAL TALENT HR S.R.L.,Producție / Logistică,Iași,MANIPULANT MARFURI,50,49306577
info@inmirror.ai,IN MIRROR SRL,IT / Telecomunicații,Maramureș,PROGRAMATOR,2,50045548
info@itsexpress.ro,I.T.S. EXPRESS SRL,Servicii transport / curierat,Municipiul București,CURIER,25,14754110
info@karomania.ro,KRAFTANLAGEN ROMANIA SRL,Construcții / Instalații,Prahova,SUDOR,4,21536614
info@marvicon.ro,MARVICON SRL,Servicii transport / curierat,Bihor,Conducător auto transport rutier de mărfuri,50,34957399
info@mobilacomandabacau.ro,SOFISTICAT MOB SRL,PRODUCTIE MOBILA,Bacău,TÂMPLAR UNIVERSAL,1,39790649
info@mountain-rest.ro,MOUNTAINREST SRL,Turism / Alimentație,Harghita,OSPATAR (CHELNER),1,24608936
info@pensionmilexim.ro,MILEXIM SRL,Turism / Alimentație,Cluj,ÎNGRIJITOR SPATII HOTELIERE,6,13814302
info@pensiuneakorona.ro,GASTRO SERVICE SRL,RESTAURANTE,Harghita,OSPATAR (CHELNER),1,17628361
info@recrutero.ro,SPECIALIST IN  RECONDITIONARE S.R.L.,PRODUCTIE MOBILA,Municipiul București,FEMEIE DE SERVICIU,1,49762182
info@rob-systems.com,ROB-SYSTEMS SRL,Altele,Sibiu,LUCRATOR GESTIONAR,1,21131122
info@rodexfashion.ro,RO.DE.X FASHION SRL,FABRICAREA ARTICOLELOR DE IMBRACAMINTE,Alba,MUNCITOR NECALIFICAT ÎN INDUSTRIA CONFECTIILOR,4,13335725
info@romway.ro,ROMWAY ENGINEERING CONSTRUCTION S.R.L.,Construcții / Instalații,Timiș,CAMIONAGIU,3,40683921
info@savinesti.ro,AVICOLA SAVINESTI SRL,Agricultură / Zootehnie,Ialomița,CRESCATOR DE PASARI,2,39926083
info@schieffer.ro,SC SCHIEFFER INDUSTRIES ROMANIA SRL,Producție / Logistică,Timiș,ELECTRICIAN DE ÎNTRETINERE SI REPARATII,2,16297081
info@scutmotor.co,SC SCUT PROTECTION SRL,Producție / Logistică,Harghita,MUNCITOR NECALIFICAT ÎN METALURGIE,1,25929276
info@summerconf.com,SUMMER CONF SRL,FABRICAREA ARTICOLELOR DE IMBRACAMINTE,Botoșani,"OPERATOR CONFECTIONER INDUSTRIAL ÎMBRACAMINTE DIN TESATURI, TRICOTAJE, MATERIALE SINTETICE",3,8145996
info@thegamer.ro,GAMER DESIGN SRL,Altele,Brașov,MUNCITOR NECALIFICAT ÎN INDUSTRIA CONFECTIILOR,2,33035943
info@ultratech.ro,SC.ULTRATECH INT.SRL,Altele,Cluj,"MUNCITOR NECALIFICAT LA ASAMBLAREA, MONTAREA PIESELOR",1,31965010
info@voltpeak.ro,A C VOLTPEAK SRL,Producție / Logistică,Galați,UCENIC,8,45872590
info@windingproduction.com,WINDING PRODUCTION SRL,Producție / Logistică,Sălaj,"MUNCITOR NECALIFICAT LA ASAMBLAREA, MONTAREA PIESELOR",3,32699960
infoa@activservdesign.com,S.C.ACTIV SERV DESIGN SRL,Construcții / Instalații,Ilfov,MUNCITOR NECALIFICAT LA SPARGEREA SI TAIEREA MATERIALELOR DE CONSTRUCTII,3,23848825
informare@exclusive-car.ro,EXCLUSIVE CAR TRADING SRL,Servicii transport / curierat,Prahova,Conducător auto transport rutier de mărfuri,10,19085296
inga.nosatii@cmpautomotive.es,CMP AUTOMOTIVE ANTIVIBRATION ROMANIA S.R.L.,Producție / Logistică,Sibiu,"MUNCITOR NECALIFICAT LA ASAMBLAREA, MONTAREA PIESELOR",15,17876820
ioan.popa@modis.com,ADECCO IT OUTSOURCING S.R.L.,IT / Telecomunicații,Timiș,TEHNICIAN ECHIPAMENTE DE CALCUL SI RETELE,1,42101310
ioan.popovici@aquavas.ro,AQUAVAS SA,Altele,Vaslui,ELECTRICIAN DE ÎNTRETINERE SI REPARATII,1,17986823
ioan_dumitriu@ymail.com,ZIMBRII NEGRI SRL,SERVICII DE PAZA SI PROTECTIE,Timiș,AGENT DE SECURITATE,40,30423487
ioana.balazs@distributie-energie.ro,DISTRIBUȚIE ENERGIE ELECTRICĂ ROMANIA S.A.,Altele,,ELECTRICIAN MONTARE SI REPARATII LINII ELECTRICE AERIENE,1,14476722
ioana.feuerstahler@te.com,TE CONNECTIVITY SENSOR SOLUTIONS S.R.L.,Producție / Logistică,Timiș,OPERATOR LA MASINI-UNELTE SEMIAUTOMATE SI AUTOMATE,2,38546892
ioana.hostina@infopro-digital.com,HAYNESPRO DATA SRL,Inginerie,Municipiul București,INGINER AUTOVEHICULE RUTIERE,2,23791230
ioana.ilies@ifm.com,IFM PROVER SRL,Producție / Logistică,Sibiu,"MUNCITOR NECALIFICAT LA ASAMBLAREA, MONTAREA PIESELOR",5,37065750
ioana.kalber@loto.ro,"COMPANIA NATIONALA ""LOTERIA ROMANA"" SA",Vânzări,Municipiul București,OPERATOR GESTIONAR LOTO,5,12397185
ioana.muratura@vivani-deseuri.ro,VIVANI SALUBRITATE SA,Altele,Ialomița,MASINIST POD RULANT,1,14302998
ioana.racoti@ubbcluj.ro,UNIVERSITATEA BABES BOLYAI CLUJ,Resurse umane,Cluj,Analist resurse umane,1,4305849
ioana.slav@fcc-group.ro,SC FCC ENVIRONMENT ROMANIA SRL,Servicii transport / curierat,Galați,CONDUCATOR AUTOSPECIALA,8,14822567
ioana@dacica-grup.ro,Dacica Equipment Heroes SRL,Altele,,MANIPULANT MARFURI,1,43210154
ioanacearnau@asterpremium.ro,ASTER PREMIUM SRL,Altele,Bihor,AJUTOR BUCATAR,1,25815581
ioananegrutiu@madrugada.ro,MADRUGADA COM SRL,Producție / Logistică,Bihor,"MUNCITOR NECALIFICAT LA ASAMBLAREA, MONTAREA PIESELOR",4,15378390
ioanburja@elis.ro,ELIS PAVAJE SRL,Construcții / Instalații,Arad,MUNCITOR NECALIFICAT LA AMBALAREA PRODUSELOR SOLIDE SI SEMISOLIDE,1,1771593
iolanda.beudean@ro.ebmpapst.com,EBM PAPST AUTOMOTIVE DRIVES ROMANIA S.R.L.,Producție / Logistică,Bihor,PROGRAMATOR,4,38458677
iolanda.palade@arcelormittal.com,METINVEST TUBULAR IAȘI S.A.,Producție / Logistică,Iași,MACARAGIU,10,1973479
ion-nicolae.manea@asahibeer.ro,URSUS BREWERIES SA,Vânzări,Municipiul București,ANALIST SERVICII CLIENT,2,199095
ion@manac.biz,FABRICA MAIASTRA S.R.L.,Construcții / Instalații,Olt,OPERATOR LA MASINI-UNELTE CU COMANDA NUMERICA,1,40637623
ionc@dietrich-logistic.com,KARL HEINZ DIETRICH INTERNATIONAL EXPED SRL,Altele,Ilfov,MANIPULANT MARFURI,3,9539018
ionel.tanase@rsconstruct.ro,ROM SERVICE CONSTRUCT,Construcții / Instalații,Municipiul București,FIERAR BETONIST,2,3511905
ionela.hornet@benta.ro,CONTRANSCOM CONSTRUCŢII BENŢA SRL,Construcții / Instalații,Mureș,FIERAR BETONIST,5,33522965
ionica.stefan@transalpinafan.ro,TRANSALPINA FAN SRL,RESTAURANTE,Alba,FEMEIE DE SERVICIU,3,29342575
ionpetrisor@cerescom.ro,CERES COM SRL,COMERT,Olt,LUCRATOR GESTIONAR,20,8312466
ionut.lica@irispharm.ro,EUROPE JOBS LINE SRL,Altele,,FEMEIE DE SERVICIU,1,33385230
ipreda@transmecgroup.com,TRANSMEC RO SRL,Servicii transport / curierat,Bihor,SUDOR,1,21763919
irina.anghel@smartsb.ro,"SOCIETATEA PENTRU SERVICII DE MENTENANTA A RETELEI ELECTRICE DE TRANSPORT ""SMART"" SA",Construcții / Instalații,Sibiu,"ELECTRICIAN MONTARE SI REPARATII ECHIPAMENT ELECTRIC DIN CENTRALE, STATII SI POSTURI DE TRANSFORMARE ELECTRICE",1,14232728
irina.neicu@bran-castle.com,COMPANIA DE ADMINISTRARE A DOMENIULUI BRAN,Turism / Alimentație,,GHID OBIECTIV CULTURAL,4,25388561
irina.popa@neihr.ro,SEVAL SECURITY SRL,Armată / Pază/ Protecție,Municipiul București,AGENT DE SECURITATE,1,34055400
irina.rizea@uticfm.ro,UTI CONSTRUCTION AND FACILITY MANAGEMENT SA,Construcții / Instalații,Ilfov,ELECTRICIAN DE ÎNTRETINERE SI REPARATII,9,18165761
irina.zait@infosys.com,INFOSYS CONSULTING S.R.L.,IT / Telecomunicații,Mureș,PROGRAMATOR,1,23351043
is.resurseumane@ro.post,COMPANIA NATIONALA POSTA ROMANA S.A. BUCURESTI SUCURSALA IASI,Vânzări,Iași,CONSILIER/EXPERT/INSPECTOR/REFERENT/ECONOMIST ÎN ECONOMIE GENERALA,1,40704315
is.resurseumanr@ro-post.ro,COMPANIA NATIONALA POSTA ROMANA S.A. BUCURESTI SUCURSALA IASI,Servicii transport / curierat,Iași,"DIRECTOR/DIRECTOR ADJUNCT, INSPECTOR-SEF",1,40704315
isoletta@isoletta.ro,RISTORANTE ISOLETTA SRL,RESTAURANTE,Municipiul București,FEMEIE DE SERVICIU,1,27241060
iulia-andreea.bunea@autoelectric.com,ELEKTROMODUL ROMANIA S.R.L.,Altele,Mureș,"MUNCITOR NECALIFICAT LA ASAMBLAREA, MONTAREA PIESELOR",10,48619304
iulia.craiu@okttrans.nl,OKT TRANSPORT SRL,Servicii transport / curierat,,Conducător auto transport rutier de mărfuri,4,25627707
iulia.paisa@electricianultau.ro,ASIA ELECTRIC COMPANY SRL,Construcții / Instalații,Brașov,ELECTRICIAN ÎN CONSTRUCTII,20,47369676
iulia.savin@ldctrust.ro,COSMIC GLOBAL GRUP MCV SRL,Construcții / Instalații,Botoșani,"MUNCITOR NECALIFICAT LA DEMOLAREA CLADIRILOR, CAPTUSELI ZIDARIE, PLACI MOZAIC, FAIANTA, GRESIE, PARCHET",10,50230995
iulia.usurelu@hema-group.com,ADVANTAGE HEMA INNOVATION TECHNOLOGIES SRL,Producție / Logistică,Arad,MONTATOR SUBANSAMBLE,15,21599779
iulia@econetwork.ro,ECO NETWORK INDUSTRY SRL,Altele,Iași,ÎNCARCATOR-DESCARCATOR,1,23855849
iulian.serban@altus21.ro,ASOCIATIA ALTUS 21,Educație / Training / Coaching,Prahova,MENTOR,1,44311432
iulian.voicu@pinkpost.ro,ILRA PINK POST OPERATIONS S.R.L.,Altele,,"ÎNCASATOR SI CITITOR CONTOARE DE ENERGIE ELECTRICA, GAZE, APA",10,47643126
iuliana-andra.badiu@kaufland.ro,KAUFLAND ROMANIA SCS,Altele,Prahova,MANIPULANT MARFURI,20,15991149
iuliana.furnica@testergrup.ro,CASA AUTO LEŢCANI SRL,Vânzări,,AGENT DE VÂNZARI,1,26087338
iuliana.pereanu@befit.ro,BEFIT ROMANIA S.R.L.,Altele,Timiș,MANAGER,3,40400510
iuliana.socola@kredianis.ro,KREDIANIS SRL,COMERT,Vaslui,SEF RAION/ADJUNCT MARFURI ALIMENTARE/NEALIMENTARE,1,28464540
iuliana.soican@selgros.ro,SELGROS CASH CARRY SRL,Retail,Municipiul București,SEF RAION/ADJUNCT MARFURI ALIMENTARE/NEALIMENTARE,4,11805367
iuliana@jeler.ro,RIFA SRL,PRODUCTIE MOBILA,Cluj,"MUNCITOR NECALIFICAT LA ASAMBLAREA, MONTAREA PIESELOR",3,17470864
iuliana@painplaisir.ro,MAISON MORIES SRL,Altele,,LUCRATOR BUCATARIE (SPALATOR VASE MARI),5,30244198
iulianaandra.badiu@daas.ro,DAAS IMPEX SRL,COMERT,Prahova,TEHNICIAN ELECTROMECANIC,3,4840523
jahid@euro-dream.xyz,EURO DREAM BD SRL,Servicii transport / curierat,Cluj,CURIER,5,51734796
jana_cioata@mobel.ro,MOBEL AUTO SRL,SERVICE AUTO,Prahova,FUNCTIONAR INFORMATII CLIENTI,1,13665804
jenigealap@oztasar.ro,TASAR DESIGN SRL,FABRICAREA ARTICOLELOR DE IMBRACAMINTE,Prahova,CONFECTIONER-ASAMBLOR ARTICOLE DIN TEXTILE,9,18868230
jessica@geniusnanny.ro,GENIUS MEDIA AGENCY,Administrativ / Secretariat,Ilfov,SECRETARA,1,50008213
jobs.alba@vcst.com,VCST AUTOMOTIVE PRODUCTION ALBA SRL,Specialiști / Tehnicieni,Alba,TEHNICIAN ASIGURAREA CALITATII,1,30057599
jobs@instal-all.ro,INSTAL-ALL,Construcții / Instalații,Covasna,"MUNCITOR NECALIFICAT LA DEMOLAREA CLADIRILOR, CAPTUSELI ZIDARIE, PLACI MOZAIC, FAIANTA, GRESIE, PARCHET",1,14173680
jobs@t-business.ro,T BUSINESS SOLUTION S.R.L,COMERT,Harghita,AGENT DE VÂNZARI,1,50582924
juridic2@filsam.ro,FILSAM PROD S.R.L.,Altele,Prahova,ÎNGRIJITOR SPATII VERZI,4,5966997
juridic@agricola.ro,AGRICOLA INTERNATIONAL SA,Agricultură / Zootehnie,Bacău,ELECTRICIAN DE ÎNTRETINERE SI REPARATII,5,2816014
juridic@alexsigeorge.ro,ALEX & GEORGE IMPORT EXPORT SRL,RESTAURANTE,Cluj,OSPATAR (CHELNER),35,208738
juridic@electrocon.ro,ELECTRO-CON IMPEX S.R.L.,Construcții / Instalații,Sibiu,CONSILIER/EXPERT/INSPECTOR/REFERENT/ECONOMIST ÎN ECONOMIE GENERALA,1,15673447
juridic@jifa.ro,JIFA SRL,Altele,Sibiu,SOFER DE AUTOTURISME SI CAMIONETE,1,18048621
juridic@mestamarmura.ro,MESTA MARMURA SI TRAVERTIN PROD S.R.L.,COMERT,Constanța,creator de continut online,2,43662044
juridic@pasmatex.ro,PASMATEX SA,FABRICAREA ARTICOLELOR DE IMBRACAMINTE,Timiș,"OPERATOR CONFECTIONER INDUSTRIAL ÎMBRACAMINTE DIN TESATURI, TRICOTAJE, MATERIALE SINTETICE",5,1805190
juridic@roben.ro,SC ROBEN SRL,Turism / Alimentație,Hunedoara,AJUTOR BUCATAR,1,13626090
juridic@tsagroup.ro,S.C. GRUP TSA COMPANY SRL,COMERT,Cluj,CANTARAGIU,10,16378500
k.viezer@doorpanels.ro,DOOR PANELS SRL,Producție / Logistică,,OPERATOR MASE PLASTICE,1,22456157
karina.avram@diaptulcea.ro,DIRECTIA INTRETINERE SI ADMINISTRARE PATRIMONIU,Administrativ / Secretariat,Tulcea,SOFER AUTOMACARAGIU,1,14734651
katalin.toth@annagarden.ro,BIZCOUNT SRL,Turism / Alimentație,Covasna,BUCATAR,1,10182783
katy.popescu@vmcomp.ro,S.C. VM COMP S.R.L.,Producție / Logistică,Argeș,ELECTROMECANIC,1,197566
keropayroll@kimballelectronics.com,KIMBALL ELECTRONICS ROMANIA SRL,Producție / Logistică,Timiș,OPERATOR LA MASINI-UNELTE SEMIAUTOMATE SI AUTOMATE,3,33559867
kinga.hubbes@caritas-ab.ro,ASOCIATIA CARITAS ASISTENTA SO,ASISTENTA SOCIALA,Covasna,PSIHOLOG,1,1213139
kinga.kovacs@caritas-ab.ro,ASOCIATIA SAMARITANILOR,ASISTENTA SOCIALA,Harghita,ASISTENT SOCIAL NIVEL SUPERIOR,1,14882615
kis.karoly@therustypotatoes.com,SZIGEPSZERK SRL,Producție / Logistică,Harghita,SEF PROCES FABRICATIE,2,43167917
klara.fazakas@covalact.ro,COVALACT SA,Producție / Logistică,Covasna,"ELECTRICIAN MONTARE SI REPARATII APARATAJ ELECTRIC DE PROTECTIE, RELEE, AUTOMATIZARE",2,550152
konigbrezel@yaho.com,KÖNIG-BREZEL S.R.L.,Altele,Covasna,PATISER,2,34675223
koteles.ferenc@plastortrading.ro,PLASTOR TRADING SRL,Altele,Bihor,SEF DEPOZIT,1,22870522
kovacs.krisztina@szelmob.ro,SZELMOB SRL,PRODUCTIE MOBILA,,"MUNCITOR NECALIFICAT LA ASAMBLAREA, MONTAREA PIESELOR",1,6833026
ksc@ksc-transport.ro,KSC TRANSPORT SRL,Servicii transport / curierat,Bihor,Conducător auto transport rutier de mărfuri,9,7697909
l.catana@tmf-system.com,TMF S.R.L,Producție / Logistică,Mureș,OPERATOR LA MASINI-UNELTE CU COMANDA NUMERICA,1,16099122
l.enache@as-schneider.com,ARMATURENFABRIK FRANZ SCHNEIDER SRL,Producție / Logistică,Brașov,TEHNICIAN ELECTRONICA,1,15982647
l.ifcu@side.ro,SIDE GRUP SRL,COMERT,Brașov,MANIPULANT MARFURI,1,15216895
l.luca@dmitaliansofa.ro,DM ITALIAN SOFA S.R.L.,Producție / Logistică,Arad,MUNCITOR NECALIFICAT ÎN INDUSTRIA CONFECTIILOR,12,14632325
l.pojoca@benning.ro,BENNING POWER ELECTRONICS ROM SCS,Producție / Logistică,Caraș-Severin,"LACATUS-MONTATOR MASINI ELECTRICE ROTATIVE, TRANSFORMATOARE SI APARATAJ ELECTRIC",3,15678045
l.sandu@taurus-mediu.com,TAURUS TEHNOLOGII MEDIU S.R.L.,Altele,Neamț,LUCRATOR SORTATOR DESEURI RECICLABILE,25,45383038
lacramioara.mihalescul@marelvi.ro,MARELVI IMPEX SRL,COMERT,Suceava,UCENIC,1,7282405
laoc@essers.com,H ESSERS SRL,Servicii transport / curierat,Bihor,Conducător auto transport rutier de mărfuri,20,16335762
larisa.caliceanu@moroeanu-asociatii.ro,HAPPY JOKER SHOP SRL,Administrativ / Secretariat,Ilfov,"OPERATOR INTRODUCERE, VALIDARE SI PRELUCRARE DATE",1,49677753
larisa.cristea@desacons.eu,AXA ENGINEERING CONSTRUCTION S.R.L.,Construcții / Instalații,Municipiul București,"MUNCITOR NECALIFICAT LA DEMOLAREA CLADIRILOR, CAPTUSELI ZIDARIE, PLACI MOZAIC, FAIANTA, GRESIE, PARCHET",20,14907795
larisa.parasca@magna.com,MAGNA ELECTRONICS ROMANIA S.R.L.,IT / Telecomunicații,Timiș,INGINER DE SISTEM SOFTWARE,1,38558633
larisa.vladu@teamworksupport.ro,TEAMWORK SUPPORT,Producție / Logistică,Dolj,OPERATOR LA ROBOTI INDUSTRIALI,7,49719255
larisa@lumohr.ro,LA TURN SIBIU SRL,Altele,Sibiu,LUCRATOR BUCATARIE (SPALATOR VASE MARI),2,33401483
laura.bota@saneos.ro,SWISS MEDCORP S.R.L.,Medicină / Sănătate /Psihoterapie,Sibiu,Receptioner medical,2,39010280
laura.ivan@swarco.com,SWARCO VICAS SRL,Producție / Logistică,Dâmbovița,ARHIVAR,1,916670
laura.luca@engeser.com,ENGESER SRL,Altele,Arad,CONFECTIONER CABLURI SI ARBORI DE CABLURI,6,35338137
laura.oprea@work-finder.eu,SC STRATOSPARK SRL,Altele,Municipiul București,MUNCITOR NECALIFICAT LA SPARGEREA SI TAIEREA MATERIALELOR DE CONSTRUCTII,4,21107558
laura.radu@betabuzau.com,BETA SA,Producție / Logistică,Buzău,LACATUS CONSTRUCTII METALICE SI NAVALE,2,1154660
laura.stoian@u-g.ro,UNDERLINE GROUP SRL,PRODUCTIE MOBILA,Bacău,TÂMPLAR UNIVERSAL,1,11978538
laura.stoica@utilben.ro,UTILBEN SRL,Vânzări,Cluj,REPREZENTANT COMERCIAL,3,18643343
laura@orizont-srl.ro,ORIZONT SIGHETU MARMATIEI SRL,Vânzări,Maramureș,AGENT COMERCIAL,1,2204805
laurentiu.mihai@metigla.ro,METIGLA S.R.L.,Producție / Logistică,Prahova,CORESPONDENT COMERCIAL,1,12727666
lavi.zoican@hexingeu.com,HEXING TECHNOLOGIES EUROPE S.R.L.,Altele,Timiș,"MONTATOR, REGLOR ȘI DEPANATOR DE APARATE ȘI ECHIPAMENTE ELECTRONICE",4,48648032
lavinia.barbu@grandhotelbucharest.ro,GRAND HOTEL BUCHAREST SA,Altele,Municipiul București,SPECIALIST RESURSE UMANE,1,9019856
lavinia.burnete@jidvei.ro,MARIA TURISM SRL,RESTAURANTE,Alba,OSPATAR (CHELNER),1,17424990
lavinia.dogaru@odlo.com,ODLO ROMANIA SRL,FABRICAREA ARTICOLELOR DE IMBRACAMINTE,Neamț,INGINER MENTENANTA SI REPARATII,1,15280138
lavinia.ovezea@p-s-e.ro,PORT SHIPPING ENGINEERING S.R.L.,Construcții / Instalații,Constanța,"MUNCITOR NECALIFICAT LA DEMOLAREA CLADIRILOR, CAPTUSELI ZIDARIE, PLACI MOZAIC, FAIANTA, GRESIE, PARCHET",15,29055985
lavinia@lcvserar.ro,LCV SERAR SRL,Altele,Timiș,LACATUS MECANIC,4,27658920
lazareduard@romway.ro,ROMWAY ENGINEERING CONSTRUCTION S.R.L.,Construcții / Instalații,Brașov,DULGHER (EXCLUSIV RESTAURATOR),23,40683921
lazolconstruct25@gamil.com,SC LAZOL CONSTRUCT SRL,Construcții / Instalații,Bihor,UCENIC,2,51851133
ldaniela@primark.com,PRIMARK MAGAZINE S.R.L.,Retail,Dolj,LUCRATOR COMERCIAL,90,44875482
ldiaconu@acsind.com,ACS INDUSTRIES EUROPE SRL,Producție / Logistică,Cluj,OPERATOR LA MASINI-UNELTE SEMIAUTOMATE SI AUTOMATE,10,36597687
lehel.nagy@urbanbolt.ro,URBANBOLT S.R.L.,Altele,Covasna,GESTIONAR DEPOZIT,1,24568475
lemings@zappmobile.ro,LEMINGS SRL,Producție / Logistică,Constanța,LACATUS MECANIC,1,12039551
lera@lera.ro,LERA SRL,Producție / Logistică,Neamț,STRUNGAR UNIVERSAL,1,2004920
liana.malureanu@euroestcar.ro,EUROEST CAR SRL,COMERT,Ilfov,CONTABIL,2,19068805
liesti@gl.e-adm.ro,UAT COMUNA LIESTI,Administrativ / Secretariat,Galați,CONSILIER SCOLAR,1,3264562
ligia.rosu@westbridgefurniture.com,WESTBRIDGE MANUFACTURING S.R.L.,Altele,Arad,TAPITER,4,17613689
liliana.burghelea@alimenta-bacau.ro,SC ALIMENTA SA,Producție / Logistică,Bacău,OPERATOR LA VALORIFICAREA SUBPRODUSELOR DE ABATOR,4,6673600
liliana.costea@flex.com,FLEXTRONICS ROMÂNIA SRL,IT / Telecomunicații,Timiș,"INGINER ELECTRONIST TRANSPORTURI, TELECOMUNICATII",1,10608391
liliana.gradinaru@civitasgroup.ro,STRONG HOUSE SRL,Altele,Dolj,MUNCITOR NECALIFICAT LA SPARGEREA SI TAIEREA MATERIALELOR DE CONSTRUCTII,1,15074936
liliana.hobeanu@radox.ro,RADOX SRL,Producție / Logistică,Municipiul București,ÎNCARCATOR-DESCARCATOR,3,14764539
liliana.talasman@luxten.com,S.C. LUXTEN LIGHTING COMPANY S,Altele,Municipiul București,ELECTRICIAN MONTARE SI REPARATII CABLURI ELECTRICE SUBTERANE,8,6734030
liliana.tincu@sigemo.ro,SIGEMO IMPEX SRL,SERVICE AUTO,Sibiu,OPERATOR LA ROBOTI INDUSTRIALI,3,6417962
liliana.vunvulea@veolia.com,NISAL SRL,Altele,Sibiu,SUDOR,1,9048436
liliana@yokko.ro,YOKKO FASHION SRL,Altele,Municipiul București,CONTROLOR CALITATE,2,7137693
liordan@americanpan.com,AMERICAN PAN EUROPE S.R.L.,Producție / Logistică,Teleorman,CONTROLOR CALITATE,2,15058949
liviu.setrarescu@transferrapid.com,Transfer Rapid Electronic,Marketing,Municipiul București,SPECIALIST MARKETING,1,30384701
liviu@akindra.ro,Akindra Talents,Resurse umane,Cluj,SPECIALIST ÎN RECRUTARE,1,46407437
liviu@cautis.ro,CAUTIS J.B. MANAGEMENT SRL,Construcții / Instalații,Municipiul București,LACATUS MECANIC,4,15263021
liviu@fundatiadaciapentruromania.ro,FUNDATIA DACIA PENTRU ROMANIA,Altele,Municipiul București,MANAGER PROIECT,1,384920232
liviu@gazetadecluj.ro,MANPRESS S.R.L.,Altele,Cluj,REPORTER (STUDII MEDII),1,50494687
liviu@licosol.ro,LICO SOLUTION S.R.L.,Agricultură / Zootehnie,Ialomița,TEHNICIAN ENERGETICIAN/ELECTRICIAN,1,34147236
logistic@fenixsafety.com,FENIX SAFETY SRL,Producție / Logistică,Iași,MECANIC ÎNTRETINERE SI REPARATII MASINI DE CUSUT INDUSTRIALE,1,34025590
logistica@aquaphor.ro,AQUAPHOR PURITY S.R.L,COMERT,Constanța,REPREZENTANT COMERCIAL,1,23337669
logistica@bonas.ro,BONAS IMPORT EXPORT SRL,Turism / Alimentație,Cluj,LUCRATOR COMERCIAL,3,228824
logistica@queenmonaco.ro,Queen Monaco Holding,Au pair / Babysitter / Curățenie,Municipiul București,UCENIC,2,24850084
lorand.vaiajdi@mobilaiud.ro,MOBILAIUD SRL,Altele,Alba,"MUNCITOR NECALIFICAT LA ASAMBLAREA, MONTAREA PIESELOR",7,3756670
loredana.gata@siemens.com,SIMEA SIBIU SRL,Producție / Logistică,Bihor,SEF SECTIE INDUSTRIE PRELUCRATOARE,3,17830815
loredana.iosifovici@koff.ro,KOFF DISTRIBUTION SRL,COMERT,Ilfov,LUCRATOR COMERCIAL,8,35633960
loredana.varga@gartner-eurotrans.ro,GARTNER EUROTRANS ROMANIA SRL,Servicii transport / curierat,Timiș,Conducător auto transport rutier de mărfuri,20,31637764
loredanapalimaru@madebysociety.com,FREEFASHION S.R.L.,FABRICAREA ARTICOLELOR DE IMBRACAMINTE,Botoșani,CONFECTIONER-ASAMBLOR ARTICOLE DIN TEXTILE,19,32715640
lorena.braila@coficab.com,COFICAB EASTERN EUROPE SRL,Producție / Logistică,Arad,OPERATOR LA MASINI-UNELTE CU COMANDA NUMERICA,3,16876750
lpetrus@elitcugir.ro,ELIT SRL,PRODUCTIA SI CONSERVAREA CARNII,Arad,ELECTROMECANIC,1,14444712
lucia.adam@hidroelectrica.ro,"SOCIETATEA DE PRODUCERE A ENERGIEI ELECTRICE IN HIDROCENTRALE ""HIDROELECTRICA"" SA BUCURESTI SUCURSALA HIDROCENTRALE SEBES",Altele,Alba,ELECTRICIAN EXPLOATARE CENTRALE SI STATII ELECTRICE,1,11689718
luciacroitoru@xmail.com,ALP TEAM SRL,Au pair / Babysitter / Curățenie,Suceava,LUCRATOR COMERCIAL,2,27898508
lucian.grigore@spiact.ro,SPIACT CRAIOVA S.A.,Construcții / Instalații,Timiș,ELECTRICIAN ÎN CONSTRUCTII,5,14452049
lucian@grano.ro,GRANO & PARTNERS,Altele,Municipiul București,PATISER,4,21053130
lucian@move-expert.ro,MOVE EXPERT SERVICES SRL,Servicii transport / curierat,Municipiul București,CONDUCATOR AUTOTRAILER,10,22280351
lucica.vlad@adidas.com,S.C. ADIDAS ROMANIA S.R.L.,Retail,Ilfov,LUCRATOR COMERCIAL,4,15739061
ludde.sortilemn@codec.ro,SORTILEMN SA,PRODUCTIE MOBILA,Cluj,"MUNCITOR NECALIFICAT LA ASAMBLAREA, MONTAREA PIESELOR",29,199745
luiza.birhoata@minetconf.ro,MINET CONF SRL,Producție / Logistică,Vâlcea,OPERATOR LA MASINI-UNELTE SEMIAUTOMATE SI AUTOMATE,5,14040196
luiza.dinu@premiercom.ro,PREMIER COM SRL,COMERT,Ialomița,MANIPULANT MARFURI,1,5167914
luminita.groza@savinidue.ro,SAVINI DUE SRL,Altele,Alba,CONTROLOR CALITATE,1,15567276
luminita.sabau@draexlmaier.com,DRM DRAXLMAIER ROMANIA SISTEME ELECTRICE SRL,Producție / Logistică,Satu Mare,MONTATOR SUBANSAMBLE,59,11416777
m.buleandra@dodopizza.ro,DODO PIZZA LUJERULUI SRL,RESTAURANTE,Ilfov,AJUTOR BUCATAR,100,25834486
m.c@maergroup.com,MAER IMPORT EXPORT SRL,Construcții / Instalații,Tulcea,MUNCITOR NECALIFICAT LA SPARGEREA SI TAIEREA MATERIALELOR DE CONSTRUCTII,10,4491385
m.cimpueru@maggycalzature.ro,MAGGY CALZATURE SRL,FABRICAREA ARTICOLELOR DE IMBRACAMINTE,Timiș,MUNCITOR NECALIFICAT ÎN INDUSTRIA CONFECTIILOR,5,31117745
m.cretu@conecon.net,CONECON RO S.R.L.,Construcții / Instalații,Bihor,MONTATOR INSTALATII SOLARE,15,21754287
m.iacob@mmrmakita.eu,MAKITA EU SRL,Altele,Ilfov,MANAGER DE PRODUS,1,17549942
m.maschio@casagrandegroup.com,CONSTRUCŢII ŞI SERVICII SRL,Construcții / Instalații,Alba,SUDOR,3,16380801
m.musuiu@trenkwalder.com,TRK PROFESSIONAL SRL,Producție / Logistică,Municipiul București,MANIPULANT MARFURI,50,36389457
m.neagoie@hrsystems.ro,HR SYSTEMS INTERNATIONAL SRL,Producție / Logistică,Sibiu,MONTATOR SUBANSAMBLE,80,16706216
m.pop@cross-cargo.eu,CROSS CARGO LOGISTICS SRL,Servicii transport / curierat,Covasna,Conducător auto transport rutier de mărfuri,25,9484800
m.pop@greiner-gpi.com,SC GREINER PACKAGING SRL,Producție / Logistică,Sibiu,AMBALATOR MANUAL,2,14154727
m.staicu@gssgroup.ro,G.S.S. EQUIPMENTS SRL,Inginerie,Brașov,REPREZENTANT TEHNIC,1,23415104
m.vasile@itclogistic.ro,ITC LOGISTIC ROMANIA SRL,Producție / Logistică,Brașov,LUCRATOR GESTIONAR,1,18779419
macrina.mester@europeanfood.ro,EUROPEAN FOOD INTERNATIONAL S.R.L.,Specialiști / Tehnicieni,Bihor,OPERATOR LA ROBOTI INDUSTRIALI,1,46325965
madalina.apostol@lunox.ro,S.C. PAPION CONCEPT SRL,Altele,Municipiul București,CALCATOREASA LENJERIE,5,30976630
madalina.avram@ocprodgroup.com,ORGANISATION CONSULTING PROD SRL,IT / Telecomunicații,Municipiul București,PROGRAMATOR,20,22286079
madalina.barea@power-dynamic.com,S.C. POWER DYNAMIC TECHNOLOGY,Altele,Hunedoara,SOFER DE AUTOTURISME SI CAMIONETE,1,19068945
madalina.constantin@anandaresidence.ro,CROMIX CONSULT SRL,Construcții / Instalații,Ilfov,"INSTALATOR APA, CANAL",3,35684572
madalina.dinu@otelinox.ro,OTELINOX S.A.,Producție / Logistică,Dâmbovița,OPERATOR LA MASINI-UNELTE SEMIAUTOMATE SI AUTOMATE,2,921641
madalina.groza@milanologistic.ro,MILANO LOGISTIC SRL,Servicii transport / curierat,Bihor,Conducător auto transport rutier de mărfuri,1,4715741
madalina.marciu@koperagro.ro,OZIGOS MARKET S.R.L.,Altele,Ilfov,FEMEIE DE SERVICIU,3,38571004
madalina.petre@tecnic.ro,TECNIC CONSULTING ENGINEERING ROMANIA,Inginerie,Municipiul București,INGINER CONSTRUCTII HIDROTEHNICE,1,22971870
madalina.radu@goldenfoods.com.ro,DERPAN S.R.L.,Altele,Prahova,MUNCITOR NECALIFICAT LA AMBALAREA PRODUSELOR SOLIDE SI SEMISOLIDE,9,13837330
madalina.tatu@gls-romania.ro,GLS GENERAL LOGISTICS SYSTEMS ROMANIA SRL,Servicii transport / curierat,Sibiu,ÎNCARCATOR-DESCARCATOR,20,21611392
madalina.vasile@ro.mcd.com,PREMIER RESTAURANTS ROMANIA SRL,RESTAURANTE,Neamț,LUCRATOR COMERCIAL,12,6205722
madalina@sienaresidence.ro,FORTIS PROBUILD SRL,Construcții / Instalații,Ilfov,DULGHER (EXCLUSIV RESTAURATOR),11,51972623
madalinariza@yhoo.com,RIZA MADMAR S.R.L.,COMERT,Vâlcea,MANIPULANT MARFURI,1,41213995
magazin2820@profi.ro,PROFI BANTADOMINIC S.R.L.,COMERT,Gorj,CASIER,1,46822204
magda.marcu@topmontaj.ro,SC DAD TOP MONTAJ SRL,Construcții / Instalații,Prahova,"INGINER CONSTRUCTII CIVILE, INDUSTRIALE SI AGRICOLE",2,39624662
magda.somesfalean@arobsgroup.com,AROBS TRANSILVANIA SOFTWARE S.,IT / Telecomunicații,Cluj,INGINER DE SISTEM SOFTWARE,1,11291045
magdalena.anghel@primariavl.ro,PRIMARIA MUNICIPIULUI RM VALCEA,Altele,Vâlcea,INSPECTOR DE SPECIALITATE ÎN ADMINISTRATIA PUBLICA,2,2540813
magdalena.coman@alcpolistiren.ro,ALC INJECT POLISTIREN S.A.,Producție / Logistică,Dâmbovița,MECANIC UTILAJ,1,26822552
magdalena.iordachescu@merinvest.ro,MER INVEST INDUSTRIES S.R.L.,Producție / Logistică,Prahova,OPERATOR CHIMIST LA PRODUCEREA DIVERSELOR PRODUSE ANORGANICE,1,27757860
magdalena.petrache@xp-group.com,EXPERT PETROLEUM SOLUTIONS SRL,Producție / Logistică,Gorj,SOFER AUTOMACARAGIU,1,26367230
mail.ro@selleroyalgroup.com,SELLE ROYAL ROMANIA SRL,Producție / Logistică,Bihor,MUNCITOR NECALIFICAT ÎN INDUSTRIA CONFECTIILOR,2,45280032
mamaiaoffice@hotel-hefaistos.ro,HEFAISTOS CM SA MAMAIA,Turism / Alimentație,Constanța,RECEPTIONER DE HOTEL,3,42698660
man.alunita@belcoavia.ro,BELCO AVIA SRL,Producție / Logistică,Bistrița-Năsăud,LAMINATOR,10,16125191
manager@algrup.ro,ALGRUP BUSINESS COMPANY SRL,COMERT,Olt,LUCRATOR COMERCIAL,7,11262279
manager@conaculsecuiescrural.ro,CONACUL SECUIESC RURAL SRL,Turism / Alimentație,Alba,CAMERISTA HOTEL,1,46238184
manager@harmonya.ro,S C HARMONYA GARDEN PLUS S R,Altele,Harghita,TEHNICIAN PROIECTANT,1,29116748
manager@pgoffice.ro,PROGO OFFICE SRL,Altele,Bacău,TIPOGRAF-TIPARITOR,1,35709596
managing@koreasiana-food.ro,MHJ KO-ASIA FOOD SRL,RESTAURANTE,Constanța,BUCATAR-SEF,2,46316193
manpower@manpowergroup.ro,SC NAVCONSULT SRL,Altele,Municipiul București,ANALIST CALITATE,10,12205549
manuela@blackseagroup.com,BLACK SEA CENTER CONSTRUCT CO.,Construcții / Instalații,Municipiul București,"MUNCITOR NECALIFICAT LA DEMOLAREA CLADIRILOR, CAPTUSELI ZIDARIE, PLACI MOZAIC, FAIANTA, GRESIE, PARCHET",2,30339760
marcel@marcel.com.ro,MARCEL SRL,PRODUCTIA SI CONSERVAREA CARNII,Iași,MANIPULANT MARFURI,2,1945398
margareta.mates@transilvanianuts.ro,TRANSILVANIA NUTS SRL,Altele,Alba,AMBALATOR MANUAL,1,15096888
mari@martel.ro,MARTEL COM SRL,COMERT,Mureș,LUCRATOR COMERCIAL,1,12007070
maria.barsan@comes.ro,COMES SA,Producție / Logistică,Neamț,LACATUS MECANIC,4,2662292
maria.costandache@acs-dts.ro,COMBINATUL DE CELULOZĂ ŞI HÂRTIE S.A.,Altele,Mehedinți,STIVUITORIST,2,5976842
maria.danciu@contelit.ro,ARCESE TRANSPORT SRL,Servicii transport / curierat,Cluj,Conducător auto transport rutier de mărfuri,40,27974796
maria.filipiuc@eltrex.ro,ELTREX SRL,Construcții / Instalații,Timiș,ELECTRICIAN ÎN CONSTRUCTII,4,11738772
maria.moga@toreto.eu,TORETO SRL,Producție / Logistică,Cluj,MUNCITOR NECALIFICAT LA AMBALAREA PRODUSELOR SOLIDE SI SEMISOLIDE,2,16223483
maria.samoila@tipomar.ro,TIPOMAR PACKAGING S.R.L.,Producție / Logistică,Ilfov,MASINIST ÎN LEGATORIE MECANICA,1,9394243
maria.stavaroiu@excelsiortks.ro,EXCELSIOR FLUSS GROUP SRL,Construcții / Instalații,Municipiul București,MASINIST LA MASINI PENTRU TERASAMENTE (IFRONIST),5,32419954
maria@eurofina.ro,EUROFINA SRL,Altele,Vâlcea,CONFECTIONER ARTICOLE DIN PIELE SI ÎNLOCUITORI,1,15380668
mariacosma@trasmec.ro,TRASMEC PRODUCTION RO SRL,Construcții / Instalații,Cluj,"MUNCITOR NECALIFICAT LA ASAMBLAREA, MONTAREA PIESELOR",1,9263841
marian.haloiu@pci-pipes.ro,PCI PIPES SYSTEMS SRL,Producție / Logistică,Vâlcea,AUTOMATIST,2,32373067
marian@duakdrums.com,DUAK DRUMS SRL,Producție / Logistică,Olt,CONSILIER/EXPERT/INSPECTOR/REFERENT/ECONOMIST ÎN GESTIUNEA ECONOMICA,1,13993267
mariana.bunta@painedumbravita.ro,STRATEGIC VENTURES S.R.L.,Producție / Logistică,Timiș,SEF SCHIMB,1,28133589
mariana.cornes@dabodoner.ro,SC SMART FRANCHISE SRL,RESTAURANTE,Sibiu,CASIER,1,49023554
mariana.dobre@homey.com.ro,STR ASSET MANAGEMENT S.R.L.,Altele,Municipiul București,ÎNGRIJITOR CLADIRI,6,41137103
mariana.liliana@cotta.ro,COTTA INTERNATIONAL SRL,PRODUCTIE MOBILA,Arad,TAPITER,2,12897806
mariana.malinescu@leviatan.ro,LEVIATAN DESIGN SRL,Construcții / Instalații,Municipiul București,PROIECTANT INGINER INSTALATII,2,30329499
mariana.malinescu@ubitechag.ro,UBITECH CONSTRUCTII SRL,Construcții / Instalații,Municipiul București,"INGINER CONSTRUCTII CIVILE, INDUSTRIALE SI AGRICOLE",2,35049422
mariana.mos@elganador.ro,SC BUCATARIE RASCRUCI,RESTAURANTE,Cluj,AJUTOR OSPATAR,1,37615579
mariana.potor@terdevmac.onmicrosoft.com,TERDEVMAC PRODUCTION S.R.L.,Construcții / Instalații,Hunedoara,ARZATOR PRODUSE CERAMICE,4,46419784
mariana.tescan@paleurop.ro,ROM GRUP DEVELOPMENT SRL,Altele,Prahova,STIVUITORIST,1,18415477
mariana@everestjobs.eu,LES ENFANTS TERRIBLES S.R.L.,RESTAURANTE,,AJUTOR BUCATAR,8,42796870
marijana@steauademare.ro,SC COMPLEX HOTELIER STEAUA DE MARE SRL,Turism / Alimentație,Constanța,OSPATAR (CHELNER),60,21538402
marilena.ghitun@humana-romania.ro,HUMANA PEOPLE TO PEOPLE SRL,Retail,Prahova,LUCRATOR COMERCIAL,2,18264676
marilena.plesea@gclub.ro,S.C. PAN EXPRESS SERVICE SRL,Altele,Municipiul București,"MUNCITOR NECALIFICAT LA ASAMBLAREA, MONTAREA PIESELOR",3,437634
marina.puscas@livaro.ro,S.C. LIVARO S.R.L.,Altele,Bihor,OPERATOR CONFECTII ÎMBRACAMINTE DIN PIELE SI ÎNLOCUITORI,4,16361257
marinica.batoanca@carmistin.ro,AVICARVIL SRL,Agricultură / Zootehnie,Gorj,OPERATOR ABATORIZARE PASARI,15,18658662
maris@mgg-ro.com,MGG RECYCLING SRL,Producție / Logistică,Arad,INGINER MECANIC,1,1689176
marius.avram@egt-logistics.com,EN GHEDI DISTRIBUTION SRL,Servicii transport / curierat,Bistrița-Năsăud,Conducător auto transport rutier de mărfuri,2,36832464
marius.badea@cocspetrolier.ro,MARCOBAD COM SRL,Producție / Logistică,Dâmbovița,MUNCITOR NECALIFICAT LA AMBALAREA PRODUSELOR SOLIDE SI SEMISOLIDE,1,14560814
marius.vasile@comgaz.ro,COM GAZ STEEL SRL,Vânzări,,SPECIALIST IN ACHIZITII,2,5840696
mark@euro-center.ro,KRAYEN S.R.L.,COMERT,Mureș,LUCRATOR COMERCIAL,1,29507401
marketing@bentoflux.ro,BENTOFLUX SA,Au pair / Babysitter / Curățenie,Satu Mare,CALCATOREASA LENJERIE,1,639307
marketing@vetro.ro,VETRO DESIGN SRL,Altele,Municipiul București,ÎNGRIJITOR CLADIRI,2,8409931
matyaskatalin@infopressgroup.com,INFOPRESS GROUP SA,Producție / Logistică,Harghita,MASINIST LA MASINI DE AMBALAT,1,526170
maxime.enescu@intrainterim.ro,HR INTRA INTERIM S.R.L.,Altele,Ilfov,CURIER,150,39543967
mazarom@mazarom.ro,MAZAROM IMPEX SRL,Producție / Logistică,Prahova,OPERATOR LA MASINI-UNELTE CU COMANDA NUMERICA,4,2795736
mbo@mbo.ro,MURI BENZ OIL SRL,COMERT,Mureș,ÎNGRIJITOR SPATII VERZI,1,8575268
mbufnea@nervia.ro,SAVA LOGISTIC SRL,Servicii transport / curierat,Cluj,Conducător auto transport rutier de mărfuri,10,27317524
mc@evtrans.ro,ETJ TRANS,Altele,Municipiul București,Conducător auto transport rutier de mărfuri,8,51506895
mchioariu@asco-holding.com,ASCO GLOBAL SOLUTIONS SRL,Altele,Municipiul București,MANAGER PROIECT,1,47390201
meda.opris@hotel-meridian.ro,RIA MERIDIAN,Turism / Alimentație,Cluj,RECEPTIONER DE HOTEL,2,14532520
medical@bailesarateocnamures.ro,MEDICAL BAILE SARATE SRL,Medicină / Sănătate /Psihoterapie,Alba,FIZIOKINETOTERAPEUT,1,48465159
metehan@alu-metco.com,MK DESIGN & BUILD SRL,Producție / Logistică,Olt,UCENIC,40,51515923
miclos-m@ergio.ro,SC ERGIO BY MERLUȘCĂ SRL,Construcții / Instalații,Bacău,OPERATOR LA MASINI UNELTE CU COMANDA NUMERICA ÎN PRELUCRAREA LEMNULUI,1,4831975
miftode.simona@asconti.ro,S.C. ASCONTI VFT S.R.L.,Construcții / Instalații,Vaslui,FIERAR BETONIST,10,14134320
mihaela.avram@btdconstruct.ro,BTDCONSTRUCT AMBIENT SRL,Construcții / Instalații,Municipiul București,INSTALATOR INSTALATII TEHNICO-SANITARE SI DE GAZE,2,31055944
mihaela.avram@btdgaz.ro,HAGAG DISTRIBUTIE SI FURNIZARE S.R.L.,Construcții / Instalații,Municipiul București,SPECIALIST RESURSE UMANE,1,52372058
mihaela.baila@octogonhr.ro,KIDDO SPORTS PARK S.R.L.,Altele,,PLASATOR,40,41033579
mihaela.bejinariu@dsabotosani.ro,DIRECTIA PENTRU SPORT SI AGREMENT,Inginerie,Botoșani,INSPECTOR DE SPECIALITATE ÎN ADMINISTRATIA PUBLICA,1,24401506
mihaela.bursuc@comcerealbt.ro,COMCEREAL SA,Altele,Botoșani,LABORANT DETERMINARI FIZICO-MECANICE,1,8278020
mihaela.buzila@crescento.ro,CRESCENTO PACKAGING SRL,Altele,Iași,CARTONAGIST,10,35258100
mihaela.chimigeru@dcsrecruitment.com.ro,MINERALEX EXPLOATARE RESURSE SRL,Altele,,MUNCITOR NECALIFICAT ÎN MINE SI CARIERE,4,14619636
mihaela.chiper@visromania.eu,Asociatia PENTRU VICTIMELE INFRACTIUNILOR SEXUALE,Educație / Training / Coaching,Constanța,ASISTENT DIRECTOR/RESPONSABIL DE FUNCTIUNE (STUDII SUPERIOARE),1,43828377
mihaela.chiriac@stada.ro,STADA M&D SRL,Altele,Municipiul București,MANAGER PROIECT,2,32203534
mihaela.coteanu@cos.ro,SC CORPORATE OFFICE SOLUTIONS,Vânzări,Timiș,MANAGER PROIECT,1,10148013
mihaela.florea@fermit.ro,FERMIT SA,Vânzări,Cluj,AGENT DE VÂNZARI,1,1170151
mihaela.fumea@sipex.ro,SIPEX COMPANY S.A.,COMERT,Municipiul București,SPECIALIST MARKETING,1,9813422
mihaela.iuliana@hobbystar.ro,HOBBY STAR 94 IMPEX SRL,Altele,Bistrița-Năsăud,SOFER DE AUTOTURISME SI CAMIONETE,4,5557283
mihaela.lupei@plusmedicalinvest.ro,MEDICAL DENTAL INVEST S.R.L.,Medicină / Sănătate /Psihoterapie,Iași,ASISTENT MEDICAL GENERALIST,1,44264551
mihaela.marin@3minterserv.ro,SC 3M INTERSERV GRUP SRL,Altele,Dâmbovița,OPERATOR LA MASINI-UNELTE CU COMANDA NUMERICA,1,31095310
mihaela.petrache@ihg.com,ANA HOTELS S.A.,Turism / Alimentație,Municipiul București,RECEPTIONER DE HOTEL,1,5479061
mihaela.petroiu@prosperanta.ro,PRO SPERANTA 2002 SRL,Vânzări,Argeș,Operator Umplere Recipiente GPL,1,6747677
mihaela.pirvu@carmistin.ro,AVICARVIL FOOD & DISTRIBUTION SRL,Agricultură / Zootehnie,Vâlcea,OPERATOR ABATORIZARE PASARI,50,33307282
mihaela.pletea@gazzo.ro,PRS CAPITAL,Altele,,AJUTOR BUCATAR,5,34226925
mihaela.rosca@ultracont.ro,SUFLETE ÎN ETATE,Altele,Municipiul București,FEMEIE DE SERVICIU,1,30028720
mihaela.rusu@avinci.ro,AG STEEL BUILDING &amp; CLADDING SRL,Construcții / Instalații,Iași,CONSTRUCTOR-MONTATOR DE STRUCTURI METALICE,2,30970581
mihaela.salcudean@maximinvest.ro,MAXIM INVEST SRL,Servicii transport / curierat,Cluj,Conducător auto transport rutier de mărfuri,10,13100095
mihaela.sersea@wetterbest.ro,JORIS IDE SRL,Producție / Logistică,Timiș,COORDONATOR ÎN MATERIE DE SECURITATE SI SANATATE ÎN MUNCA (STUDII MEDII),1,14208541
mihaela.stanciu@cooperativasuine.ro,COOPERATIVA SILISTEA PRODUCTIE SUINE COOPERATIVA AGRICOLA,Altele,,MUNCITOR NECALIFICAT ÎN AGRICULTURA,8,26950179
mihaela.tanase@profi.ro,MEGA IMAGE SRL,COMERT,Ilfov,VÂNZATOR,17,6719278
mihaela.zamfir@dao.rowater.ro,Sistemul de Gospodărire a Apelor Olt,Altele,Olt,MUNCITOR HIDROMETRU,1,18350947
mihaela@conmet.com.ro,CONMET TRADE SRL,Construcții / Instalații,Ialomița,SUDOR,1,25920722
mihaela@stialmet.ro,STIALMET SRL,Construcții / Instalații,,CONFECTIONER TÂMPLARIE DIN ALUMINIU SI MASE PLASTICE,4,10349866
mihaela_paun@sartorom.ro,SARTOROM IMPEX SRL,Inginerie,Municipiul București,AGENT DE VÂNZARI,1,378562
mihaelatapu@pelinari.ro,PELINARI ȘI PELINARI SOCIETATE CIVILĂ DE AVOCAȚI,Au pair / Babysitter / Curățenie,Municipiul București,FEMEIE DE SERVICIU,1,26540454
mihai.dinu@ymail.com,DINCONSTRUCT METPROFIL SRL,Construcții / Instalații,Prahova,LACATUS CONSTRUCTII METALICE SI NAVALE,2,28199125
mihai.gheorghiu@aquador.ro,SC AQUADOR SRL,Specialiști / Tehnicieni,Sibiu,PREPARATOR BAUTURI RACORITOARE,2,7051303
mihai.mucenicu@primariasebes.ro,ASOCIATIA DE DEZVOLTARE INTERCOMUNITARA PENTRU TRANSPORT PUBLIC ZONA SEBES,Altele,Alba,INSPECTOR DE SPECIALITATE ÎN ADMINISTRATIA PUBLICA,1,50918510
mihai.oaie@adc.ro,ADC SUSTAINABLE POWER,Construcții / Instalații,Bihor,INGINER ELECTRICIAN,3,44643300
mihai.ponoran@oriconsul.ro,S.C. ORIENTAL CONSULTANTS GLOB,Construcții / Instalații,Ilfov,MANAGER PROIECT,1,24663787
mihai.serban@veolia.com,SC APA NOVA BUCURESTI SA,Inginerie,Ilfov,INGINER MECANIC,2,12276949
mihai.stroe@mefaendustri.com,MEFA INDUSTRY SRL,Producție / Logistică,Dâmbovița,OPERATOR LA PRELUCRAREA CAUCIUCULUI,4,37933114
mihair@generalconstruct.ro,GENERAL CONSTRUCT SRL,Construcții / Instalații,Suceava,"MUNCITOR NECALIFICAT LA DEMOLAREA CLADIRILOR, CAPTUSELI ZIDARIE, PLACI MOZAIC, FAIANTA, GRESIE, PARCHET",9,6908390
milka@teclem.com,TECLEM PROD SRL,Producție / Logistică,Timiș,"MUNCITOR NECALIFICAT LA ASAMBLAREA, MONTAREA PIESELOR",5,10807130
mimo@mimo.ro,MIMO SRL,Construcții / Instalații,Maramureș,ASAMBLATOR-MONTATOR PROFILE ALUMINIU SI GEAM TERMOPAN,3,2214418
min@newpharma.ro,SC SMARTVALUE DEVELOPMENT SRL,IT / Telecomunicații,Cluj,PROGRAMATOR,1,43506711
mioara@rusancom.ro,MMM GLOBAL TEX PREMIUM ,Producție / Logistică,,MUNCITOR NECALIFICAT ÎN INDUSTRIA CONFECTIILOR,1,45782357
mirabela.neculaesei@asee.io,PAYTEN PAYMENT SOLUTIONS SRL,IT / Telecomunicații,Municipiul București,ANALIST SERVICII CLIENT,1,39351430
mircea.falan@csc-transmetal.com,C.S.C TRANS METAL SRL,Altele,Ilfov,SUDOR,2,17669850
mircea.pastor@materom.ro,MATEROM SRL,Administrativ / Secretariat,,OSPATAR (CHELNER),1,10302235
mircea_raulea@uahoo.com,DEZMO S.R.L.,Altele,Vâlcea,MECANIC AUTO,2,24319318
mirdo.budiaci@hilton.com,S.C. AKROS DEVELOPMENT PARTNER,Turism / Alimentație,Cluj,CAMERISTA HOTEL,4,16856191
mirela.amarandei@saptespice.ro,SAPTE SPICE SA,Altele,Iași,ELECTRICIAN DE ÎNTRETINERE SI REPARATII,1,2537907
mirela.obreja@hilton.com,APEX ALLIANCE 1 S.R.L.,Turism / Alimentație,Municipiul București,LUCRATOR BUCATARIE (SPALATOR VASE MARI),2,33786070
mirela.tibuschi@viconextrans.com,VICONEXTRANS S.R.L.,Servicii transport / curierat,Bacău,Conducător auto transport rutier de mărfuri,3,23068404
mirela@ag-transporten.com,A + G TRANSPORT INTERNATIONAL SRL,Servicii transport / curierat,Iași,Conducător auto transport rutier de mărfuri,12,35812957
mirela@moldoglass.ro,MOLDOGLASS SRL,Producție / Logistică,Bacău,"MUNCITOR NECALIFICAT LA ASAMBLAREA, MONTAREA PIESELOR",10,9978390
mirela@newbuildcons.ro,S C NEW BUILD CONSTRUCTION SRL,Management,Municipiul București,DIRECTOR GENERAL SOCIETATE COMERCIALA,1,53261899
mirelabilavu@severnav.ro,SEVERNAV SA,Altele,Mehedinți,SUDOR,10,1606030
mmurariu@ups.com,S.C. UPS ROMANIA S.R.L,Servicii transport / curierat,Ilfov,MANIPULANT MARFURI,1,13191000
mnica@mega-image.ro,MEGA IMAGE SRL,Retail,Ilfov,ÎNCARCATOR-DESCARCATOR,11,6719278
mohsin@dhotharinternational.com,DHOTHAR HR SERVICES SRL,Administrativ / Secretariat,Municipiul București,"OPERATOR INTRODUCERE, VALIDARE SI PRELUCRARE DATE",3,44658807
moisil@ecosoftbn.ro,ECOSOFTBN SRL,Servicii transport / curierat,Bistrița-Năsăud,Conducător auto transport rutier de mărfuri,1,24407657
moldocor@moldocor.ro,MOLDOCOR SA,Construcții / Instalații,Neamț,SUDOR,20,2046250
moncobra.csi@grupocobra.com,MONCOBRA CONSTRUCTIE SI INSTALARE SRL,Construcții / Instalații,Dolj,LACATUS MECANIC,1,29206174
monica.morianu@ssg.ro,S.S.G. FIRE RESCUE SRL,Armată / Pază/ Protecție,Ilfov,INTENDENT,10,31477647
monica.stanica@b2-impact.com,B2 IMPACT SRL,Management,,MANAGER DE OPERATIUNI/PRODUS,1,35698810
monica.tamas@grandemar.ro,GRANDEMAR SA,Construcții / Instalații,,CONCASORIST,1,200947
monica@goldenchicken.eu,GREEN EGGS SRL,Agricultură / Zootehnie,Giurgiu,ÎNGRIJITOR ANIMALE,1,48803420
monicalimban@x-printing.ro,X PRINTING SRL,Altele,Constanța,OPERATOR PROCESARE TEXT SI IMAGINE,1,17970622
monika.petres@ro.post,COMPANIA NATIONALA POSTA ROMANA S.A. BUCURESTI SUCURSALA BRASOV,Servicii transport / curierat,Harghita,AGENT POSTAL,1,40723325
morcan.andrea@satrotec.ch,SATROTEC SRL,Producție / Logistică,,CONSILIER/EXPERT/INSPECTOR/REFERENT/ECONOMIST ÎN ECONOMIE GENERALA,2,29868490
mpecakova@deloittece.com,SAVES ENERGY ROMANIA srl,Altele,Municipiul București,BROKER BURSA DE MARFURI,4,48060384
mpui@kpmg.com,SC VERTIV ROMANIA SRL,Contabilitate / Financiar,Cluj,REFERENT DE SPECIALITATE FINANCIAR-CONTABILITATE,7,35727460
mracz@intevaproducts.com,S.C Inteva Closures SRL,Altele,Bihor,MONTATOR SUBANSAMBLE,30,40512395
mru@sctpiasi.ro,COMPANIA DE TRANSPORT PUBLIC IAŞI S.A.,Servicii transport / curierat,Iași,CONDUCATOR TRAMVAI (VATMAN),6,32175213
muresan.bogdan@metal-spark.com,SC Metal Spark Engineering SRL,Producție / Logistică,Sălaj,STRUNGAR UNIVERSAL,1,36674542
n.boaru@bakertilly.ro,AVANTAJ PLAY SRL,IT / Telecomunicații,Municipiul București,PROGRAMATOR,1,46607982
nadina.almasan@pinvest.ro,OPREA AVI COM SRL,Agricultură / Zootehnie,Mureș,MANIPULANT MARFURI,10,5504181
natalia.popescu@prometer.ro,PROMETER M & G SRL,Construcții / Instalații,Timiș,INGINER GEODEZ,2,12911609
ncf@nordconforest.ro,NORD CONFOREST SA,Construcții / Instalații,Cluj,ZIDAR ROSAR-TENCUITOR,7,201900
nelidana@ymail.com,S.C. DANANELI S.R.L,PRODUCTIE MOBILA,Sălaj,"MUNCITOR NECALIFICAT LA ASAMBLAREA, MONTAREA PIESELOR",1,17826067
nelu.pavel@investmilenium.ro,INVEST MILENIUM SRL,Altele,Bacău,AGENT CURATENIE CLADIRI SI MIJLOACE DE TRANSPORT,5,14502619
nely@vigilentsecurity.com,VIGILENT SECURITY SRL,Armată / Pază/ Protecție,Bacău,AGENT DE SECURITATE,2,10294736
nicolae.ani@macrosuin.ro,MACRO SUIN S.A.,Agricultură / Zootehnie,Argeș,ÎNGRIJITOR ANIMALE,2,161430
nicolae.fechetea@primato.ro,PRIMATO SRL,SERVICE AUTO,Alba,INGINER AUTOVEHICULE RUTIERE,1,12178002
nicoleta-violeta.popa@raiffeisen.ro,RAIFFEISEN BANK SA,Contabilitate / Financiar,Municipiul București,"OFITER BANCAR (CREDITE, MARKETING, PRODUSE SI SERVICII BANCARE)",6,361820
nicoleta.antonov@fraher.ro,FRAHER SRL,Agricultură / Zootehnie,Tulcea,PREPARATOR PRODUSE LACTATE,2,9442626
nicoleta.arisanu@prato.ro,OLIN FOODS SRL,Turism / Alimentație,Brașov,BUCATAR,1,15922238
nicoleta.coman@solerotech.com,SOLERO TECHNOLOGIES SBIU,Producție / Logistică,Sibiu,MONTATOR SUBANSAMBLE,10,50298745
nicoleta.fulga@zf-lifetec.com,TRW AUTOMOTIVE SAFETY SYSTEMS SRL,Producție / Logistică,Hunedoara,UCENIC,20,16191624
nicoleta.iancu@serconstruct.ro,SERCONSTRUCT ROADS,Construcții / Instalații,Constanța,MECANIC UTILAJ,20,41571349
nicoleta.moise@unarte.org,UNIV NATIONALA DE ARTE BUCURES,Educație / Training / Coaching,Municipiul București,ADMINISTRATOR FINANCIAR (PATRIMONIU) (STUDII SUPERIOARE),1,4602033
nicoleta.popa@sergiana.ro,SERGIANA PRODIMPEX SRL,COMERT,Brașov,SUDOR,1,6981790
nicoleta.spiridon@asmedical.ro,CLINICA ORL AS MEDICAL S.R.L.,Medicină / Sănătate /Psihoterapie,Prahova,ASISTENT MEDICAL RADIOLOGIE,2,39797523
nicoleta.tonca@drakuplast.eu,DRAKUPLAST S.R.L.,Producție / Logistică,Bihor,OPERATOR LA PRELUCRAREA MASELOR PLASTICE,6,32608503
nicoleta.vecerdea@totalnsa.ro,EUROFOR 2011 SRL,Altele,Sibiu,MASINIST LA MASINI PENTRU TERASAMENTE (IFRONIST),10,29536210
nicoleta.zaharescu@kgaudit.ro,HOFSTETTER ENVORONMENTAL SRL,Inginerie,Ilfov,INGINER DE SISTEM SOFTWARE,1,44158623
nicoleta@umancare.ro,SKOO ENGINEERING & TRADING SRL,Altele,Municipiul București,FEMEIE DE SERVICIU,4,42343896
nicoleta@umancarre.ro,S.C. MAR&GOD 85 COMALIMENT S.R,Altele,Giurgiu,MANIPULANT MARFURI,4,30177790
nicu.galan@hestiaprotection.ro,HESTIA PROTECTION,Construcții / Instalații,Municipiul București,MUNCITOR NECALIFICAT LA SPARGEREA SI TAIEREA MATERIALELOR DE CONSTRUCTII,4,24029110
nicusor.panaite@iasicon.ro,IASICON SA,Construcții / Instalații,Iași,ZIDAR ROSAR-TENCUITOR,6,1957821
nina@legend.ro,AGENDA INTERNATIONAL SRL,COMERT,Ilfov,MANIPULANT MARFURI,5,369475
nova@apabotosani.ro,NOVA APASERV SA,Altele,Botoșani,AGENT SERVICII CLIENT,1,26161230
o.almasan@greencells.com,GREENCELLS CEE SRL,Construcții / Instalații,Cluj,"MUNCITOR NECALIFICAT LA DEMOLAREA CLADIRILOR, CAPTUSELI ZIDARIE, PLACI MOZAIC, FAIANTA, GRESIE, PARCHET",17,31081595
oana.barbu@teldo.ro,TELDO TRANS SRL,Turism / Alimentație,Olt,SOFER DE AUTOTURISME SI CAMIONETE,1,18097420
oana.galatan@carnacarpatica.ro,CARNA CARPATICA,PRODUCTIA SI CONSERVAREA CARNII,Bistrița-Năsăud,MACELAR,3,36193662
oana.gutu@novatik.ro,NOVATIK S.R.L.,Producție / Logistică,Prahova,OPERATOR LA MASINI-UNELTE SEMIAUTOMATE SI AUTOMATE,2,16472484
oana.lutai@recrut.ro,GAVRIS SORIN MIHAI,Altele,,ÎNGRIJITOR BATRÂNI LA DOMICILIU,1,1530306120671
oana.pandrea@continentalhotels.ro,CONTINENTAL HOTELS S.A.,Turism / Alimentație,Sibiu,CAMERISTA HOTEL,1,1559737
oana.taulescu@temko.ro,UNIVERSAL COMP PROD SRL,Construcții / Instalații,Municipiul București,"MUNCITOR NECALIFICAT LA ASAMBLAREA, MONTAREA PIESELOR",4,10526780
oana.voicu@alexandrionexperience.ro,HOTEL NEW MONTANA S.R.L.,RESTAURANTE,Prahova,BUCATAR,2,28876885
oana@cristalbrad.ro,CRISTAL BRAD SERVICE SRL,Construcții / Instalații,Municipiul București,ELECTROMECANIC,1,383720
oana@damarservice.ro,DAMAR COLISION SRL,SERVICE AUTO,Ilfov,FEMEIE DE SERVICIU,1,41908658
octavia.puscas@baltursib.ro,BALTUR SIB SRL,Construcții / Instalații,Sibiu,ZUGRAV,3,10565398
octavian@betratex.ro,BETRATEX STYLE S.R.L.,Altele,Arad,"OPERATOR CONFECTIONER INDUSTRIAL ÎMBRACAMINTE DIN TESATURI, TRICOTAJE, MATERIALE SINTETICE",10,39030945
office-ro@bnpparibas.com,BNP PARIBAS LEASING SOLUTIONS IFN SA,Vânzări,Municipiul București,ANALIST SERVICII CLIENT,2,23991174
office.b@expertmind.ro,BIG-MAT COLOR S.R.L.,Specialiști / Tehnicieni,Ilfov,ELECTRICIAN DE ÎNTRETINERE SI REPARATII,1,31906021
office.fca@em.ro,ELECTROMONTAJ SA BUCURESTI SUCURSALA FABRICA DE CLEME SI ARMATURI CAMPINA,Construcții / Instalații,Prahova,OPERATOR LA MASINI-UNELTE CU COMANDA NUMERICA,2,8556380
office.harghita@distributie-energie.ro,DISTRIBUTIE ENERGIE ELECTRICA ROMANIA SA- SUCURSALA HARGHITA,Altele,Harghita,ELECTRICIAN EXPLOATARE CENTRALE SI STATII ELECTRICE,1,14536166
office.ima@ima-metav.ro,INTREPRINDEREA METALURGICA PENTRU AERONAUTICA METAV SA,Altele,Municipiul București,STRUNGAR UNIVERSAL,3,16036329
office.oradea@spitalpelican.ro,PELICAN IMPEX SRL,Medicină / Sănătate /Psihoterapie,Bihor,ASISTENT MEDICAL GENERALIST,3,2720776
office.ro@dandsltd.com,D&S GLOBAL SOLUTIONS SRL,Call center / Suport clienți,Dolj,PROGRAMATOR,1,34472008
office.romania@adecco.com,ADECCO RESURSE UMANE SRL,Producție / Logistică,Satu Mare,MONTATOR SUBANSAMBLE,10,15739037
office2@paturicafermecata.ro,FIC BABY EXPO S.R.L.,Vânzări,Neamț,AGENT DE VÂNZARI,1,40425817
office@4hr.ro,DIA ZENN S.R.L.,Servicii înfrumusețare,Iași,UCENIC,10,43540357
office@acatrex.ro,ACATREX SRL,Altele,Gorj,ELECTRICIAN ECHIPAMENTE ELECTRICE SI ENERGETICE,2,15023525
office@accountexpert.ro,NEW AGENT VDN S.R.L.,COMERT,Teleorman,LUCRATOR COMERCIAL,1,44777379
office@aceti.ro,ACETI SRL,Construcții / Instalații,Olt,ZIDAR ROSAR-TENCUITOR,2,1514255
office@activeambient.ro,ACTIVE AMBIENT S.R.L.,Construcții / Instalații,,FAIANTAR,5,48393559
office@activeconexe.ro,ACTIVE CONEXE SA,Altele,Municipiul București,CONSULTANT ÎN MANAGEMENT,1,31029694
office@activitex.ro,ACTIVITEX SRL,Altele,Maramureș,"OPERATOR LA CONFECTIONAREA INDUSTRIALA A ARTICOLELOR DE SPORT SI PROTECTIE, DIN PIELE SI ÎNLOCUITORI",5,26652288
office@adamservice.ro,ADAM'S SERVICES SRL,Altele,Alba,MECANIC AUTO,1,37049372
office@adimag.ro,ADIMAG COM IMPEX SRL,Altele,Mureș,MANIPULANT MARFURI,4,4786351
office@adorian.ro,RAVSERV SRL,Altele,Brăila,TURNATOR FORMATOR,1,14909508
office@agrimixcazanesti.ro,AGRIMIX CAZANESTI S.R.L.,Agricultură / Zootehnie,Olt,CRESCATOR DE PASARI,1,48487815
office@agrinvest.ro,AGRINVEST SRL,Servicii transport / curierat,Buzău,Conducător auto transport rutier de mărfuri,10,15991548
office@airflex.ro,AIR FLEX SRL,Producție / Logistică,Ilfov,MUNCITOR NECALIFICAT LA AMBALAREA PRODUSELOR SUB FORMA DE PRAF SI GRANULE,20,15459525
office@aldahra.com,AGRICOST S.A.,Agricultură / Zootehnie,Brăila,MECANIC MASINI AGRICOLE,1,14327160
office@alfactrus.ro,ALFACTRUS METAL S.R.L.,Construcții / Instalații,Gorj,"MUNCITOR NECALIFICAT LA ASAMBLAREA, MONTAREA PIESELOR",2,34863219
office@algrup.ro,ALGRUP SERVICII INTEGRATE DE SECURITATE SRL,Armată / Pază/ Protecție,Olt,AGENT DE SECURITATE,9,27042350
office@alpaccess.com,ALPACCESS SCAFFOLDING SRL,Construcții / Instalații,Prahova,SCHELAR,5,30363229
office@alphrtechnology.ro,ALPHR TECHNOLOGY EUROPE SRL,Altele,Arad,PREGATITOR SI MONTATOR UTILAJE TEHNOLOGICE,4,31666115
office@alycontab.ro,ALLGOROM LUGMA CONSTRUCT SRL,Construcții / Instalații,Dolj,"MUNCITOR NECALIFICAT LA DEMOLAREA CLADIRILOR, CAPTUSELI ZIDARIE, PLACI MOZAIC, FAIANTA, GRESIE, PARCHET",5,40485371
office@ambulantaarad.ro,SERVICIUL DE AMBULANTA JUDETEAN ARAD,Altele,Arad,INGINER MECANIC,2,7422690
office@amtrex.ro,BUCATARIA ZEN SRL,RESTAURANTE,Cluj,AJUTOR BUCATAR,1,41594733
office@ana-maria-felix.ro,PASTRY SRL,Turism / Alimentație,Bihor,LUCRATOR COMERCIAL,1,17304888
office@anahr.ro,ANA HR SRL,Producție / Logistică,Bihor,MANAGER AL SISTEMULUI DE MANAGEMENT SECURITATE SI SANATATE ÎN MUNCA,2,34377510
office@andy-star.ro,ANDY STAR IMPEX SRL,COMERT,Dâmbovița,LUCRATOR COMERCIAL,2,8907529
office@ankacont.ro,BOSFOR DONER SRL,RESTAURANTE,Alba,AJUTOR BUCATAR,2,46090621
office@aparegio.ro,APAREGIO GORJ SA,Altele,Gorj,"INSTALATOR APA, CANAL",1,20415711
office@apexro.ro,APEX ASCENDING SRL,Servicii transport / curierat,Arad,CURIER,10,51004180
office@apulum.com,APULUM SA,Producție / Logistică,Alba,FREZOR UNIVERSAL,1,1758381
office@aqua-magic.ro,AQUALAND S.R.L.,Altele,Constanța,ÎNGRIJITOR SPATII VERZI,16,15029846
office@aquaterm.ro,AQUATERM SRL,Altele,Botoșani,SOFER DE AUTOTURISME SI CAMIONETE,1,12135214
office@arcaromania.ro,ARCA ROMANIA S.R.L.,Altele,Bacău,VÂNZATOR,1,46100580
office@arcer.ro,ARCER SIGHET S.R.L.,Construcții / Instalații,Maramureș,TÂMPLAR UNIVERSAL,5,40737452
office@arcsim.ro,ARCSIM CONSTRUCT SRL,Construcții / Instalații,Bistrița-Năsăud,SOFER DE AUTOTURISME SI CAMIONETE,1,37070889
office@aresconstructii.ro,ARES REALTY AND DEVELOPMENT SRL,Construcții / Instalații,Cluj,"MUNCITOR NECALIFICAT LA DEMOLAREA CLADIRILOR, CAPTUSELI ZIDARIE, PLACI MOZAIC, FAIANTA, GRESIE, PARCHET",50,21818003
office@aresguard.ro,ARES GUARD SRL,SERVICII DE PAZA SI PROTECTIE,Municipiul București,AGENT DE SECURITATE,10,10818946
office@argcoms.ro,ARGCOMS SOCIETATE COOPERATIVĂ MEŞTEŞUGĂREASCĂ,Producție / Logistică,Argeș,PICTOR PE STICLA SI CERAMICA,2,157057
office@arkten.ro,ARKTEN ACTIV SRL,Construcții / Instalații,Vâlcea,ARHITECT CLADIRI,2,38926271
office@aro-palace.ro,AROPALACE SA,Turism / Alimentație,Brașov,MASEUR,1,1102041
office@artbirotica.ro,CREATIV ART SERVICE S.R.L.,Altele,Ilfov,UCENIC,2,40505436
office@as-medica.ro,SPITAL AS MEDICA SRL,Medicină / Sănătate /Psihoterapie,,"ASISTENT MEDICAL BALNEOFIZIOTERAPIE, BALNEOFIZIOKINETOTERAPIE ȘI RECUPERARE",1,33487981
office@asirexstar.ro,ASIREX STAR SRL,Inginerie,Bistrița-Năsăud,DIRECTOR TEHNIC,1,17198132
office@atlassport.ro,ATLAS SPORT SRL,Producție / Logistică,Mureș,MANIPULANT MARFURI,7,31806715
office@atlastour.ro,ATLAS TOUR SRL,Producție / Logistică,Cluj,Conducător auto transport rutier de mărfuri,1,17807448
office@atomhr.ro,FIRMA LU' TUDOR,Turism / Alimentație,Municipiul București,LUCRATOR PENSIUNE TURISTICA,1,16123204
office@auto-class.ro,AUTO CLASS SRL,Altele,Dolj,AGENT DE VÂNZARI,1,18130291
office@autoservicecolentina.ro,AUTOSERVICECOLENTINA,SERVICE AUTO,Municipiul București,TINICHIGIU CAROSIER,1,16621225
office@autovit.ro,AUTOVIT SA,Altele,,LUCRATOR PENTRU SALUBRIZARE,1,12477373
office@avastar.ro,AVA STAR SRL,Altele,Iași,MUNCITOR NECALIFICAT LA AMBALAREA PRODUSELOR SOLIDE SI SEMISOLIDE,10,6500293
office@avaten.ro,NUVITA S.R.L.,Servicii înfrumusețare,Iași,Specialist marketing online,1,52573094
office@avicola-slobozia.ro,AVICOLA SLOBOZIA SA,Agricultură / Zootehnie,Ialomița,Conducător auto transport rutier de mărfuri,2,2073092
office@avlawyers.ro,OPTIMATE SRL,Construcții / Instalații,,AGENT DE VÂNZARI,1,49698047
office@axewell.ro,SC THAIKITCHEN SRL,RESTAURANTE,Mureș,LUCRATOR BUCATARIE (SPALATOR VASE MARI),3,38575588
office@axonsoft.ro,AXON SOFT SRL,IT / Telecomunicații,Cluj,PROGRAMATOR,1,13049596
office@azima.hose,AZIMA HOUSE SRL,Turism / Alimentație,Dolj,BRUTAR,1,52314693
office@b-automobile.ro,S.C. BOGDAN AUTOMOBILE SRL,Servicii transport / curierat,Alba,SOFER DE AUTOTURISME SI CAMIONETE,2,36658989
office@bacriuluisf.ro,GRAFRELY S.R.L.,COMERT,Municipiul București,MANIPULANT MARFURI,4,39041391
office@balanlogistic.ro,BALAN LOGISTIC S.R.L.,Altele,Municipiul București,MANIPULANT MARFURI,35,45143230
office@bar-expert.ro,ICE MAKERS SRL,Altele,Municipiul București,AMBALATOR MANUAL,2,30838336
office@bebbyr.ro,BEBBYR COM SRL,COMERT,Ialomița,"OPERATOR INTRODUCERE, VALIDARE SI PRELUCRARE DATE",1,15790250
office@bestit.ro,Best IT-Serv SRL,Administrativ / Secretariat,Constanța,"OPERATOR INTRODUCERE, VALIDARE SI PRELUCRARE DATE",1,15418100
office@bestrock.ro,BEST ROCK CONSTRUCT SRL,Construcții / Instalații,Bihor,ZIDAR PIETRAR,3,28384980
office@betcif.ro,SC BETCIF SRL,Altele,Prahova,"MUNCITOR NECALIFICAT LA ASAMBLAREA, MONTAREA PIESELOR",1,15650150
office@bilka.ro,BILKA STEEL SRL,Producție / Logistică,Brașov,MUNCITOR NECALIFICAT ÎN METALURGIE,30,21520278
office@biltgroup.ro,BILT GROUP CORP S.R.L.,Construcții / Instalații,Harghita,ZIDAR PIETRAR,1,41639541
office@biopak.ro,BIOPAK SRL,Altele,Maramureș,Conducător auto transport rutier de mărfuri,2,14912040
office@blue-planet.ro,BLUE PLANET SERVICES S.A.,Altele,Municipiul București,LUCRATOR OPERATIV PENTRU AUTOCOMPACTOARE,32,7381638
office@blueeng.eu,BLUE TEAM ENGINEERING SRL,Construcții / Instalații,Mureș,CONFECTIONER-MONTATOR STRUCTURI METALICE PENTRU CONSTRUCTII,5,15464947
office@bmc-criscon.ro,SC BMC INCHIRIERI SRL,Construcții / Instalații,Mureș,GESTIONAR DEPOZIT,5,49414579
office@bonisa.ro,S.C. BONISA BIS S.R.L.,Servicii transport / curierat,Argeș,Conducător auto transport rutier de mărfuri,10,8851720
office@brittstructures.ro,BRITT STRUCTURES CONTRACTOR SRL,Construcții / Instalații,Prahova,AGENT DE SECURITATE,1,36185058
office@bruco.ro,BRUCO ANTREPRIZA SRL,Construcții / Instalații,Cluj,DULGHER (EXCLUSIV RESTAURATOR),5,34255025
office@bugarugrup.ro,BUGARU TRANS SRL,Construcții / Instalații,Dolj,"INGINER CONSTRUCTII CIVILE, INDUSTRIALE SI AGRICOLE",4,27747025
office@cambridgeschool.ro,FUNDATIA MATEAS,Educație / Training / Coaching,Ilfov,ASISTENT MEDICAL GENERALIST,1,35807977
office@campering.net,CAMPERING SRL,Altele,Constanța,AGENT RECLAMA PUBLICITARA,1,52163400
office@caparol-harghita.ro,S C APJM SRL,COMERT,Harghita,VÂNZATOR,2,4636753
office@cargo-tour.ro,CARGO ROMENA TOUR SRL,RESTAURANTE,Constanța,AJUTOR BUCATAR,1,14628553
office@cargotranssrl.ro,CARGO TRANS SRL,Servicii transport / curierat,Sibiu,Conducător auto transport rutier de mărfuri,1,19220295
office@carmangeriadalia.ro,CARMANGERIADALIA SRL,PRODUCTIA SI CONSERVAREA CARNII,Maramureș,CARMANGIER,1,2200390
office@carminsrl.ro,CARMIN POPSTAR PROD,Construcții / Instalații,,SUDOR,1,32814503
office@carnia.ro,ANA CORNEL SRL,Turism / Alimentație,Prahova,MUNCITOR NECALIFICAT LA AMBALAREA PRODUSELOR SOLIDE SI SEMISOLIDE,3,5878224
office@carpatec.ro,CARPATEC RECYCLING S.R.L.,Producție / Logistică,Cluj,"MUNCITOR NECALIFICAT LA ASAMBLAREA, MONTAREA PIESELOR",3,28005237
office@carpatrail.com,CARPAT RAIL S.R.L.,Construcții / Instalații,Cluj,ARHITECT CLADIRI,1,41848670
office@casapoveste.ro,BAI DE LEAC SRL,Turism / Alimentație,Suceava,ÎNGRIJITOR CLADIRI,1,40401583
office@castecoinvest.ro,CASTECO INVEST SRL,Altele,Hunedoara,LUCRATOR SORTATOR DESEURI RECICLABILE,1,6279401
office@casutajocului.ro,CASUTA JOCULUI S.R.L,Educație / Training / Coaching,Mureș,ANIMATOR SOCIOEDUCATIV,1,52171496
office@celestbrand.ro,CELEST BRAND SRL,Construcții / Instalații,Bistrița-Năsăud,ZIDAR ROSAR-TENCUITOR,5,30826200
office@cemplus.ro,CEMPLUS RO S.R.L.,Construcții / Instalații,Harghita,AGENT DE VÂNZARI,1,25134504
office@ceprocim.ro,CEPROCIM SA,Inginerie,Municipiul București,INGINER CHIMIST,2,449620
office@cezarchallenge.ro,CEZAR CHALLENGE AGRO SERVICE SRL,Altele,Timiș,MECANIC AGRICOL,1,29183640
office@cgarhivare.ro,ARHIVA TRANSILVANIA SRL,Altele,Cluj,ARHIVIST,1,17338775
office@chinadepot.ro,CHINA DEPOT SRL,Retail,Ilfov,LUCRATOR COMERCIAL,8,49179350
office@chorus.ro,CHORUS RESEARCH ENGINEERING DISTRIBUTION S.R.L.,COMERT,Ilfov,GESTIONAR DEPOZIT,1,13808750
office@cinacarmangerie.ro,CINA CARMANGERIE SRL,COMERT,Cluj,MANIPULANT MARFURI,2,2878920
office@cipo.ro,CIPO SRL,Au pair / Babysitter / Curățenie,Vâlcea,FEMEIE DE SERVICIU,1,2552362
office@cisgaz.com,CIS GAZ SA,Construcții / Instalații,Mureș,OPERATOR SUDARE TEVI SI FITINGURI DIN POLIETILENA DE ÎNALTA DENSITATE PEHD,10,1210493
office@cksinternational.ro,MEGAJORVIN SRL,Construcții / Instalații,Timiș,ZIDAR PIETRAR,10,25210520
office@cldwit.ro,COMPANIA DE LOGISTICĂ ŞI DISTRIBUŢIE WIT SRL,Vânzări,Bacău,LUCRATOR GESTIONAR,3,18427757
office@clubdor.ro,TANDER MAXX SRL,Turism / Alimentație,Constanța,CAMERISTA HOTEL,6,13625117
office@cmipb.ro,COMPANIA MUNICIPALĂ ILUMINAT PUBLIC BUCUREȘTI S.R.L.,Altele,Municipiul București,DISPECER,1,37832144
office@cofetaria-aladdin.ro,NICU ANI SRL,Altele,Alba,FEMEIE DE SERVICIU,1,16521781
office@cofetaria-artizan.ro,COFETARIA ARTIZAN SRL,COMERT,Mureș,LUCRATOR COMERCIAL,1,29085005
office@comandor.ro,COMANDOR SRL,IT / Telecomunicații,,ELECTRICIAN CONSTRUCTOR MONTATOR APARATAJ SI CABLURI DE JOASA TENSIUNE,2,1831601
office@comexim-r.ro,S.C.COMEXIM R SRL,RESTAURANTE,Hunedoara,AJUTOR BUCATAR,1,2146135
office@comision-braila.ro,TEHNOCERTI MENTENANŢĂ S.R.L.,COMERT,Brăila,LUCRATOR GESTIONAR,1,38630720
office@complexgrand.ro,MINI BRASERIA GRAND SRL,Altele,,LUCRATOR BUCATARIE (SPALATOR VASE MARI),3,2412229
office@comsis.ro,COMSIS SERVICE SRL,Construcții / Instalații,Cluj,FEMEIE DE SERVICIU,1,244358
office@conbac-intergroup.ro,CONBAC INTERTRADE GROUP S.R.L.,Construcții / Instalații,Bacău,DULGHER (EXCLUSIV RESTAURATOR),20,12036059
office@concelex.ro,CONCELEX SRL,Construcții / Instalații,Municipiul București,FIERAR BETONIST,200,6544184
office@concept-business.ro,DUMAN EKA BUSINSS SRL,Altele,Municipiul București,LUCRATOR BUCATARIE (SPALATOR VASE MARI),3,46762021
office@condorpad.ro,CONDOR PADURARU SRL,Construcții / Instalații,Olt,"MUNCITOR NECALIFICAT LA DEMOLAREA CLADIRILOR, CAPTUSELI ZIDARIE, PLACI MOZAIC, FAIANTA, GRESIE, PARCHET",1,6341635
office@consoldtrustconstruct.ro,CONSOLD TRUST CONSTRUCT SRL,Altele,Prahova,MASINIST LA MASINI PENTRU TERASAMENTE (IFRONIST),2,15064398
office@constime.ro,CONSTIME DESIGN SRL,Construcții / Instalații,Ilfov,ASAMBLATOR-MONTATOR PROFILE ALUMINIU SI GEAM TERMOPAN,1,50324216
office@constructiiexcavatiidvf.ro,S.C. TRIXERA CONSTRUCT DFD S.R,Construcții / Instalații,Sălaj,MUNCITOR NECALIFICAT LA SPARGEREA SI TAIEREA MATERIALELOR DE CONSTRUCTII,10,29805530
office@constructiiunu.ro,S.C. CONSTRUCTII UNU S.A.,Construcții / Instalații,Iași,"MUNCITOR NECALIFICAT LA DEMOLAREA CLADIRILOR, CAPTUSELI ZIDARIE, PLACI MOZAIC, FAIANTA, GRESIE, PARCHET",5,1955979
office@consultingcompany.ro,CONSULTING COMPANY SRL,Turism / Alimentație,Gorj,RECEPTIONER DE HOTEL,1,6513684
office@conta-smart.ro,CONTA SMART PLUS S.R.L.,Contabilitate / Financiar,Iași,CONSILIER/EXPERT/INSPECTOR/REFERENT/ECONOMIST ÎN GESTIUNEA ECONOMICA,2,44311688
office@contabexpertmedias.ro,SC NOOR KHAN FOOD SRL,RESTAURANTE,Mureș,AJUTOR BUCATAR,4,47677412
office@containteligent.ro,CONTA INTELIGENT SRL,Contabilitate / Financiar,Caraș-Severin,ECONOMIST-SEF,1,18113517
office@contamar.ro,CONTAMAR FINANCE CONSULTING,Contabilitate / Financiar,Prahova,SPECIALIST RESURSE UMANE,1,35783754
office@contasco.ro,QUIZFORGEEKS S.R.L.,Sport / Artă / Divertisment,Cluj,MANAGER INFORMATII PENTRU AFACERI,1,54327010
office@corvette.ro,CORVETTE SRL,Administrativ / Secretariat,Harghita,ASISTENT MANAGER,2,4510630
office@cosminpoenaru.ro,STOCK SUPPLY DISTRIBUTION S.R.L.,Altele,Suceava,MANIPULANT MARFURI,33,43841384
office@crossdocking.ro,S-WORKS,Producție / Logistică,Bihor,SUDOR,1,51860859
office@cryscomputers.ro,CRYS COMPUTERS S.R.L.,IT / Telecomunicații,,PROGRAMATOR,1,13177692
office@ctpgroup.ro,CTP INDUSTRIES SERVICES SRL,Producție / Logistică,Prahova,MONTATOR SUBANSAMBLE,15,45685508
office@dabtehnic.ro,S.C. DAB TEHNIC S.R.L.,Specialiști / Tehnicieni,Municipiul București,"TEHNICIAN PENTRU SISTEME DE DETECTIE, SUPRAVEGHERE VIDEO, CONTROL ACCES",2,30327420
office@daciahotel.ro,GOOD FOOD & HOSTING SRL,RESTAURANTE,Alba,AJUTOR BUCATAR,2,29366647
office@daigoro.ro,DAIGORO,Altele,,SORTATOR PRODUSE,1,17331041
office@darina.ro,DARINA COM SRL,Altele,Mureș,MANIPULANT MARFURI,15,5641421
office@dasconcept.ro,DAS CONCEPT S.R.L.,Construcții / Instalații,Sibiu,MUNCITOR NECALIFICAT LA SPARGEREA SI TAIEREA MATERIALELOR DE CONSTRUCTII,32,31372357
office@defapast.ro,DEFAPLAST INVEST SRL,Producție / Logistică,Bistrița-Năsăud,OPERATOR MASE PLASTICE,1,12388942
office@dekorame.ro,HAPPY ARTS & CRAFTS ROMANIA SRL,PRODUCTIE MOBILA,Sibiu,"MUNCITOR NECALIFICAT LA ASAMBLAREA, MONTAREA PIESELOR",5,11462102
office@deli-cios.ro,DRAGOS FOOD S.R.L.,Altele,Giurgiu,AJUTOR BUCATAR,4,39224240
office@delta-al.ro,DELTA ALUMINIU SRL,Producție / Logistică,Olt,UCENIC,1,15157845
office@dentpriority.ro,PERFECT HELP SRL,Specialiști / Tehnicieni,Dolj,OPERATOR EMISIE-RECEPTIE,1,40675317
office@devalex.ro,DEVALEX SRL,Altele,Argeș,MANIPULANT MARFURI,2,22880852
office@dgaspcmures.ro,DIRECTIA GENERALA DE ASISTENTA SOCIALA SI PROTECTIA COPILULUI MURES,ASISTENTA SOCIALA,Mureș,ASISTENT MATERNAL,50,9719809
office@dhe.ro,DHELECTRIC HOME SRL,Construcții / Instalații,Bihor,MUNCITOR NECALIFICAT LA SPARGEREA SI TAIEREA MATERIALELOR DE CONSTRUCTII,1,39378460
office@diamilactate.ro,TELETEXT SRL,Altele,Ialomița,Conducător auto transport rutier de mărfuri,1,6801008
office@dieselevents.ro,MSM BLOCK SA,COMERT,Cluj,TEHNICIAN ENERGETICIAN/ELECTRICIAN,1,232981
office@dimarlogistica.com,DIMAR LOGISTICA EXPRES SRL,Servicii transport / curierat,Alba,SOFER DE AUTOTURISME SI CAMIONETE,2,47738765
office@dinamic-construct.com,DINAMIC CONSTRUCT SRL,Turism / Alimentație,Tulcea,OSPATAR (CHELNER),2,7898651
office@dionisus.ro,DREAM HOME FACTORY S.R.L.,RESTAURANTE,Suceava,LUCRATOR BUCATARIE (SPALATOR VASE MARI),1,41022561
office@directline.ro,DIRECT LINE INOX IMPEX SRL,Producție / Logistică,Cluj,SUDOR,2,7727821
office@dn-agrar.eu,DN AGRAR STRAJA SRL,Agricultură / Zootehnie,Alba,ÎNGRIJITOR ANIMALE,2,29591860
office@dobrogeagrup.ro,DOBROGEA PANIFICATIE SRL,Altele,Constanța,AMBALATOR MANUAL,20,46452837
office@dodocaffea.com,SILPETER COFFEE SERVICES S.R.L.,Vânzări,Bistrița-Năsăud,AMBALATOR MANUAL,1,27764034
office@dolinex.ro,DOLINEX SRL,Construcții / Instalații,Neamț,AGENT DE VÂNZARI,2,2045823
office@dolycom.ro,DOLYCOM DISTRIBUŢIE SRL,PRODUCTIA SI CONSERVAREA CARNII,Botoșani,INGINER ÎN INDUSTRIA ALIMENTARA,2,34495770
office@dorafort.ro,DORAFORT GENERAL GROUP SRL,Altele,Bihor,TÂMPLAR UNIVERSAL,14,33715885
office@doucehydro.ro,DOUCE HYDRO ROMANIA S.A.,Producție / Logistică,Cluj,SUDOR,1,13091620
office@dpoconsultancy.ro,MIKAEL CLEAN SRL,Au pair / Babysitter / Curățenie,Bacău,AGENT CURATENIE CLADIRI SI MIJLOACE DE TRANSPORT,1,52440721
office@drilling-equipment.ro,DRILLING EQUIPMENT SRL,Construcții / Instalații,Sălaj,MUNCITOR NECALIFICAT LA SPARGEREA SI TAIEREA MATERIALELOR DE CONSTRUCTII,30,25705520
office@driveit.ro,DRIVE IT,IT / Telecomunicații,Municipiul București,ADMINISTRATOR DE RETEA DE CALCULATOARE,1,33419588
office@dufel.ro,DUFELCON SRL,Construcții / Instalații,Botoșani,ZUGRAV,2,15604714
office@dunavbr.ro,DUNAV SRL,Altele,Brăila,MUNCITOR ÎN ACTIVITATEA DE GOSPODARIRE A SPANULUI,1,6074082
office@duros.ro,DUROS HOLDING INDUSTRY 2003 SRL,PRODUCTIE MOBILA,,OPERATOR LA MASINI-UNELTE CU COMANDA NUMERICA,1,16564200
office@e-sys.ro,ESYS ANTREPRENOR SRL,Construcții / Instalații,Arad,UCENIC,2,36583169
office@e-vent2002.ro,SC E-VENT PROD COM 2002 SRL,Construcții / Instalații,Ilfov,SUDOR,1,15135308
office@eastman.ro,EASTMAN IMPEX SRL,Producție / Logistică,,LACATUS MECANIC,2,3173111
office@easyram.ro,EASY-RAM S.R.L.,Construcții / Instalații,Iași,"MUNCITOR NECALIFICAT LA DEMOLAREA CLADIRILOR, CAPTUSELI ZIDARIE, PLACI MOZAIC, FAIANTA, GRESIE, PARCHET",1,45449450
office@ecafea.ro,CAFEMANIA S.R.L.,COMERT,Gorj,AGENT DE VÂNZARI,1,41767222
office@ecometal.ro,ECOMETAL PRODUCTION SRL,Altele,Galați,LUCRATOR SORTATOR DESEURI RECICLABILE,1,34520296
office@economcoop.ro,BANCA COOPERATISTĂ ECONOMCOOP BACĂU,Contabilitate / Financiar,Bacău,CONTABIL,1,4014700
office@ecosalgl.ro,SERVICIUL PUBLIC ECOSAL,Altele,Galați,LUCRATOR PENTRU SALUBRIZARE,10,23973046
office@ecosaloltenita.ro,ECOSAL SERVICII OLTENITA,Altele,Călărași,LUCRATOR PENTRU SALUBRIZARE SPATII VERZI,9,30818568
office@ecosere.ro,ECO SERE MODULARE SRL,Altele,Cluj,MANIPULANT MARFURI,3,42622335
office@el-co.ro,EL-CO SA,Altele,Covasna,"MUNCITOR NECALIFICAT LA ASAMBLAREA, MONTAREA PIESELOR",2,557274
office@elcen.ro,ELECTROCENTRALE BUCURESTI SA,Altele,Municipiul București,LACATUS MECANIC DE ÎNTRETINERE SI REPARATII UNIVERSALE,1,15189596
office@elcobistrita.ro,ELECTROCONSTRUCTIA ELCO BISTRITA SA,Construcții / Instalații,Bistrița-Năsăud,ELECTRICIAN ECHIPAMENTE ELECTRICE SI ENERGETICE,5,3536144
office@elcoiasi.ro,ELECTROCONSTRUCTIA ELCO SA IASI,Inginerie,Iași,ELECTRICIAN ÎN CONSTRUCTII,3,3915440
office@eldomir.ro,ELDOMIR TOUR SRL,Turism / Alimentație,Brăila,MASEUR DE ÎNTRETINERE SI RELAXARE,1,12101203
office@elecsis.ro,ELECSIS SRL,Specialiști / Tehnicieni,Dolj,INGINER ELECTROTEHNIST,1,13784201
office@electrotel.ro,ELECTROTEL SA,Altele,Teleorman,INGINER MECANIC,5,1384430
office@eliton.ro,ELITON TRANS SRL,Servicii transport / curierat,Argeș,Conducător auto transport rutier de mărfuri,30,6795313
office@elm.ro,ELM ELECTROMONTAJ CLUJ SA,Construcții / Instalații,Cluj,"MUNCITOR NECALIFICAT LA DEMOLAREA CLADIRILOR, CAPTUSELI ZIDARIE, PLACI MOZAIC, FAIANTA, GRESIE, PARCHET",19,201594
office@elmet.ro,ELMET INTERNATIONAL SRL,Altele,Bacău,OPERATOR LA MASINI-UNELTE CU COMANDA NUMERICA,5,10840889
office@elrom.ro,ELROM SRL,Construcții / Instalații,Bacău,ELECTRICIAN ECHIPAMENTE ELECTRICE SI ENERGETICE,2,982010
office@emilianservice.ro,S.C. EMILIAN S.R.L,SERVICE AUTO,Sibiu,VOPSITOR AUTO,1,3351243
office@energo-instalatii.ro,SC ENERGO-INSTALATII SRL,Construcții / Instalații,Bacău,MASINIST LA MASINI PENTRU TERASAMENTE (IFRONIST),1,13349615
office@energoice.ro,ENERGOICE SRL,Construcții / Instalații,Neamț,MUNCITOR NECALIFICAT LA SPARGEREA SI TAIEREA MATERIALELOR DE CONSTRUCTII,1,5603916
office@energy-house.ro,ENERGY HOUSE CONSTRUCT S.R.L.,Construcții / Instalații,Vâlcea,ELECTRICIAN MONTARE SI REPARATII LINII ELECTRICE AERIENE,5,45766955
office@equityexpert.ro,BIKEBOUND SRL,Servicii transport / curierat,Ilfov,CURIER,40,49881396
office@esteuropaexpeditii.ro,S.C. EST EUROPA EXPEDITII SRL,Servicii transport / curierat,Timiș,Conducător auto transport rutier de mărfuri,2,36367769
office@eto.ro,HORA CUISINE SRL,RESTAURANTE,Municipiul București,LUCRATOR BUCATARIE (SPALATOR VASE MARI),1,50381483
office@eugentrans.ro,EUGEN TRANS SRL,Altele,Teleorman,MECANIC AUTO,8,16168400
office@euro-tehnic.ro,SC EURO TEHNIC LC SRL,COMERT,Suceava,LUCRATOR GESTIONAR,1,52028462
office@euroem.ro,EURO.EM. SRL,Altele,Neamț,AGENT DE VÂNZARI,1,17161818
office@euromar-spedition.ro,EUROMAR SPEDITION SRL,Altele,Bihor,Conducător auto transport rutier de mărfuri,40,31218073
office@eurostyrol.ro,EURO STYROL SRL,Producție / Logistică,Satu Mare,AMBALATOR MANUAL,2,14679778
office@evocleaning.ro,EVO CONCEPT LC SRL,Au pair / Babysitter / Curățenie,Municipiul București,ÎNGRIJITOR CLADIRI,1,25037048
office@excelenttrans.ro,EXCELENT TRANS SRL,Servicii transport / curierat,Alba,Conducator auto transport rutier de persoane,2,18413212
office@eximprod.ro,EXIMPROD POWER SYSTEMS S.A.,Altele,,"MUNCITOR NECALIFICAT LA ASAMBLAREA, MONTAREA PIESELOR",10,14157812
office@expansion.ro,EUROCOM - EXPANSION SA,Altele,Argeș,STIVUITOR SI RECEPTIONER SILVIC,5,182034
office@fabricapulberi.ro,FABRICA DE PULBERI SA,Altele,Brașov,CONSILIER JURIDIC,1,21727401
office@famielectronic.ro,ELECTROFAMAR SRL,Altele,Brașov,SCULER-MATRITER,1,10660799
office@fatrom.ro,FATROM - ADITIVI FURAJERI SRL,Agricultură / Zootehnie,Ilfov,MUNCITOR NECALIFICAT ÎN AGRICULTURA,10,15163286
office@fdlaw.ro,CABINET DE AVOCAT DUMITRESCU F,Altele,Municipiul București,FEMEIE DE SERVICIU,1,22613910
office@feurocont.ro,STADT CONSTRUCT SRL,Construcții / Instalații,Cluj,LINOLIST,10,18887739
office@fiade.ro,FIADE SRL,Construcții / Instalații,Timiș,MASINIST LA MASINI PENTRU TERASAMENTE (IFRONIST),3,17793571
office@fidesgroup.ro,SC RUBY OPERATION SOLUTION SRL,Construcții / Instalații,Constanța,SUDOR,15,49523550
office@firenze.ro,FIRENZE COM SRL,Producție / Logistică,Prahova,GESTIONAR DEPOZIT,1,6028515
office@firext.ro,FIREXT SRL,Construcții / Instalații,Municipiul București,PROIECTANT INGINER INSTALATII,2,39823088
office@firstclean.ro,FIRSTCLEAN SRL,Au pair / Babysitter / Curățenie,Sălaj,ÎNGRIJITOR CLADIRI,3,24936674
office@fjobs.ro,PROFESIONAL LEASING S.R.L.,FABRICAREA ARTICOLELOR DE IMBRACAMINTE,Bacău,MUNCITOR NECALIFICAT ÎN INDUSTRIA CONFECTIILOR,20,40409803
office@florimirhr.ro,BOGAS SHOP S.A.,FABRICAREA ARTICOLELOR DE IMBRACAMINTE,Ilfov,MUNCITOR NECALIFICAT ÎN INDUSTRIA CONFECTIILOR,5,34142212
office@fondal.ro,FONDAL INTERNATIONAL SRL,Producție / Logistică,Iași,SUDOR,1,18772275
office@fonster.ro,FONSTER SRL,Construcții / Instalații,,"MUNCITOR NECALIFICAT LA DEMOLAREA CLADIRILOR, CAPTUSELI ZIDARIE, PLACI MOZAIC, FAIANTA, GRESIE, PARCHET",12,26406992
office@forfuture.ro,FOR FUTURE NEW SRL,Management,Constanța,ASISTENT MANAGER,1,36450790
office@formin.ro,FORMIN S.A,Altele,Caraș-Severin,SONDOR LA FORAJUL MECANIZAT SI REPARATII SONDE,10,1067084
office@fraher.ro,FRAHER DISTRIBUTION SRL,Administrativ / Secretariat,Tulcea,"OPERATOR INTRODUCERE, VALIDARE SI PRELUCRARE DATE",1,24366816
office@frasencnc.com,FRASEN CNC TECHNIC S.R.L.,Producție / Logistică,Cluj,OPERATOR LA MASINI-UNELTE CU COMANDA NUMERICA,2,40311669
office@fresh-greens.ro,LOLITA COMPANY SRL,Altele,Prahova,MUNCITOR NECALIFICAT ÎN AGRICULTURA,2,21243967
office@frigoelectric.ro,FRIGOELECTRIC INSTALAŢII SRL,Construcții / Instalații,Ilfov,ELECTRICIAN MONTATOR DE INSTALATII AUTOMATIZATE,1,29189529
office@galanoprest.com,GALANO PREST SRL,Altele,Cluj,AGENT CURATENIE CLADIRI SI MIJLOACE DE TRANSPORT,3,11286197
office@gambrinusz.ro,TOP JOY SRL,RESTAURANTE,Harghita,OSPATAR (CHELNER),2,14477370
office@gardenshop-constanta.ro,GARDEN SHOP SERVICES S.A.,Altele,Constanța,ÎNGRIJITOR SPATII VERZI,19,13848402
office@gdca.ro,GHEORGHE DOJA COOPERATIVA AGRICOLĂ,Administrativ / Secretariat,Ialomița,"OPERATOR INTRODUCERE, VALIDARE SI PRELUCRARE DATE",1,31439880
office@gemite.ro,GEMITE TECHNOLOGY S.R.L.,Construcții / Instalații,Iași,TEHNICIAN CONSTRUCTOR,1,22219835
office@generalautocom.ro,GENERAL AUTOCOM SRL,SERVICE AUTO,,AGENT DE VÂNZARI,1,4103483
office@geraico.ro,GERAICO PROD COM SRL,Vânzări,Hunedoara,LUCRATOR BUCATARIE (SPALATOR VASE MARI),2,5860405
office@gigatechsystems.ro,S.C GIGATECH SYSTEMS S.R.L,Construcții / Instalații,Dolj,ELECTRICIAN ÎN CONSTRUCTII,1,33082953
office@giomario.ro,GIOMARIO SRL,Producție / Logistică,Bihor,OPERATOR LA MASINI-UNELTE CU COMANDA NUMERICA,1,13462664
office@grupatyc.ro,GRUP ATYC SRL,Servicii transport / curierat,Dâmbovița,Conducator auto transport rutier de persoane,20,14548594
office@gslaw.ro,OLD SCHOOL GARAGE S.R.L.,SERVICE AUTO,Ilfov,MECANIC AUTO,1,45934820
office@gts.ro,GTS Telecom,IT / Telecomunicații,Municipiul București,CORESPONDENT COMERCIAL,1,4419886
office@heliossa.ro,S.C.HELIOS S.A.,Producție / Logistică,Bihor,MUNCITOR NECALIFICAT LA AMBALAREA PRODUSELOR SOLIDE SI SEMISOLIDE,5,98716
office@hotel-cometa.ro,SC AS 94 SRL,Turism / Alimentație,Constanța,ÎNGRIJITOR SPATII HOTELIERE,5,6603469
office@hotelagapi.ro,ELCOS COMPANY SRL,RESTAURANTE,Constanța,RECEPTIONER DE HOTEL,1,6580349
office@hotelcumpatu.ro,CUMPĂTU INTERNAŢIONAL EXPRESS S.R.L.,RESTAURANTE,Prahova,BUCATAR,3,27559960
office@hoteldoina.ro,S.C. COMPLEX DOINA S.A.,Turism / Alimentație,Constanța,CAMERISTA HOTEL,32,7796570
office@hotelmara.ro,COMPLEX MARA SA,Turism / Alimentație,,BUCATAR,2,7769797
office@hotelpacsirta.ro,S.C. AS TOURISM SRL,Turism / Alimentație,Mureș,AJUTOR OSPATAR,2,15396303
office@hotelwestplaza.ro,PLAZA HOTELS SRL,Turism / Alimentație,Municipiul București,CAMERISTA HOTEL,2,28646975
office@housekeeping.ro,HOUSE KEEPING CLEAN SRL,Altele,Maramureș,FEMEIE DE SERVICIU,1,25635319
office@hr-suport.ro,S.C. EURO BEST PRODUCTION SRL,Altele,Ilfov,AMBALATOR MANUAL,20,22686059
office@iamu.ro,I.A.M.U. SA,Producție / Logistică,Alba,OPERATOR LA MASINI-UNELTE CU COMANDA NUMERICA,12,1766830
office@iasitvlife.ro,LMS PUBLI MEDIA SRL,Au pair / Babysitter / Curățenie,Iași,MENAJERA,1,38531980
office@ide-arhitecture.ro,IDE ARHITECTURE & DESIGN,Construcții / Instalații,Constanța,"MUNCITOR NECALIFICAT LA DEMOLAREA CLADIRILOR, CAPTUSELI ZIDARIE, PLACI MOZAIC, FAIANTA, GRESIE, PARCHET",1,44599484
office@idealpartner.ro,IDEAL MARKET PARTNER S.R.L.,COMERT,Bistrița-Năsăud,LUCRATOR COMERCIAL,2,49752880
office@idtotal.ro,IDL BUCHAREST S.R.L.,Altele,,STIVUITORIST,30,38028270
office@ikonos.ro,IKONOS SRL,Altele,Vâlcea,COFETAR,2,14309325
office@imasoft.ro,IMASOFT STUDIO SRL,Medicină / Sănătate /Psihoterapie,Galați,REGISTRATOR MEDICAL,2,37949730
office@imnrecrutare.ro,MD AGRICOLA SRL,Agricultură / Zootehnie,,PAZNIC,1,12499762
office@incdtp.ro,INSTITUTUL NATIONAL DE CERCETARE-DEZVOLTARE PENTRU TEXTILE SI PIELARIE - INCDTP BUCURESTI,Specialiști / Tehnicieni,Municipiul București,TEHNICIAN CHIMIST,1,9311329
office@indra.com.ro,Sc Indra Import Export Srl,Producție / Logistică,Mureș,MECANIC UTILAJ,1,9049008
office@industrialelectricvision.ro,INDUSTRIAL ELECTRIC VISION,Construcții / Instalații,Maramureș,ELECTRICIAN ÎN CONSTRUCTII,8,44308917
office@infinitygsm.ro,S.C. INFINITY GSM S.R.L.,COMERT,Brașov,LUCRATOR COMERCIAL,1,18782333
office@inova-group.ro,INOVA INTERNATIONAL SRL,IT / Telecomunicații,,OPERATOR CALCULATOR ELECTRONIC SI RETELE,10,17013137
office@inpm.ro,"INSTITUTUL NATIONAL DE CERCETARE DEZVOLTARE PENTRU PROTECTIA MUNCII ""ALEXANDRU DARABONT""",Contabilitate / Financiar,Municipiul București,CONSILIER/EXPERT/INSPECTOR/REFERENT/ECONOMIST ÎN ECONOMIE GENERALA,1,1558391
office@inst-nistor.ro,INST-NISTOR SRL,Construcții / Instalații,Bistrița-Năsăud,EXPERT ACHIZITII PUBLICE,1,566132
office@instalatiiantiincendiu.ro,INSTALATII ANTIINCENDIU,Construcții / Instalații,Ilfov,"INSTALATOR APA, CANAL",2,41579075
office@instgat.ro,INSTGAT SRL,Construcții / Instalații,Timiș,SAPATOR MANUAL,10,2489567
office@interguardgroup.com,INTERGUARD GROUP SRL,SERVICII DE PAZA SI PROTECTIE,Municipiul București,AGENT DE SECURITATE,1,15671918
office@internationalhr.ro,PET STUFF CONSULT SRL,Medicină / Sănătate /Psihoterapie,Ilfov,MEDIC VETERINAR,10,36422650
office@internationalrhr.ro,JOB RECRUIT AGENCY SRL,Altele,Tulcea,MANIPULANT MARFURI,50,47815370
office@internationarhr.ro,METAL & PAPER COLLECT SRL,Altele,Ilfov,LUCRATOR SORTATOR DESEURI RECICLABILE,5,17600948
office@investmilenium.ro,INVEST MILENIUM SRL,Altele,Bacău,AGENT CURATENIE CLADIRI SI MIJLOACE DE TRANSPORT,10,14502619
office@ipec.ro,IPEC SA,Producție / Logistică,Alba,MARCATOR PIESE,10,6698299
office@iproeb.ro,IPROEB SA,Producție / Logistică,Bistrița-Năsăud,CONFECTIONER TOROANE SI CABLAJE LA CONDUCTORI ELECTRICI,5,566930
office@irongruard.ro,IRON GUARD 2012 SRL,SERVICII DE PAZA SI PROTECTIE,Harghita,AGENT DE SECURITATE,1,30922630
office@ironguard.ro,IRON GUARD 2012 SRL,SERVICII DE PAZA SI PROTECTIE,Arad,AGENT DE SECURITATE,1,30922630
office@ironrecycle.ro,IRON RECYCLE SRL,Construcții / Instalații,,Conducător auto transport rutier de mărfuri,5,24182945
office@jaluzele.info,SUNNY BLINDS SRL,Producție / Logistică,,MONTATOR SUBANSAMBLE,3,18098832
office@job-alert.ro,OLTENIA DESIGN SRL,Construcții / Instalații,Dolj,MONTATOR PLACAJE INTERIOARE SI EXTERIOARE,50,32725651
office@juniorban.ro,BANILEVICI JUNIOR SRL,PRODUCTIE MOBILA,Suceava,TÂMPLAR UNIVERSAL,1,11317803
office@justconsultingsrl.com,JUST CONSULTING SRL,COMERT,Vâlcea,GESTIONAR DEPOZIT,1,21840841
office@kindustrial.ro,KARDYNAL INTSERV OFFICE SRL,Construcții / Instalații,Prahova,ELECTRICIAN ÎN CONSTRUCTII,1,31508441
office@kiperowil.ro,SC KIPEROWIL SRL,Servicii transport / curierat,Bihor,Conducător auto transport rutier de mărfuri,20,28493308
office@komurasanservice.ro,KOMURA  SAN SERVICE  SRL ,Altele,,MECANIC AUTO,1,43968338
office@krawk.ro,KRAWK SRL,Construcții / Instalații,Cluj,MASINIST LA MASINI PENTRU TERASAMENTE (IFRONIST),5,17822650
office@kreg.ro,KREG CONSTRUCT & CONSULT SRL,Construcții / Instalații,Bistrița-Năsăud,ARHITECT CLADIRI,1,32512157
office@kronosconstruct.ro,KRONOS LIFE CONSTRUCT SRL,Construcții / Instalații,Mureș,DULGHER (EXCLUSIV RESTAURATOR),5,23569472
office@ksrona.kroschu.com,KROMBERG SCHUBERT ROMÂNIA NA SRL,Altele,Arad,"MUNCITOR NECALIFICAT LA ASAMBLAREA, MONTAREA PIESELOR",200,26610860
office@lacassa.ro,LA CASSA PARK DEVELOPMENT SRL,Construcții / Instalații,Dolj,"MUNCITOR NECALIFICAT LA DEMOLAREA CLADIRILOR, CAPTUSELI ZIDARIE, PLACI MOZAIC, FAIANTA, GRESIE, PARCHET",2,42889538
office@lactosolomonescu.ro,LACTO SOLOMONESCU SRL,Producție / Logistică,Botoșani,LABORANT CHIMIST,1,3571192
office@laculracilor.ro,CRYSTAL LAKE SRL,RESTAURANTE,Constanța,OSPATAR (CHELNER),4,35407636
office@lamad.ro,LAMAD SERVICES SRL,Au pair / Babysitter / Curățenie,Prahova,AGENT CURATENIE CLADIRI SI MIJLOACE DE TRANSPORT,1,21835322
office@laropharm.ro,LAROPHARM SRL,Producție / Logistică,Ilfov,MUNCITOR NECALIFICAT LA AMBALAREA PRODUSELOR SOLIDE SI SEMISOLIDE,1,14099517
office@lemet.ro,LEMET SRL,Producție / Logistică,Prahova,ÎNCARCATOR-DESCARCATOR,1,1323280
office@lgdrecruitment.com,LGD RECRUITMENT PROFESIONAL SRL,Construcții / Instalații,Argeș,SUDOR,30,16135179
office@lignum.ro,OCOLUL SILVIC LIGNUM,Altele,Bacău,MUNCITOR NECALIFICAT ÎN SILVICULTURA,1,18636087
office@lindastar.com,LINDA STAR CONSTRUCT S.R.L.,Construcții / Instalații,Cluj,"MUNCITOR NECALIFICAT LA DEMOLAREA CLADIRILOR, CAPTUSELI ZIDARIE, PLACI MOZAIC, FAIANTA, GRESIE, PARCHET",9,43423519
office@loial.ro,LOIAL IMPEX SRL,Construcții / Instalații,Suceava,"MUNCITOR NECALIFICAT LA ÎNTRETINEREA DE DRUMURI, SOSELE, PODURI, BARAJE",2,3176126
office@loma-mobili.ro,WOOD LIGHTING SRL,Construcții / Instalații,Brașov,ELECTRICIAN ÎN CONSTRUCTII,1,41279892
office@loveforfod.ro,THESAUR GOURMET SRL,RESTAURANTE,Municipiul București,PIZZAR,10,34231034
office@lpgcar.ro,LPG CARS MOBILITY S.R.L.,Altele,Ilfov,FEMEIE DE SERVICIU,1,5909010
office@luansa.ro,LUANSA SRL,Inginerie,Constanța,STRUNGAR UNIVERSAL,1,32788005
office@lucagroup.ro,LUCA WOODCONS S.R.L.,Altele,Ilfov,CONFECTIONER-MONTATOR PRODUSE DIN LEMN,2,43933836
office@lucmarauto.ro,LUCMAR SRL,Altele,Giurgiu,MAGAZINER,1,4706140
office@macarale-mures.ro,MACARALE MURES SRL,Construcții / Instalații,Mureș,MANIPULANT MARFURI,1,6169085
office@macelariacristescu.ro,GENERAL PURPOSES SRL,Altele,,ÎNGRIJITOR ANIMALE,1,28517415
office@magnumtherm.ro,MAGNUM THERM SRL,Construcții / Instalații,Iași,MUNCITOR NECALIFICAT LA SPARGEREA SI TAIEREA MATERIALELOR DE CONSTRUCTII,2,22793080
office@maier-cnctech.com,SC Maier Technology Srl,Producție / Logistică,Alba,OPERATOR LA MASINI-UNELTE CU COMANDA NUMERICA,1,39338687
office@makabi.ro,S.C.MAKABI SRL,Armată / Pază/ Protecție,Cluj,AGENT DE SECURITATE,1,23591356
office@mallconect.ro,SC MALL CONNECT SRL,Construcții / Instalații,Municipiul București,ELECTRICIAN ÎN CONSTRUCTII,11,23963328
office@marsat.com.ro,M.A.R.S.A.T. SA,Construcții / Instalații,Gorj,ELECTRICIAN ECHIPAMENTE ELECTRICE SI ENERGETICE,4,2157460
office@marsat.ro,AGROMEC ROMAN SA,Agricultură / Zootehnie,Neamț,Conducător auto transport rutier de mărfuri,2,2054457
office@marudro.ro,MARUDRO GENERAL SERVICES SRL,Altele,Dâmbovița,LEGATOR MANUAL (ÎN POLIGRAFIE SI ATELIERE SPECIALE),1,24161349
office@maustache.ro,SPARKLING FLASH DELIVERY S.R.L.,Altele,Municipiul București,CURIER,10,46330643
office@maxbetromania.com,MAX BET SRL,Altele,Municipiul București,SUPRAVEGHETOR JOCURI (CAZINO),10,14786022
office@maxirecruit.com,BMW Techworks Romania,IT / Telecomunicații,Cluj,ANALIST,1,49775344
office@mediclim.ro,S.C.MEDICLIM SRL,COMERT,Ilfov,MANAGER DE ZONA,1,6300279
office@megadoor.ro,MEGA CONSTRUCT METAL SRL,Altele,Dâmbovița,LACATUS-MONTATOR AGREGATE ENERGETICE SI DE TRANSPORT,1,13793340
office@meneito.com,Meneito srl,Altele,,FRIZER,1,44645793
office@mepa.ro,MEGA CORPORATION S.R.L.,Construcții / Instalații,Municipiul București,MUNCITOR NECALIFICAT LA SPARGEREA SI TAIEREA MATERIALELOR DE CONSTRUCTII,118,46900132
office@metal-art-design.ro,TUMA VEBO SRL,Construcții / Instalații,Călărași,LACATUS CONSTRUCTII METALICE SI NAVALE,1,37228114
office@metalman.ro,METAL MAN SRL,Producție / Logistică,Cluj,"MUNCITOR NECALIFICAT LA ASAMBLAREA, MONTAREA PIESELOR",5,31035602
office@metalo.ro,METALO PLAST NICULAE CO SNC,COMERT,Municipiul București,LUCRATOR COMERCIAL,1,28486
office@metrologie3d.ro,DCA DIMENSIONAL CONTROL SRL,Inginerie,Argeș,ELECTRICIAN DE ÎNTRETINERE SI REPARATII,10,23327550
office@microenerg.ro,MICROENERG SRL,Armată / Pază/ Protecție,Bacău,AGENT DE SECURITATE,1,8461794
office@mida.ro,MIDA SRL,SERVICE AUTO,Covasna,SPALATOR VEHICULE,1,6682144
office@milckpact.ro,MILKPACT SRL,Producție / Logistică,Mureș,OPERATOR LA PREPARAREA PRODUSELOR ZAHAROASE,2,5934367
office@mitliv.ro,MITLIV INDUSTRY AGREGATE S.R.L.,Construcții / Instalații,Dolj,OPERATOR LA MASINI-UNELTE SEMIAUTOMATE SI AUTOMATE,6,28545377
office@moaralandolt.com,MONICOM IMPEX SRL,Producție / Logistică,Cluj,MANIPULANT MARFURI,1,6624364
office@mobilabelladesign.ro,BELLA - DESIGN COM SRL,PRODUCTIE MOBILA,Ilfov,VOPSITOR LEMN,1,16225964
office@modpack.ro,MODPACK SYSTEM SRL,Producție / Logistică,Prahova,TÂMPLAR UNIVERSAL,1,22213182
office@mommyshelp.ro,MMH SERVICII DE CURATENIE S.R.L.,Altele,Municipiul București,ALTI MUNCITORI ÎN SERVICII PENTRU CURATENIE,10,46790714
office@montajcarpati.ro,MONTAJ CARPATI SA,Construcții / Instalații,Prahova,OPERATOR LA MASINI-UNELTE CU COMANDA NUMERICA,1,5797898
office@mpifood.com,MEAT PRODUCT INTERNATIONAL SRL,Producție / Logistică,Bihor,MANIPULANT MARFURI,12,10412300
office@mpparad.ro,MORARPAZĂ ŞI PROTECŢIE SRL,Armată / Pază/ Protecție,Arad,AGENT DE SECURITATE INTERVENȚIE,4,15634243
office@mrcfire.ro,MRC FIRE SRL,SERVICII DE PAZA SI PROTECTIE,Municipiul București,SERVANT POMPIER,1,21895235
office@multipland.ro,MULTIPLAND SRL,Construcții / Instalații,Harghita,MASINIST LA MASINI PENTRU TERASAMENTE (IFRONIST),3,6178970
office@muresanfood.ro,MURESAN FOOD INDUSTRY SRL,COMERT,Maramureș,AGENT DE VÂNZARI,1,35659625
office@naicor.ro,NAICOR SRL,Construcții / Instalații,Mehedinți,"MUNCITOR NECALIFICAT LA DEMOLAREA CLADIRILOR, CAPTUSELI ZIDARIE, PLACI MOZAIC, FAIANTA, GRESIE, PARCHET",9,47545268
office@naposint.ro,NAPOSINT PRODCOM SRL,Producție / Logistică,Cluj,FORMATOR-PRESATOR FERITE,1,5013869
office@nataleimpex.ro,NATALE IMPEX SRL,Altele,Bihor,EXPEDITOR INTERNATIONAL,5,4883087
office@navmaro.ro,NAVMARO SRL,Construcții / Instalații,Galați,SUDOR,1,15491518
office@nds-group.ro,NEDEIAS  GROUP SRL,Construcții / Instalații,Bistrița-Năsăud,CONTABIL,2,5290703
office@netcom-activ.ro,NETCOM ACTIV SRL,Construcții / Instalații,Suceava,FRIGORIFERIST (FRIGOTEHNIST),4,13151595
office@neusoft.ro,NEUSOFT EDC SRL,Call center / Suport clienți,Cluj,FUNCTIONAR INFORMATII CLIENTI,1,22412010
office@noarimgroup.ro,NOARIM GROUP SRL,PRODUCTIE MOBILA,Gorj,TÂMPLAR MANUAL/ARTIZANAL,1,19754714
office@nordicamoto.ro,OFFROADTECH S.R.L.,COMERT,Harghita,ASISTENT RELATII PUBLICE SI COMUNICARE (STUDII MEDII),1,40741470
office@nordicsrl.ro,NORDIC IMPEX SRL,COMERT,Vâlcea,SOFER DE AUTOTURISME SI CAMIONETE,1,9868533
office@nordvestcamioane.eu,NORD VEST CAMIOANE SRL,Altele,,Conducător auto transport rutier de mărfuri,3,9411409
office@noted.ro,NOTED PROEXPERT S.R.L.,Contabilitate / Financiar,Sălaj,CONTABIL,1,39533173
office@npw.ro,PERLA MAJESTIC SA,Turism / Alimentație,Constanța,ÎNGRIJITOR SPATII HOTELIERE,14,7940489
office@nutrizema.ro,NUTRIZEMA S.R.L.,Producție / Logistică,Iași,"OPERATOR LA PREPARAREA CONSERVELOR DIN CARNE, PESTE SI ÎN AMESTEC LEGUME SI PESTE",10,37155187
office@omspmacola.ro,OMSP MACOLA SRL,Altele,Buzău,"MUNCITOR NECALIFICAT LA ASAMBLAREA, MONTAREA PIESELOR",2,16292920
office@one-way.ro,ONE WAY SRL,Altele,Cluj,FEMEIE DE SERVICIU,8,22041354
office@opera-hotel.ro,OPERA HOTEL TIMISOARA SRL,Turism / Alimentație,Timiș,BUCATAR,2,1812090
office@opf.ro,OPF AIR SYSTEMS CO S.R.L.,Construcții / Instalații,Hunedoara,OPERATOR LA MASINI-UNELTE SEMIAUTOMATE SI AUTOMATE,2,30778170
office@orionslobozia.ro,ORION SRL,Construcții / Instalații,Ialomița,LACATUS MECANIC,2,15075044
office@orsamanpowerconsulting.ro,ORSA MANPOWER CONSULTING S.R.L.,Construcții / Instalații,Bihor,"MUNCITOR NECALIFICAT LA DEMOLAREA CLADIRILOR, CAPTUSELI ZIDARIE, PLACI MOZAIC, FAIANTA, GRESIE, PARCHET",30,46237936
office@ost-transport.ro,OST TRANSPORT SRL,Servicii transport / curierat,Arad,Conducător auto transport rutier de mărfuri,10,5183383
office@otf.ro,LEHOCENA PLAST SRL,Producție / Logistică,Sibiu,TEHNICIAN CONDITII DE MUNCA SI SECURITATE,1,41202945
office@ozoneodor.ro,OZONE ODOR S.R.L.,Au pair / Babysitter / Curățenie,Dolj,AGENT CURATENIE CLADIRI SI MIJLOACE DE TRANSPORT,3,41270583
office@padoprod.ro,PADOPROD SRL,Altele,,MUNCITOR NECALIFICAT ÎN SILVICULTURA,1,16160830
office@panagape.ro,PANAGAPE SRL,COMERT,Sibiu,LUCRATOR COMERCIAL,15,3404461
office@panaudit.ro,PANAUDIT SRL,Contabilitate / Financiar,Harghita,CONTABIL,1,14427002
office@pandora-prod.ro,Ladies Fashion International,Producție / Logistică,Vrancea,"OPERATOR CONFECTIONER INDUSTRIAL ÎMBRACAMINTE DIN TESATURI, TRICOTAJE, MATERIALE SINTETICE",15,21898118
office@pastravariabusteni.ro,ECOTROUT FARM S.R.L.,Agricultură / Zootehnie,Prahova,PISCICULTOR,1,39390367
office@pema.ro,PEMA ELECTROTEHNIC SRL,Producție / Logistică,Alba,"MUNCITOR NECALIFICAT LA ASAMBLAREA, MONTAREA PIESELOR",4,18456949
office@pensiunea-edy.ro,PENSIUNEA EDY OAZA VERDE S.R.L.,RESTAURANTE,Cluj,AJUTOR BUCATAR,2,42773850
office@pensiunea.ro,CLUB FERMA SRL,Altele,,ÎNGRIJITOR SPATII VERZI,1,24554941
office@pensiuneacasateo.ro,CLAUS START SRL,RESTAURANTE,Tulcea,BUCATAR,4,25203876
OFFICE@PFARMA.RO,ELIA DENTAL S.R.L.,Medicină / Sănătate /Psihoterapie,,Receptioner medical,1,46075532
office@pfscleaning.ro,PFS PROFESSIONAL FACILITY SERVICE SRL,Au pair / Babysitter / Curățenie,Timiș,FEMEIE DE SERVICIU,25,30402832
office@piatranaturalamures.ro,PIATRA MURES BY GVB S.R.L.,Altele,Mureș,LUCRATOR COMERCIAL,1,43951301
office@pierprod.ro,PIER PROD SRL,COMERT,,MANIPULANT MARFURI,4,9001697
office@piesata.ro,DIPIESSO COMERT SRL,COMERT,Municipiul București,FEMEIE DE SERVICIU,1,345921
office@pimtab.ro,PIM MONTAJ SRL,Construcții / Instalații,Neamț,CONSTRUCTOR-MONTATOR DE STRUCTURI METALICE,8,37140640
office@plasrom.ro,PLASROM PRODUCTION SRL,Altele,Ilfov,MANIPULANT MARFURI,10,5905230
office@poartatransilvaniei.ro,ASOCIATIA GAL POARTA TRANSILVA,ASISTENTA SOCIALA,Cluj,Analist resurse umane,1,31014065
office@polimed-dacia.ro,POLIMED DACIA SRL,Medicină / Sănătate /Psihoterapie,Brașov,FIZIOKINETOTERAPEUT,1,30956200
office@polimedcom.ro,POLIMED COM SRL,Producție / Logistică,Bistrița-Năsăud,OPERATOR LA PRELUCRAREA MASELOR PLASTICE,2,6775669
office@polipol.ro,POLIPOL MOBILA SRL,PRODUCTIE MOBILA,Satu Mare,TAPITER,3,17367592
office@popaspinul.ro,POPAS PINUL SRL,RESTAURANTE,Bacău,AJUTOR BUCATAR,1,7258326
office@ppt.ro,PRETURI PENTRU TINE SRL,Vânzări,Neamț,CASIER,2,19159270
office@probuild.ro,NETPRO,Construcții / Instalații,Bihor,"MUNCITOR NECALIFICAT LA DEMOLAREA CLADIRILOR, CAPTUSELI ZIDARIE, PLACI MOZAIC, FAIANTA, GRESIE, PARCHET",20,13390452
office@prodbacsecurity.ro,PROTBAC SECURITY SYSTEMS SRL,Altele,Bacău,AGENT DE SECURITATE,3,32815495
office@profceiss.ro,PROFCEISS ELECTRIC S.R.L.,Construcții / Instalații,Ilfov,"MUNCITOR NECALIFICAT LA DEMOLAREA CLADIRILOR, CAPTUSELI ZIDARIE, PLACI MOZAIC, FAIANTA, GRESIE, PARCHET",3,37131030
office@profielements.ro,PROFI ELEMENTS SRL,Construcții / Instalații,Municipiul București,"MUNCITOR NECALIFICAT LA DEMOLAREA CLADIRILOR, CAPTUSELI ZIDARIE, PLACI MOZAIC, FAIANTA, GRESIE, PARCHET",3,4734450
office@prohart.ro,PRO HART GROUP SRL,Construcții / Instalații,Sibiu,MASINIST LA MASINI PENTRU TERASAMENTE (IFRONIST),5,22170774
office@proinvestgroup.ro,PROINVEST GROUP SRL,Construcții / Instalații,Iași,OPERATOR LA MASINI-UNELTE CU COMANDA NUMERICA,30,13417272
office@promarketing.ro,PRO MARKETING SRL,Marketing,Caraș-Severin,Specialist marketing online,1,12988041
office@prometalsteel.ro,PROMETAL STEEL ENGINEERING SRL,Construcții / Instalații,Municipiul București,MANIPULANT MARFURI,4,38089235
office@prosoftware.ro,PROSOFT INDUSTRY SRL,Construcții / Instalații,,MUNCITOR NECALIFICAT LA SPARGEREA SI TAIEREA MATERIALELOR DE CONSTRUCTII,1,29667887
office@prunstal.ro,PRUNSTAL SRL,Altele,Iași,SOFER DE AUTOTURISME SI CAMIONETE,1,34706400
office@psgone.ro,P.S.G. ONE SRL,Armată / Pază/ Protecție,Cluj,AGENT DE SECURITATE,3,31293660
office@qplast.ro,QPLAST INDUSTRIE S.R.L.,Producție / Logistică,,OPERATOR LA PRELUCRAREA MASELOR PLASTICE,2,47243634
office@quadratum.ro,QUADRATUM ARCHITECTURE SRL,Construcții / Instalații,Municipiul București,ARHITECT CLADIRI,2,15086345
office@ramara-ambalaje.ro,RAMARA SMART TEAM SRL,COMERT,Prahova,CARTONAGIST,3,33071105
office@ramis.tech,SC RAMIS TECH SRL,Altele,Brașov,MUNCITOR NECALIFICAT LA AMBALAREA PRODUSELOR SOLIDE SI SEMISOLIDE,4,37232093
office@randevupanzio.ro,TULIT IOLANDA INTR INDIV,COMERT,Harghita,LUCRATOR COMERCIAL,1,39757804
office@raureni.ro,ANNABELLA FABRICA DE CONSERVE RAURENI S.A.,Producție / Logistică,Vâlcea,MANIPULANT MARFURI,1,14075542
office@rciexpert.ro,RCI EXPERT ADVISER SRL,Contabilitate / Financiar,Municipiul București,CONTABIL,4,30989061
office@realtest.ro,REAL TEST SRL,SERVICE AUTO,Ialomița,MECANIC AUTO,2,13693120
office@recomsid.ro,RECOM SID SA,Construcții / Instalații,Hunedoara,CONTROLOR CALITATE,1,14552595
office@recrutare-smart.ro,TALENT HUNT SRL,Call center / Suport clienți,Bistrița-Năsăud,REFERENT RESURSE UMANE,1,50412342
office@regalhotel.ro,LA CRINUL SRL,Turism / Alimentație,Satu Mare,ÎNGRIJITOR SPATII HOTELIERE,2,2387699
office@regroup.ro,REGROUP CONSTRUCTION & MINING SRL,Construcții / Instalații,Timiș,MUNCITOR NECALIFICAT LA SPARGEREA SI TAIEREA MATERIALELOR DE CONSTRUCTII,1,47987456
office@relocsa.ro,RELOC SA,Producție / Logistică,Dolj,ELECTRICIAN MONTATOR DE INSTALATII ELECTRICE LA MIJLOACE DE TRANSPORT,1,2300870
office@remarul.com,REMARUL 16 FEBRUARIE SA,Altele,Cluj,LACATUS-MONTATOR AGREGATE ENERGETICE SI DE TRANSPORT,17,201373
office@rematplus.ro,SC REMAT PLUS SRL,Altele,Alba,LUCRATOR SORTATOR DESEURI RECICLABILE,10,25152055
office@renewmob.ro,RENEWMOB S.R.L.,PRODUCTIE MOBILA,Alba,TÂMPLAR UNIVERSAL,1,51525838
office@respectsecurity.ro,RESPECT SECURITY SRL,Armată / Pază/ Protecție,Municipiul București,AGENT DE SECURITATE,3,24423130
office@restaurant-schnitzelhaus.ro,SCHNITZEL HAUS SRL,RESTAURANTE,Prahova,LUCRATOR BUCATARIE (SPALATOR VASE MARI),1,34002073
office@rge.ro,S.C. EN-RG-ETIC S.R.L.,Construcții / Instalații,Mureș,"MUNCITOR NECALIFICAT LA ÎNTRETINEREA DE DRUMURI, SOSELE, PODURI, BARAJE",1,25708569
office@rideit.ro,RIDE IT SRL,Servicii transport / curierat,Brașov,AGENT CURIER,10,30231171
office@ripliserv-construct.ro,RIPLI SERV CONSTRUCT SRL,Construcții / Instalații,Prahova,MUNCITOR NECALIFICAT LA SPARGEREA SI TAIEREA MATERIALELOR DE CONSTRUCTII,3,30040880
office@robutex.ro,ALTEX PROD SRL,FABRICAREA ARTICOLELOR DE IMBRACAMINTE,Vrancea,CONTABIL,1,8169502
office@rodav.ro,RODAV SRL VASLUI,SERVICE AUTO,Vaslui,CONTABIL,1,2433370
office@rodosmet.ro,RODOS MET SRL,Altele,Sălaj,STRUNGAR UNIVERSAL,1,23573651
office@rohs.ro,ROMÂNIA HIDRO SERVICE SRL,Producție / Logistică,Gorj,STRUNGAR UNIVERSAL,2,11302691
office@rojevas.ro,ROJEVAS 2000 SRL,Altele,Galați,OPERATOR TRANSPORT SI DISTRIBUIRE BUTELII DE GPL,1,15853413
office@romaconstruct.ro,Romaconstruct srl,Construcții / Instalații,Municipiul București,"MUNCITOR NECALIFICAT LA DEMOLAREA CLADIRILOR, CAPTUSELI ZIDARIE, PLACI MOZAIC, FAIANTA, GRESIE, PARCHET",3,52532906
office@romadoor.ro,ROMADOOR BUILDING SYSTEMS SRL,Construcții / Instalații,Timiș,SUDOR,2,32675111
office@romdinarom.ro,ROM DINAROM SRL,Altele,Sălaj,MUNCITOR NECALIFICAT ÎN METALURGIE,2,16191160
office@rominox.ro,ROMINOX METAL SRL,Construcții / Instalații,Gorj,"MUNCITOR NECALIFICAT LA ASAMBLAREA, MONTAREA PIESELOR",1,6513897
office@rommc.ro,HELIOS ENERGY,Construcții / Instalații,,MANAGER PROIECT,1,45684740
office@romseh.ro,ROMSEH TOOLS SRL,Producție / Logistică,Vrancea,OPERATOR LA MASINI-UNELTE CU COMANDA NUMERICA,3,14336338
office@romtera.ro,ROMTERA PRODUCT,Altele,,MANIPULANT MARFURI,5,1324898
office@ropic.ro,GRJOBRAZVY S.R.L.,Servicii transport / curierat,Sibiu,CURIER,80,43269194
office@roserv.ro,ROSERV GREEN ENERGY SRL,Producție / Logistică,Bacău,OPERATOR FLOTARE PRODUSE FLUIDE,2,40166950
office@roveka.ro,SC ROVEKA FARM IMPEX SRL,Altele,Bihor,ÎNGRIJITOR ANIMALE,2,18899431
office@rusticrestaurant.ro,S.C.EUROMACA SRL(,RESTAURANTE,Bihor,AJUTOR BUCATAR,4,18306658
office@salhdc.com,SAL HDC ART SRL,Construcții / Instalații,Sălaj,MASINIST POD RULANT,5,15368710
office@samcom.ro,SAMCOM AS SRL,Producție / Logistică,Botoșani,AMBALATOR MANUAL,6,15347823
office@samideas.ro,SAM IDEAS SRL,Construcții / Instalații,Iași,ASISTENT MANAGER,1,21460206
office@sandana.ro,SANDANA COM SRL,Producție / Logistică,Sălaj,AGENT DE VÂNZARI,1,8352738
office@sandortrans.ro,ŞANDOR TRANS SRL,Altele,Alba,"MUNCITOR NECALIFICAT LA ASAMBLAREA, MONTAREA PIESELOR",1,19087777
office@sasenterprises.org,GUSTADOR FOOD SRL,RESTAURANTE,Cluj,AJUTOR BUCATAR,1,50893386
office@scdvvblaj.ro,S.C.D.V.V,Altele,Alba,INGINER DE CERCETARE ÎN TEHNOLOGIA PRELUCRARII PRODUSELOR AGRICOLE,1,1767070
office@schulek.ro,Schulek S.R.L.,Producție / Logistică,Cluj,MUNCITOR NECALIFICAT LA AMBALAREA PRODUSELOR SOLIDE SI SEMISOLIDE,1,13538266
office@scorza.ro,SCORZA SRL,Construcții / Instalații,Bacău,LACATUS MECANIC,2,13398928
office@sdkaluminiu.ro,S.C. SDK ALUMINIU S.R.L,COMERT,Cluj,SOFER DE AUTOTURISME SI CAMIONETE,1,31916050
office@securityforce.ro,NORDEST SECURITY FORCE SRL,Armată / Pază/ Protecție,Iași,AGENT DE SECURITATE,4,10823837
office@sentro.ro,sentro prod srl,Producție / Logistică,Hunedoara,UCENIC,1,15286092
office@sertur.com,SERTUR SRL,Altele,,LUCRATOR PENSIUNE TURISTICA,3,15725260
office@servicii-varstnici.ro,ASISOC ARCOS S.R.L.,ASISTENTA SOCIALA,Tulcea,INFIRMIER/INFIRMIERA,3,43803224
office@shipyardatg.ro,SHIPYARD ATG GIURGIU SRL,Construcții / Instalații,Giurgiu,CONTABIL,2,14625034
office@sianimage.ro,SIAN IMAGE MEDIA SRL,Altele,Constanța,OPERATOR PRODUCTIE RTV,2,24242710
office@siconta.ro,BK KOVACS CONSTRUCT S.R.L.,Construcții / Instalații,Cluj,DULGHER (EXCLUSIV RESTAURATOR),1,47048013
office@sieta.ro,POLYTECHNIK SIETA SA,Altele,Cluj,SUDOR MANUAL CU ARC ELECTRIC,3,211741
office@silvmed.ro,SILVMED GROUP SRL,COMERT,Municipiul București,MUNCITOR NECALIFICAT LA SPARGEREA SI TAIEREA MATERIALELOR DE CONSTRUCTII,1,48471339
office@sima.com.ro,SIM ESTATE INVEST SRL,Servicii transport / curierat,Argeș,Conducător auto transport rutier de mărfuri,1,22923708
office@simode.ro,SIMODE IMPEX SRL,SERVICE AUTO,Dolj,VOPSITOR AUTO,1,5983360
office@simpluromania.ro,SIMPLU SRL,Producție / Logistică,Constanța,MANIPULANT MARFURI,3,18203326
office@smartcnc.ro,SC AGRAMDT SRL,Producție / Logistică,Maramureș,PROGRAMATOR FABRICATIE/LANSATOR FABRICATIE,1,32955464
office@smartspedition.ro,S.C.SMART SPEDITION SRL,Servicii transport / curierat,,EXPEDITOR INTERNATIONAL,1,21966808
office@smupbacau.ro,SERVICIUL MUNICIPAL DE UTILITATI PUBLICE BACAU,Altele,Bacău,LUCRATOR PENTRU SALUBRIZARE CAI PUBLICE,10,43053475
office@snc.ro,SANTIERUL NAVAL CONSTANTA SA,Construcții / Instalații,,SUDOR CU ARC ELECTRIC ACOPERIT SUB STRAT DE FLUX,39,1879871
office@socot.ro,SOCOT SA,Construcții / Instalații,Mureș,LACATUS MECANIC,1,2522493
office@sogema.ro,SOGEMA SRL,Altele,Bihor,MUNCITOR NECALIFICAT ÎN INDUSTRIA CONFECTIILOR,5,5315930
office@soimiigs.ro,SOIMII GRAND SECURITY SRL,SERVICII DE PAZA SI PROTECTIE,Municipiul București,AGENT DE SECURITATE,10,25871085
office@soma.ro,SOMA S.R.L.,Altele,,CONDUCATOR AUTOSPECIALA,2,946778
office@speedit.ro,LIGHT SPEED COMPUTERS,IT / Telecomunicații,Maramureș,ASISTENT MANAGER,1,15314028
office@spitaldorohoi.ro,SPITALUL MUNICIPAL DOROHOI,Medicină / Sănătate /Psihoterapie,Botoșani,BRANCARDIER,1,13727320
office@spmt.ro,SERVICII PUBLICE MUNICIPALE TÂRGOVIŞTE S.R.L.,Altele,Dâmbovița,Conducator auto transport rutier de persoane,2,39450469
office@stelbotrans.ro,XBB TRANS 99 SRL,Servicii transport / curierat,Vâlcea,GESTIONAR DEPOZIT,1,39920471
office@stendicons.ro,STENDICONS STAR CONS SRL,Altele,Dolj,LUCRATOR OPERATIV PENTRU AUTOCOMPACTOARE,2,31466249
office@stepconstruct.ro,TOTAL TEHNOCONSTRUCT SRL,Construcții / Instalații,Prahova,"MUNCITOR NECALIFICAT LA DEMOLAREA CLADIRILOR, CAPTUSELI ZIDARIE, PLACI MOZAIC, FAIANTA, GRESIE, PARCHET",10,40980086
office@stonehouseguard.ro,STONE HOUSE GUARD S.R.L.,Armată / Pază/ Protecție,Timiș,AGENT DE SECURITATE,1,42714498
office@stylar.ro,STYLAR TAILOR SRL,FABRICAREA ARTICOLELOR DE IMBRACAMINTE,Neamț,"CONFECTIONER, PRELUCRATOR ÎN INDUSTRIA TEXTILA",10,35174921
office@suki.ro,FEREASTRA S.U.K.I. SRL,Construcții / Instalații,Ilfov,MUNCITOR NECALIFICAT LA SPARGEREA SI TAIEREA MATERIALELOR DE CONSTRUCTII,3,25189801
office@sunfun.ro,SUN FUN DMC,Au pair / Babysitter / Curățenie,Municipiul București,FEMEIE DE SERVICIU,1,5085770
office@supraveghere.ro,ENNI VISION SRL,Altele,Municipiul București,"MONTATOR-REGLOR, DEPANATOR APARATE ELECTRONICE, TELECOMUNICATII, RADIO",3,17012930
office@suzanaribs.ro,SIMO VOYAGE,RESTAURANTE,Municipiul București,BARMAN PREPARATOR,4,19178158
office@swissmarine.ro,SWISS MARINE SRL,Altele,Sibiu,"MUNCITOR NECALIFICAT LA ASAMBLAREA, MONTAREA PIESELOR",8,16192867
office@swisstrade.ro,SC SWISS TRADE SRL,Altele,Hunedoara,SUDOR CU ARC ELECTRIC CU ELECTROD FUZIBIL ÎN MEDIU DE GAZ PROTECTOR,1,13456123
office@szek.ro,FUNDATIA PRO ODORHEI,Altele,Harghita,ÎNGRIJITOR CLADIRI,1,12549917
office@takaritas.ro,HARGHITA CLEAN SRL,Au pair / Babysitter / Curățenie,,ÎNGRIJITOR CLADIRI,1,25479414
office@tapel-sibiu.ro,TAPEL S.R.L.,Producție / Logistică,Sibiu,CONTABIL,1,16315170
office@tarina-lactate.ro,SC LACTATE SOMESENE SRL,Producție / Logistică,Cluj,INGINER ÎN INDUSTRIA ALIMENTARA,4,9792249
office@tayeverest.com,KRAL FOOD SERVICES SRL,Altele,Municipiul București,AJUTOR BUCATAR,5,41753553
office@technosystems.ro,MYRMIDON TECHNOSYSTEMS,Producție / Logistică,Prahova,OPERATOR MONTAJ LINII AUTOMATE,4,29901120
office@tecnoton.ro,TECNOTON CONSTRUCT S.R.L.,Construcții / Instalații,Ilfov,FEMEIE DE SERVICIU,1,44452199
office@tesfin.ro,SC TESFIN RO SRL,Producție / Logistică,Bacău,MANIPULANT MARFURI,1,19003121
office@tetrasistemsguard.ro,TETRA SISTEMS GUARD SRL,Armată / Pază/ Protecție,Municipiul București,PAZNIC,20,38469641
office@thimm.ro,THIMM PACKAGING SRL,Altele,Sibiu,CARTONAGIST,5,18188587
office@tibpet.ro,TIBPET SRL,Construcții / Instalații,Mureș,OPERATOR LA MASINI-UNELTE CU COMANDA NUMERICA,3,14340517
office@timate.ro,PRODUCTIE COMERT SI SERVICII TIMATE SRL,Agricultură / Zootehnie,Covasna,MECANIC AGRICOL,2,4788620
office@titanmachinery.ro,TITAN MACHINERY ROMANIA SRL,COMERT,Brașov,MANAGER DE ZONA,1,29352595
office@tmgbuilding.ro,TMG BUILDING SOLUTIONS S.R.L,Construcții / Instalații,Teleorman,ELECTRICIAN DE ÎNTRETINERE SI REPARATII,1,39655057
office@tohan.ro,SOCIETATEA ”TOHAN” S.A. FILIALĂ A COMPANIEI NAŢIONALE ”ROMARM” S.A.,STAT,Harghita,SERVANT POMPIER,1,13652413
office@topnetsibiu.ro,TOP NET,Specialiști / Tehnicieni,Sibiu,TEHNICIAN ECHIPAMENTE DE CALCUL SI RETELE,1,18221802
office@tourneo.ro,S.C. VEDEA SRL,Altele,Teleorman,AJUTOR BUCATAR,10,1384422
office@traineurope.ro,PETROUTILAJ - 3DRD S.R.L.,Altele,Prahova,LACATUS-MONTATOR AGREGATE ENERGETICE SI DE TRANSPORT,4,14169795
office@trainingcons.ro,TRAININGCONS 2005 SRL,Altele,Iași,MANIPULANT MARFURI,3,17731773
office@trans-zamfir.ro,TRANS ZAMFIR SRL,Servicii transport / curierat,Suceava,MECANIC AUTO,1,16637256
office@transelcom.ro,TRANSELCOM SRL,Construcții / Instalații,Constanța,FEMEIE DE SERVICIU,1,6354414
office@transmixtbn.ro,TRANSMIXT SA,Servicii transport / curierat,Bistrița-Năsăud,Conducator auto transport rutier de persoane,6,570362
office@traveljobs.ro,DARMATECH SRL,Construcții / Instalații,Municipiul București,MUNCITOR NECALIFICAT LA SPARGEREA SI TAIEREA MATERIALELOR DE CONSTRUCTII,2,22204877
office@trenchlessworks.ro,CENTRUL DE FORAJE PENTRU INFRASTRUCTURĂ S.A.,Construcții / Instalații,Mureș,MASINIST LA MASINI PENTRU TERASAMENTE (IFRONIST),1,25956114
office@triago.ro,Triago Srl,Producție / Logistică,Brașov,SUDOR CU ARC ELECTRIC CU ELECTROD NEFUZIBIL ÎN MEDIU DE GAZ PROTECTOR,2,26591202
office@triton.com.ro,TRITON SRL,Retail,Constanța,MANIPULANT MARFURI,10,7424364
office@turnmilsolutions.com,TURNMIL SOLUTIONS S.R.L.,Producție / Logistică,Cluj,OPERATOR LA MASINI-UNELTE CU COMANDA NUMERICA,2,46555174
office@umcugir.ro,COMPANIA NAŢIONALĂ ROMARM S.A. BUCUREŞTI FILIALA SOCIETATEA UZINA MECANICĂ CUGIR S.A.,Altele,Alba,INGINER MECANIC,2,1769224
office@unifiscal.ro,UNICONSTRUCT SRL,IT / Telecomunicații,Neamț,TEHNICIAN ELECTRONICA,2,7712197
office@uniforce.ro,UNIFORCE SECURITY SRL,SERVICII DE PAZA SI PROTECTIE,Ilfov,AGENT DE SECURITATE INTERVENȚIE,1,32964039
office@universalnutrition.com.ro,NATURAL PLUS COMERT SRL,Altele,Cluj,MUNCITOR NECALIFICAT LA AMBALAREA PRODUSELOR SOLIDE SI SEMISOLIDE,2,5179064
office@upromania.ro,UP ROMÂNIA S.R.L.,Altele,Municipiul București,REFERENT DE SPECIALITATE FINANCIAR-CONTABILITATE,1,14774435
office@ursconstruct.ro,URS CONSTRUCT ALBA SRL,Construcții / Instalații,Alba,SEF ECHIPA SPECIALIZATA,1,29737443
office@valdasgroup.com,VALDAS BUILDING S.R.L.,Construcții / Instalații,Timiș,"MUNCITOR NECALIFICAT LA DEMOLAREA CLADIRILOR, CAPTUSELI ZIDARIE, PLACI MOZAIC, FAIANTA, GRESIE, PARCHET",3,36827131
office@valrom.ro,VALROM INDUSTRIE SRL,Producție / Logistică,Municipiul București,MANIPULANT MARFURI,17,8529679
office@vascar.ro,VASCAR SA,Altele,Vaslui,ELECTRICIAN DE ÎNTRETINERE SI REPARATII,1,829522
office@velineo.ro,VELINEO SRL,PRODUCTIE MOBILA,Bihor,"CONFECTIONER, PRELUCRATOR ÎN INDUSTRIA TEXTILA",3,13251039
office@verdon.ro,VERDON SOLUTION SRL,Altele,Sibiu,LUCRATOR GESTIONAR,4,32678550
office@vernicolor.com,VERNICOLOR S.A.,Producție / Logistică,Bihor,OPERATOR LA PRELUCRAREA MASELOR PLASTICE,5,18720420
office@vertiqualsafety.com,VERTIQUAL ENGINEERING SRL,Altele,Mureș,CONFECTIONER MANUAL DE PRODUSE DIN SFORI SAU FRÂNGHII,2,25792968
office@viaduct.ro,VIADUCT SRL,Construcții / Instalații,,"INGINER CAI FERATE, DRUMURI SI PODURI",4,6682608
office@vilaleonida.ro,S.C. MID CONSULTING S.R.L.,RESTAURANTE,Prahova,BUCATAR-SEF,1,3146427
office@vilaregal.ro,VILA REGAL SRL,RESTAURANTE,Constanța,AJUTOR BUCATAR,10,15288247
office@vimercatiee.eu,VIMERCATI EAST EUROPE SRL,Producție / Logistică,Bacău,INGINER MENTENANTA SI REPARATII,2,22916476
office@vineycorp.ro,VINEY CORPORATION EAST EUROPE SRL,Producție / Logistică,Bacău,"MUNCITOR NECALIFICAT LA ASAMBLAREA, MONTAREA PIESELOR",4,33990311
office@vinstal.ro,SC V A ENGINEERING INSTAL SRL,Construcții / Instalații,Municipiul București,MUNCITOR NECALIFICAT LA SPARGEREA SI TAIEREA MATERIALELOR DE CONSTRUCTII,50,31667307
office@visaromania.ro,CARWASH LEMON,Altele,Municipiul București,SPALATOR VEHICULE,5,48573380
office@vitalmm.ro,VITAL SA,Altele,Maramureș,FUNCTIONAR ADMINISTRATIV,1,9710087
office@voltaelectric.ro,VOLTA ELECTRIC SRL,COMERT,Municipiul București,MENAJERA,1,18037606
office@voltax.ro,VOLTA X SOLAR SYSTEMS S.R.L.,Construcții / Instalații,,INGINER INSTALATII PENTRU CONSTRUCTII,1,15329177
office@vrg.ro,SC VRG SA,Producție / Logistică,Bistrița-Năsăud,"MUNCITOR NECALIFICAT LA ASAMBLAREA, MONTAREA PIESELOR",2,3969587
office@wafeduo.ro,WAFE DUO PRODIMPEX S.R.L.,Producție / Logistică,Arad,LACATUS MECANIC DE ÎNTRETINERE SI REPARATII UNIVERSALE,1,3802548
office@westfruta.ro,SC GRAND HOTEL WEST SRL,RESTAURANTE,Bihor,LUCRATOR BUCATARIE (SPALATOR VASE MARI),4,45742557
office@wise.ro,WISE PAVAJE SRL,Construcții / Instalații,Vâlcea,SOFER AUTOMACARAGIU,2,26449268
office@woodexpertcluj.ro,WOODEXPERT SRL,Altele,Cluj,OPERATOR LA MASINI-UNELTE CU COMANDA NUMERICA,1,24460898
office@workmatch.ro,WORK MATCH S.R.L,Producție / Logistică,Timiș,MANIPULANT MARFURI,20,50824580
office@worksphere.ro,SC WORKSPHERE SRL,Construcții / Instalații,Municipiul București,"MUNCITOR NECALIFICAT LA DEMOLAREA CLADIRILOR, CAPTUSELI ZIDARIE, PLACI MOZAIC, FAIANTA, GRESIE, PARCHET",16,44262011
office@world-acdc.ro,WORLD ACDC INDUSTRY SRL,SERVICE AUTO,Giurgiu,MECANIC AUTO,2,27881719
office@yads.ro,YADS SERV SRL,Altele,Suceava,AGENT CURATENIE CLADIRI SI MIJLOACE DE TRANSPORT,1,19056754
office@zaleco.ro,ZALECO SRL,Producție / Logistică,Bihor,CONFECTIONER-ASAMBLOR ARTICOLE DIN CARTON,4,29159110
office@zip-escort.ro,ZIP ESCORT FIRE SRL,Altele,Constanța,SERVANT POMPIER,2,29935149
office@zipescort.ro,ZIP ESCORT SRL,SERVICII DE PAZA SI PROTECTIE,Constanța,AGENT DE SECURITATE,5,9948144
office@zoneintl.ro,ZONE INTERNATIONAL TRADING SRL,Producție / Logistică,Municipiul București,CONTROLOR CALITATE,1,29098099
office@zoork.ro,ZOORK S.R.L.,Altele,Iași,TEHNICIAN ENERGETICIAN/ELECTRICIAN,44,37836928
officearad@webasto.com,WEBASTO ROMANIA SRL,Producție / Logistică,Arad,MONTATOR SUBANSAMBLE,45,19380121
officedeva@sews-e.com,SEWS ROMANIA SRL,Producție / Logistică,Hunedoara,"MUNCITOR NECALIFICAT LA ASAMBLAREA, MONTAREA PIESELOR",5,13276556
officefagaras@bergbanat.ro,BERG BANAT SRL,Producție / Logistică,Brașov,MANIPULANT MARFURI,4,1815100
officeymproved@extransgroup.ro,YMPROVED MANAGEMENT SOLUTIONS,Servicii transport / curierat,Tulcea,Conducător auto transport rutier de mărfuri,5,42813912
offive@multinvest.ro,VIRTUAL REALITY ZONE S.R.L.,RESTAURANTE,Mureș,AJUTOR BUCATAR,2,40287994
oficce@aquaterm-green-energy.ro,AQUATERM GREEN ENERGY SRL,Altele,Botoșani,SUDOR,1,29830860
olimpia.croitor@trutzi.ro,TRUTZI SRL,COMERT,Prahova,MANIPULANT MARFURI,2,17898144
olivia.geamanu@boromir.ro,MOARA CIBIN SA,Producție / Logistică,Sibiu,INGINER ELECTROTEHNIST,1,785205
olivia.popa@maurerimobiliare.ro,MAURER IMOBILIARE SIBIU SRL,Construcții / Instalații,Sibiu,SCHELAR,1,31239866
ondina.marin@adrem.ro,S.C. ADREM INVEST S.A.,Construcții / Instalații,Iași,ELECTRICIAN OPERATOR,10,3020924
oneofus@xtensos.com,XTENSOS SOLUTIONS SRL,Altele,Cluj,ADMINISTRATOR BAZE DE DATE,2,37862935
oradea@bioclinica.ro,SC BIOCLINICA SRL,Medicină / Sănătate /Psihoterapie,Bihor,BIOLOG,1,19222490
ost-motion@gmx.com,S.C. OST MOTION SRL,Servicii transport / curierat,,Conducător auto transport rutier de mărfuri,5,27699424
otilia.sposob@trutziconstruct.ro,DURABILD PROJECT S.R.L.,Construcții / Instalații,Bacău,FIERAR BETONIST,2,42962728
oviarchitecture@ovigroup.ro,OVI ARCHITECTURE ENGINEERING S,Construcții / Instalații,Municipiul București,ZIDAR ROSAR-TENCUITOR,40,26625208
oviconstruction@ovigroup.ro,OVI CONSTRUCTIONREAL ESTATE,Construcții / Instalații,Ilfov,FIERAR BETONIST,30,26625216
ovidiu.1@pbasig.ro,BUNU DEVELOPMENT SRL,Construcții / Instalații,Sibiu,INSTALATOR INSTALATII TEHNICO-SANITARE SI DE GAZE,2,31987280
oxana@optimalconsulting.ro,EFECT OPTIMAL SOLUTIONS SRL,Altele,Municipiul București,INGINER GEOLOG,1,27211336
paula.stanga@ewl.ro,EWL OUTSOURCING SOLUTIONS RO. S.R.L.,Altele,,MANIPULANT MARFURI,100,44906015
paula.t@spartaguard.ro,SPARTA GUARD SECURITY SRL,Altele,Prahova,AGENT DE SECURITATE,8,18687242
paula.voloaga@siliconservice.ro,SILICON SERVICE SRL,IT / Telecomunicații,Iași,INGINER DE SISTEM SOFTWARE,1,12552530
paula@ecuator.ro,ECUATOR COFFEE SERVICES S.R.L.,Vânzări,Suceava,AGENT DE VÂNZARI,1,33203451
payroll.bucharest@vistra.com,SANDHAR TECHNOLOGIES RO S.R.L.,Producție / Logistică,Brașov,"MUNCITOR NECALIFICAT LA ASAMBLAREA, MONTAREA PIESELOR",4,43852537
pchetan@aquaserv.ro,COMPANIA AQUASERV SA,Altele,Mureș,OPERATOR HIDRAULIC ÎN ALIMENTARILE CU APA,1,10755074
penny4323@penny.ro,REWE ROMANIA SRL,Retail,Ilfov,VÂNZATOR,1,13348610
pentruvoi@pentruvoi.ro,FUNDATIA PENTRU VOI,Altele,Timiș,CONSILIER/EXPERT/INSPECTOR/REFERENT/ECONOMIST ÎN ECONOMIE GENERALA,1,8577099
personal.cm@otlra.ro,ORADEA TRANSPORT LOCAL SA,Altele,Bihor,"MUNCITOR NECALIFICAT LA ÎNTRETINEREA DE DRUMURI, SOSELE, PODURI, BARAJE",1,63483
personal.deva@unita-turism.ro,UNITA TURISM HOLDING SA TIMISOARA SUCURSALA DEVA,Turism / Alimentație,Hunedoara,AJUTOR BUCATAR,1,16550809
personal@adporadea.ro,ADMINISTRAŢIA DOMENIULUI PUBLIC SA,Altele,Bihor,MECANIC UTILAJ,1,7997507
personal@almera.ro,ALMERA INTERNATIONAL S.R.L.,Producție / Logistică,Bacău,MUNCITOR NECALIFICAT LA AMBALAREA PRODUSELOR SOLIDE SI SEMISOLIDE,2,8574866
personal@apacansb.ro,APA CANAL SIBIU S.A.,Altele,Sibiu,VIDANJOR-CURATITOR CANALE,1,2684940
personal@ascondb.ro,EUROMOTORS PARTS & SERVICE SRL,Altele,Timiș,AGENT DE VÂNZARI,1,27652413
personal@axel-project.ro,AXEL PROJECT SRL,FABRICAREA ARTICOLELOR DE IMBRACAMINTE,Galați,MUNCITOR NECALIFICAT ÎN INDUSTRIA CONFECTIILOR,1,26978170
personal@cominco.ro,COMINCO OLTENIA SA,Construcții / Instalații,,SUDOR,2,11881003
personal@crescendogrup.ro,CRESCENDO SRL,RESTAURANTE,Gorj,BUCATAR,8,2163209
personal@crilelmar.ro,CRILELMAR SRL,Altele,Gorj,OPERATOR MASE PLASTICE,5,8085185
personal@ecojur.com,AMBERGLOSUNG LOGISTIC S.R.L.,Servicii transport / curierat,Bihor,Conducător auto transport rutier de mărfuri,5,47135969
personal@glanz.ro,GLANZ SRL,Au pair / Babysitter / Curățenie,Cluj,ÎNGRIJITOR CLADIRI,20,5818362
personal@hora.ro,HORA SA,PRODUCTIE MOBILA,Mureș,STRUNGAR UNIVERSAL,1,1235579
personal@instantint.ro,INSTANT INTERNATIONAL SRL,Construcții / Instalații,Hunedoara,ASISTENT MANAGER,2,6325370
personal@irislemn.ro,IRIS SERVICE CIUC SA,PRODUCTIE MOBILA,Harghita,TÂMPLAR UNIVERSAL,10,527397
personal@lazarservice.ro,LAZĂR SERVICE COM SRL,SERVICE AUTO,Gorj,ELECTRICIAN CONSTRUCTOR MONTATOR APARATAJ SI CABLURI DE JOASA TENSIUNE,3,2163560
personal@matalcomp.ro,METALCOMP INTERNATIONAL SRL,Altele,Arad,FEMEIE DE SERVICIU,2,11291754
personal@oncos.ro,ONCOS TRANSILVANIA SRL,Agricultură / Zootehnie,Cluj,MANIPULANT MARFURI,50,36001120
personal@pieteprest.ro,PIEŢE PREST SA,Altele,Vâlcea,MUNCITOR NECALIFICAT ÎN SILVICULTURA,2,27289734
personal@plasttechnik.ro,SC QWINDOWS TECHNIK PROD SRL,Producție / Logistică,Cluj,MANIPULANT MARFURI,2,32736030
personal@reconcraiova.ro,RECON SA,Construcții / Instalații,Dolj,DULGHER (EXCLUSIV RESTAURATOR),6,5650870
personal@sccfgalati.ro,S.C. CONSTRUCTII FEROVIARE GAL,Construcții / Instalații,Galați,"MUNCITOR NECALIFICAT LA DEMOLAREA CLADIRILOR, CAPTUSELI ZIDARIE, PLACI MOZAIC, FAIANTA, GRESIE, PARCHET",4,1641933
personal@sgaab.dam.rowater.ro,ADMIN BAZINALA DE APA MURES,STAT,Alba,MASINIST LA MASINI PENTRU TERASAMENTE (IFRONIST),1,18234918
personal@silvania.bio,TERA MOIAD SRL,Agricultură / Zootehnie,Sălaj,ÎNGRIJITOR ANIMALE,1,29434393
personal@simpasibiu.ro,SIMPA SA,Producție / Logistică,Sibiu,MUNCITOR NECALIFICAT LA SPARGEREA SI TAIEREA MATERIALELOR DE CONSTRUCTII,3,785078
personale@tricorom.ro,TRICOROM SRL,FABRICAREA ARTICOLELOR DE IMBRACAMINTE,Olt,MUNCITOR NECALIFICAT ÎN INDUSTRIA CONFECTIILOR,2,11605601
petrea@intercolor.ro,INTERCONF S.R.L.,Altele,Caraș-Severin,CONFECTIONER-ASAMBLOR ARTICOLE DIN TEXTILE,3,18451143
petronela.rosu@agasi.ro,AGASI SRL,Construcții / Instalații,Timiș,LACATUS MECANIC,3,1819748
petru@dataserv.ro,AHL AUTO RENT SRL,Armată / Pază/ Protecție,,SPALATOR VEHICULE,1,10028726
ph.resurseumane@ro.post,COMPANIA NATIONALA POSTA ROMANA SA SUCURSALA PLOIESTI,Altele,Prahova,MANAGER DE PRODUS,1,40706456
piatraneamt.shoppingcity@lcwaikiki.com,LC WAIKIKI RETAIL RO SRL,COMERT,,MANIPULANT MARFURI,1,26054330
pitesti@tiab.ro,TIAB S.A. BUCURESTI,Construcții / Instalații,Argeș,ELECTRICIAN ÎN CONSTRUCTII,2,27101511
planning@bacrau.ro,TRUK-IERBAC SRL,Altele,Suceava,SOFER DE AUTOTURISME SI CAMIONETE,3,10103887
plasttechnik@cluj.astral.ro,PLAST TECHNIK SRL,Producție / Logistică,Cluj,CONFECTIONER TÂMPLARIE DIN ALUMINIU SI MASE PLASTICE,4,10056610
plasturo@plasturo.ro,PLAS-TURO SRL,COMERT,Vâlcea,SOFER DE AUTOTURISME SI CAMIONETE,1,9620618
poduryan86@mail.ru,TRANSPORTATION EXPRESS SRL,Servicii transport / curierat,,Conducător auto transport rutier de mărfuri,5,41981470
poemdesign@poem.ro,POEM DESIGN SRL,Altele,Harghita,TURNATOR PRODUSE CERAMICE,1,15196437
pontos.arabela@plimob.ro,PLIMOB SA,PRODUCTIE MOBILA,Maramureș,INGINER AUTOMATIST,1,2215286
pop.sultana@fibrexco.ro,FIBREX CO SRL,Producție / Logistică,Sălaj,OPERATOR POLIESTERI ARMATI CU FIBRA DE STICLA,17,9560150
popa.alexandra@dahuatech.com,DAHUA TECHNOLOGY SRL,FABRICAREA ARTICOLELOR DE IMBRACAMINTE,Municipiul București,MANAGER DE PRODUS,1,38669658
popa.mirela@rcti.ro,R.C.T.I. COMPANY SRL,Construcții / Instalații,Brașov,INSTALATOR INSTALATII TEHNICO-SANITARE SI DE GAZE,10,27549443
portik.tunde@t-business.ro,SZIGEPSZERK SRL,Producție / Logistică,Harghita,OPERATOR LA FABRICAREA CONSERVELOR DIN LEGUME SAU FRUCTE,5,43167917
prelucrare@centrudesticla.ro,GLASS MOUNTAIN SRL,Construcții / Instalații,Mureș,"MUNCITOR NECALIFICAT LA ASAMBLAREA, MONTAREA PIESELOR",3,33878602
prohd@avis3000.ro,AVIS COM SRL,COMERT,Hunedoara,LUCRATOR COMERCIAL,2,13793943
publicitate@gorjeanul.ro,GORJEANUL SA,RESTAURANTE,Gorj,BUCATAR,1,2157533
puscas.cristina@umfst.ro,"SPITALUL ""GEORGE EMIL PALADE""",Medicină / Sănătate /Psihoterapie,Mureș,ANALIST,1,51213313
quartz_electro@gmail.ro,QUARTZ ELECTRO SRL,COMERT,Vrancea,CONTABIL-SEF,2,24996781
r.man@bungalow.net,Green Valley Resort Management  & Hospitality SRL,Turism / Alimentație,Brașov,CAMERISTA HOTEL,1,46161250
r.platica@euromasters.ro,EUROMASTER SRL,COMERT,Ilfov,ÎNCARCATOR-DESCARCATOR,3,21708930
radu.manese@spreadhire.com,SPREADHIRE SRL,Resurse umane,Cluj,CONSILIER SI CONSULTANT JURIDIC,1,53188232
radu@jkccapital.com,SC JKC Restaurants Romania SRL,RESTAURANTE,Municipiul București,AJUTOR BUCATAR,10,50086262
raisa.pahoni@acmetl.ro,ANTREPRIZA DE CONSTRUCTII SI MONTAJE ENERGETICE S.R.L.,Construcții / Instalații,Tulcea,ELECTRICIAN ÎN CONSTRUCTII,2,5270900
raluca-georgiana.manea@draexlmaier.com,DAR DRAXLMAIER AUTOMOTIVE SRL,Producție / Logistică,Timiș,TEHNICIAN MENTENANTA ELECTROMECANICA – AUTOMATICA ECHIPAMENTE INDUSTRIALE,7,26573648
raluca.anghel@prohuman.ro,PROHUMAN APT S.R.L.,Altele,Bihor,MONTATOR SUBANSAMBLE,33,6646907
raluca.bejinariu@solutiihr.ro,MAGNET TOTAL CONSTRUCT S.R.L.,Construcții / Instalații,,SUDOR,1,46137392
raluca.bratu@sedainvest.ro,SEDAINVEST SRL,Vânzări,Brașov,MAGAZINER,4,13043763
raluca.chereches@rusancom.ro,RUSANCOM PROD SRL,Producție / Logistică,Mureș,MUNCITOR NECALIFICAT ÎN INDUSTRIA CONFECTIILOR,15,5284590
raluca.chinciu@integralchinciu.ro,INTEGRAL CHINCIU COMIMPEX SRL,Servicii transport / curierat,Hunedoara,DISPECER,1,6034053
raluca.moiceanu@asee.io,ASEE SOLUTIONS S.R.L.,IT / Telecomunicații,Municipiul București,ANALIST SERVICII CLIENT,2,6614131
raluca.oprea@aliat-auto.ro,ALLSTAR PROD SRL,Producție / Logistică,Mureș,OPERATOR LA MASINI-UNELTE CU COMANDA NUMERICA,3,6626276
raluca.pernes@agermakina.com,AGER-ROM MACHINERY SRL,Construcții / Instalații,Olt,ELECTRICIAN ÎN CONSTRUCTII,8,21909144
raluca@contaproject.ro,AI FOR GOOD S.R.L,IT / Telecomunicații,Cluj,PROGRAMATOR,1,50522035
raluca@crismus.ro,CRISMUS SRL,COMERT,Prahova,FEMEIE DE SERVICIU,1,2995475
raluca@spatiodesign.com,KREPE STUDIO S.R.L.,RESTAURANTE,Municipiul București,COFETAR,1,52436836
raluca_enache@epam.com,EPAM SYSTEMS INTERNATIONAL,IT / Telecomunicații,Municipiul București,INGINER DE SISTEM SOFTWARE,2,33159615
ramona.duta@endurancelift.com,SC ENDURANCE LIFT SOLUTIONS INTERNATIONAL SRL,Producție / Logistică,Prahova,LACATUS MECANIC,2,22213107
ramona.grigorescu@tehnofluidsolutions.ro,SC TEHNO FLUID SOLUTIONS SRL,Construcții / Instalații,Argeș,"MUNCITOR NECALIFICAT LA DEMOLAREA CLADIRILOR, CAPTUSELI ZIDARIE, PLACI MOZAIC, FAIANTA, GRESIE, PARCHET",3,30815448
ramona.minciuna@hidroelectrica.ro,"SOCIETATEA DE PRODUCERE A ENERGIEI ELECTRICE IN HIDROCENTRALE ""HIDROELECTRICA"" BUCURESTI SA SUCURSALA HIDROCENTRALE CURTEA DE ARGES",Altele,Argeș,MASINIST LA INSTALATIILE HIDROTEHNICE DIN CENTRALE ELECTRICE,2,13358702
ramona.pop@transilvaniabroker.ro,TRANSILVANIA BROKER DE ASIGURARE S.A.,Altele,Municipiul București,REFERENT DE SPECIALITATE ASIGURARI,1,19044296
ramona.popa@ralmaking.ro,RMK WTEL SRL,IT / Telecomunicații,Cluj,ALPINIST UTILITAR,3,51019369
ramona.savoiu@opus.com.ro,OPUS LAND DEVELOPMENT SA,Altele,,AGENT DE VÂNZARI,1,19033882
ramona.tudorache@rciexpert.ro,RADULESCU P MARIA ISABELA-EXPERT CONTABIL,Contabilitate / Financiar,Municipiul București,CONTABIL,1,40007083
ratuc@mail.rdscj.ro,COMPANIA DE TRANSPORT PUBLIC CLUJ NAPOCA S.A.,Servicii transport / curierat,Cluj,Conducator auto transport rutier de persoane,115,201195
raul.avramut@termoproedil.ro,AGRO PELLET INDUSTRY S.R.L.,Construcții / Instalații,Bihor,MUNCITOR NECALIFICAT LA SPARGEREA SI TAIEREA MATERIALELOR DE CONSTRUCTII,1,38867434
raul.varga@energom.ro,ENERGOM SRL,Producție / Logistică,Cluj,ELECTRICIAN ECHIPAMENTE ELECTRICE SI ENERGETICE,5,14918913
receptie@casaema.ro,GEODENSIS TRANSCOM SRL,Sport / Artă / Divertisment,Bistrița-Năsăud,INSTALATOR RETELE TERMICE SI SANITARE,1,9787633
receptie@hotelrusca.ro,HEARTCORE S.R.L.,Altele,Hunedoara,OSPATAR (CHELNER),1,37730438
reception.desk@michelin.com,MICHELIN ROMANIA S.A.,Resurse umane,Ilfov,ANALIST SISTEME SALARIZARE,2,13663684
recruiting@stihl.ro,ANDREAS STIHL POWER TOOLS S.R.L.,Producție / Logistică,Bihor,MONTATOR SUBANSAMBLE,8,46022813
recruitment.ro@ascensos.com,ASCENSOS CONTACT CENTRES ROMANIA SRL,Call center / Suport clienți,Municipiul București,ANALIST SERVICII CLIENT,4,17596120
recruitment@helpship.ro,HELPSHIP S.R.L.,Producție / Logistică,Bihor,MANIPULANT MARFURI,20,40547237
recruitment@superbet.com,SUPERBET RETAIL S.A.,Altele,,CASIER,70,28044660
recrutare.bistrita@leoni.com,LEONI WIRING SYSTEMS RO SRL,Producție / Logistică,Bistrița-Năsăud,INGINER PRODUCTIE,3,12472414
recrutare.cj@iuliusmall.com,ATTRIUS DEVELOPMENTS SRL,Call center / Suport clienți,Cluj,FUNCTIONAR INFORMATII CLIENTI,1,37160477
recrutare.elit@elitcugir.ro,ELIT SRL,COMERT,Alba,LUCRATOR COMERCIAL,2,14444712
recrutare.logistica@emag.ro,DANTE INTERNATIONAL SA,Producție / Logistică,Municipiul București,STIVUITORIST,1,14399840
recrutare.lugoj@lidl.ro,LIDL DISCOUNT SRL,COMERT,Bihor,AGENT CURATENIE CLADIRI SI MIJLOACE DE TRANSPORT,3,22891860
recrutare.ro@delonghigroup.com,DELONGHI ROMANIA SRL,Producție / Logistică,Cluj,MONTATOR ELECTROMECANIC,1,29527204
recrutare.ro@irsap.com,IRROM INDUSTRIE SRL,Producție / Logistică,Cluj,SUDOR,9,12398300
recrutare.selectie@tvr.ro,SOCIETATEA ROMANA DE TELEVIZIUNE TVR,Altele,Municipiul București,CAMERAMAN,1,8468440
recrutare.tm@iuliustown.ro,ATTRIUS DEVELOPMENTS SRL,Retail,Timiș,AGENT DE VÂNZARI,1,37160477
recrutare@2-connect.com,2 CONNECT ROMANIA SRL,Producție / Logistică,Cluj,INGINER PRODUCTIE,1,15598248
recrutare@aerostar.ro,AEROSTAR SA,Producție / Logistică,Bacău,OPERATOR LA MASINI-UNELTE CU COMANDA NUMERICA,48,950531
recrutare@alcedo.ro,ALCEDO SRL,COMERT,Alba,MANIPULANT MARFURI,1,350278
recrutare@casa-antonie.ro,SC A A EXPRODCOM SRL,Altele,Municipiul București,OPERATOR LA PREPARAREA PRODUSELOR ZAHAROASE,10,4732904
recrutare@cec.ro,CEC BANK SA,Altele,Bihor,ADMINISTRATOR CONT,1,361897
recrutare@certsign.ro,CERTSIGN SA,IT / Telecomunicații,Municipiul București,ANALIST,1,18288250
recrutare@chimcomplex.com,CHIMCOMPLEX S.A. BORZEŞTI SUCURSALA RÂMNICU VÂLCEA,Producție / Logistică,Vâlcea,FOCHIST PENTRU CAZANE DE ABUR SI DE APA FIERBINTE,5,40036445
recrutare@conestiasi.ro,CONEST SA,Construcții / Instalații,Iași,ELECTRICIAN ÎN CONSTRUCTII,1,1959695
recrutare@d-log.ro,DECOMAR LOGISTIC SRL,Producție / Logistică,Brașov,OPERATOR FABRICATIE FLUX,5,27396854
recrutare@darom.ro,DAROM SERVICII SUPORT S.R.L.,Altele,Dâmbovița,ÎNGRIJITOR CLADIRI,5,38919991
recrutare@delgaz-grid.ro,DELGAZ GRID S.A.,Altele,Mureș,INSTALATOR INSTALATII TEHNICO-SANITARE SI DE GAZE,2,10976687
recrutare@dennver.ro,DENNVERPROFI SRL,COMERT,Cluj,DEBITATOR SEMIFABRICATE,1,23286425
recrutare@diana.com,DIANA COM SRL,Retail,Dâmbovița,MANIPULANT MARFURI,10,14572789
recrutare@diana.com.ro,DIANA SRL,Producție / Logistică,Vâlcea,MANIPULANT MARFURI,15,2540090
recrutare@eon-romania.ro,E.ON BUSINESS SERVICES CLUJ SRL,Contabilitate / Financiar,Cluj,SPECIALIST CONTROL RISC,1,30920249
recrutare@expleogroup.com,EXPLEO ROMANIA S.R.L.,Inginerie,Municipiul București,INGINER DE SISTEM ÎN INFORMATICA,1,5932005
recrutare@expur.ro,EXPUR SA,Specialiști / Tehnicieni,Ialomița,LABORANT DETERMINARI FIZICO-MECANICE,2,2091480
recrutare@fargrup.ro,FAR FOUNDATION SRL,Construcții / Instalații,Satu Mare,"MUNCITOR NECALIFICAT LA DEMOLAREA CLADIRILOR, CAPTUSELI ZIDARIE, PLACI MOZAIC, FAIANTA, GRESIE, PARCHET",4,26999270
recrutare@filadelfiagroup.ro,TABITA TOUR SRL,Servicii transport / curierat,Iași,Conducator auto transport rutier de persoane,8,15027110
recrutare@highplast.ro,HIGH PLAST SRL,Producție / Logistică,Arad,OPERATOR LA PRELUCRAREA MASELOR PLASTICE,8,33480754
recrutare@inovum.ro,INOVUM SRL,COMERT,Bihor,GESTIONAR DEPOZIT,1,28310745
recrutare@kik.ro,KIK TEXTILIEN UND NONFOOD S.R.L.,COMERT,Dâmbovița,LUCRATOR COMERCIAL,2,38530322
recrutare@lidl.ro,LIDL DISCOUNT SRL,Retail,Constanța,VÂNZATOR,10,22891860
recrutare@lucatraditie.ro,TINERVIS GROUP SRL,Turism / Alimentație,Municipiul București,LUCRATOR BUCATARIE (SPALATOR VASE MARI),50,27329545
recrutare@maxima.ro,MAXIMA PROFIL NORD SRL,Producție / Logistică,Bacău,"MUNCITOR NECALIFICAT LA ASAMBLAREA, MONTAREA PIESELOR",10,30535189
recrutare@medicover.ro,MEDICOVER SRL,Medicină / Sănătate /Psihoterapie,Municipiul București,FUNCTIONAR INFORMATII CLIENTI,2,15446991
recrutare@mega-image.ro,MEGA IMAGE SRL,Retail,Municipiul București,LUCRATOR COMERCIAL,20,6719278
recrutare@mercedes-benz.com,STAR TRANSMISSION SRL,Producție / Logistică,Alba,"TEHNICIAN/TEHNICIAN RESPONSABIL AFACERE, METODE LOGISTICA",1,14179039
recrutare@mobilasa.ro,MOBILA SA,PRODUCTIE MOBILA,Ialomița,MANIPULANT MARFURI,3,2071776
recrutare@moemax.ro,MOEMAX.RO. SRL,Retail,Brașov,VÂNZATOR,2,36860294
recrutare@musa.ro,MUSAPITESTI96 SRL,Producție / Logistică,Argeș,INGINER PRODUCTIE,2,8876104
recrutare@nuclearelectrica.ro,SOCIETATEA NAŢIONALĂ NUCLEARELECTRICA SA BUCUREŞTI SUCURSALA CNE CERNAVODĂ,Altele,Constanța,INGINER CENTRALE NUCLEAROELECTRICE,2,22554619
recrutare@panduit.com,PANDUIT EUROPEAN SOLUTIONS SRL,IT / Telecomunicații,Arad,PRESATOR METALE LA RECE,2,24834097
recrutare@pepco.eu,PEPCO RETAIL SRL,Retail,,CASIER,1,31477663
recrutare@reginamaria.ro,DELTA HEALTH CARE SRL,Medicină / Sănătate /Psihoterapie,Municipiul București,ASISTENT MEDICAL GENERALIST,12,26630352
recrutare@returosgr.ro,RETURO SISTEM GARANŢIE RETURNARE S.A.,Contabilitate / Financiar,Municipiul București,CONTROLOR FINANCIAR,1,45721171
recrutare@ro.yusen-logistics.com,YUSEN LOGISTICS ROMANIA S.R.L.,Producție / Logistică,Municipiul București,MANIPULANT MARFURI,5,27141010
recrutare@rondo-ganahl.com,RONDOCARTON SRL,Producție / Logistică,Cluj,SPECIALIST RESURSE UMANE,1,10208549
recrutare@ropost.ro,COMPANIA NATIONALA POSTA ROMANA SA BUCURESTI SUCURSALA CLUJ NAPOCA,Altele,Bihor,CURIER,1,40717196
recrutare@safir.ro,SAFIR SRL,Altele,Vaslui,OPERATOR CURATITOR CHIMIC,12,822044
recrutare@sergiana.ro,ALTIUS SRL,COMERT,Brașov,BUCATAR,5,1106353
recrutare@simply.ro,ITC NETWORK CENTER SRL,Altele,,"MUNCITOR NECALIFICAT LA DEMOLAREA CLADIRILOR, CAPTUSELI ZIDARIE, PLACI MOZAIC, FAIANTA, GRESIE, PARCHET",2,31586059
recrutare@simplyhr.ro,2A FASONARE OȚEL S.R.L.,Construcții / Instalații,Argeș,FIERAR BETONIST,5,40341171
recrutare@terasteel.ro,TERASTEEL S.A.,Construcții / Instalații,Călărași,"MUNCITOR NECALIFICAT LA ASAMBLAREA, MONTAREA PIESELOR",3,6694483
recrutare@ulmapackaging.ro,ULMA PACKAGING PRODUCTION S.R.L.,Producție / Logistică,Cluj,OPERATOR LA MASINI-UNELTE CU COMANDA NUMERICA,1,18346431
recrutare@wittenstein.ro,S.C. WITTENSTEIN S.R.L.,Producție / Logistică,Sibiu,OPERATOR LA MASINI-UNELTE CU COMANDA NUMERICA,1,18187115
recrutareeer@eon-romania.ro,E.ON ENERGIE ROMANIA,Altele,Mureș,INGINER DE SISTEM ÎN INFORMATICA,2,22043010
recrutari@alpaccess.com,SC ALPACCESS SRL,Construcții / Instalații,Prahova,MANIPULANT MARFURI,4,15810340
recrutari@rombat.ro,ROMBAT SA,Altele,Sibiu,ELECTRICIAN DE ÎNTRETINERE SI REPARATII,1,564638
reghina.moldovan@perpetuum.ro,AX PERPETUUM IMPEX SRL,Vânzări,Cluj,MANIPULANT MARFURI,20,6818298
relatiidemunca@invictus.com.ro,INVICTUS FORCE&SAFE S.A.,FABRICAREA ARTICOLELOR DE IMBRACAMINTE,Galați,CONFECTIONER-ASAMBLOR ARTICOLE DIN TEXTILE,20,39991049
renata.cozma@purem.com,S.C. PUREM ORADEA S.R.L,Inginerie,Bihor,TEHNICIAN PRELUCRARI MECANICE,3,35351080
res.umane-p@maergroup.com,MAER IMPORT EXPORT SRL,Construcții / Instalații,Tulcea,MUNCITOR NECALIFICAT LA SPARGEREA SI TAIEREA MATERIALELOR DE CONSTRUCTII,10,4491385
res.umane@icechim.ro,INSTITUTUL NATIONAL DE CERCETARE-DEZVOLTARE PENTRU CHIMIE SI PETROCHIMIE - ICECHIM BUCURESTI,Inginerie,Municipiul București,ASISTENT DE CERCETARE ÎN STIINTA MATERIALELOR,1,2627996
reservation@grandhotelcaraiman.ro,BARON-SERVICE SRL,Turism / Alimentație,Constanța,CAMERISTA HOTEL,10,6001935
responsabul.r.u@sarmismob.ro,SARMISMOB SA,Altele,Hunedoara,"MUNCITOR NECALIFICAT LA ASAMBLAREA, MONTAREA PIESELOR",3,2117288
resum@dasmclujnapoca.ro,DASM CLUJ NAPOCA,ASISTENTA SOCIALA,Cluj,ADMINISTRATOR,1,22970653
resumane@cluj.rosilva.ro,REGIA NATIONALA A PADURILOR ROMSILVA RA DIRECTIA SILVICA CLUJ,Altele,Cluj,PADURAR,1,252148
resurse-umane@romstal.ro,ROMSTAL IMEX SRL,COMERT,Bacău,MANIPULANT MARFURI,1,5990324
resurse-umane@roweni-industrie.ro,RO.WE.NI INDUSTRIE SRL,PRODUCTIE MOBILA,Vrancea,"MUNCITOR NECALIFICAT LA ASAMBLAREA, MONTAREA PIESELOR",3,15116900
resurse.das@sibiu.ro,DIRECTIA DE ASISTENTA SOCIALA SIBIU - CONSILIUL LOCAL AL MUN SIBIU,ASISTENTA SOCIALA,Sibiu,SEF SERVICIU INSTITUTIE PUBLICA,1,14387889
resurse.umane@academiatm.ro,ACADEMIA ROMANA FILIALA TIMISOARA,Agricultură / Zootehnie,Timiș,CERCETATOR ÎN AGRICULTURA,2,5313351
resurse.umane@acc-orastie.ro,ADVANCED COMPOSITES CONSTRUCTI,Construcții / Instalații,Hunedoara,"MUNCITOR NECALIFICAT LA ASAMBLAREA, MONTAREA PIESELOR",5,35361237
resurse.umane@adlo.ro,AGENTIA DE DEZVOLTARE LOCALA ORADEA S.A,STAT,Bihor,SPECIALIST IN ACHIZITII,1,24734055
resurse.umane@afiliu.ro,AFILIU TRANS SRL,Agricultură / Zootehnie,Prahova,ELECTRICIAN DE ÎNTRETINERE SI REPARATII,2,9162146
resurse.umane@apaoradea.ro,COMPANIA DE APA ORADEA SA,Altele,Bihor,"INSTALATOR APA, CANAL",1,54760
resurse.umane@apavil.ro,APAVIL SA,Altele,Vâlcea,Conducător auto transport rutier de mărfuri,5,16468149
resurse.umane@artagrafica.ro,IMPRIMERIA ARTA GRAFICA,Producție / Logistică,Municipiul București,LEGATOR MANUAL (ÎN POLIGRAFIE SI ATELIERE SPECIALE),1,24889769
resurse.umane@atp-group.ro,ATP TRUCKS AUTOMOBILE S.R.L.,Producție / Logistică,Maramureș,MONTATOR SUBANSAMBLE,10,40723236
resurse.umane@barleta.ro,BARLETA SRL,Producție / Logistică,Bacău,CONDUCTOR DE INSTALATII,5,6462610
resurse.umane@casapanciu.ro,NATURA SRL,Agricultură / Zootehnie,Vrancea,Conducător auto transport rutier de mărfuri,1,18329244
resurse.umane@classbeton.ro,CLASS IMOB PROIECT SRL,Construcții / Instalații,Prahova,MASINIST LA MASINI PENTRU TERASAMENTE (IFRONIST),1,48240075
resurse.umane@cnir.ro,COMPANIA NAŢIONALĂ DE INVESTIŢII RUTIERE S.A.,Inginerie,Municipiul București,"INGINER CONSTRUCTII CIVILE, INDUSTRIALE SI AGRICOLE",1,36727850
resurse.umane@compexit.ro,COMPEXIT TRADING SRL,SERVICE AUTO,Cluj,TEHNICIAN MENTENANTA ELECTROMECANICA – AUTOMATICA ECHIPAMENTE INDUSTRIALE,1,8008913
resurse.umane@conextrust.ro,CONEXTRUST SA,Construcții / Instalații,Bacău,"MUNCITOR NECALIFICAT LA DEMOLAREA CLADIRILOR, CAPTUSELI ZIDARIE, PLACI MOZAIC, FAIANTA, GRESIE, PARCHET",11,947730
resurse.umane@confectiibarlad.ro,CONFECTII BIRLAD SA,FABRICAREA ARTICOLELOR DE IMBRACAMINTE,Vaslui,"OPERATOR CONFECTIONER INDUSTRIAL ÎMBRACAMINTE DIN TESATURI, TRICOTAJE, MATERIALE SINTETICE",3,2808208
resurse.umane@conhidro.ro,CONSTRUCŢII HIDROTEHNICE SA,Construcții / Instalații,Iași,BOBINATOR CONDENSATORI PENTRU INSTALATII ELECTRICE,2,1957570
resurse.umane@decsic-voluntari.ro,DIRECTIA EDUCATIE CULTURAL SPORTIVA SI IDENTITATE COMUNITARA,STAT,Ilfov,INSPECTOR DE SPECIALITATE ÎN ADMINISTRATIA PUBLICA,3,18402914
resurse.umane@delaco.ro,DELACO DISTRIBUTION SA,COMERT,Brașov,Manager clienti stategici,1,11411737
resurse.umane@eco-sal.ro,S.C. ECO - SAL S.A.,Altele,Sibiu,LUCRATOR PENTRU SALUBRIZARE CAI PUBLICE,5,24898139
resurse.umane@eurogassystems.com,EURO GAS SYSTEMS SRL,Producție / Logistică,Mureș,SUDOR,4,26557103
resurse.umane@euromaster.com,EUROMASTER TYRE&SERVICES ROMANIA SA,SERVICE AUTO,Municipiul București,VULCANIZATOR PIESE DIN CAUCIUC LA PRESE,1,25872595
resurse.umane@euromaterna.ro,EUROMATERNA SA,Medicină / Sănătate /Psihoterapie,Constanța,ASISTENT MEDICAL GENERALIST,2,18798585
resurse.umane@expocar.ro,SC EXPOCAR TRADE SRL,Altele,Constanța,ELECTRICIAN AUTO,1,18273640
resurse.umane@gep-cluj.com,GLOBAL ENERGY PRODUCTS SRL,Altele,Cluj,MUNCITOR NECALIFICAT ÎN METALURGIE,10,25261397
resurse.umane@gepex.ro,GEPEX SRL,RESTAURANTE,Bacău,BARMAN,2,3413664
resurse.umane@instalship.ro,INSTALSHIP STEELWORK SRL,Construcții / Instalații,Galați,SUDOR,10,33179450
resurse.umane@kastamonu.ro,KASTAMONU ROMANIA SA,Producție / Logistică,Mureș,OPERATOR LA MASINI-UNELTE SEMIAUTOMATE SI AUTOMATE,5,1235668
resurse.umane@miralinstal.ro,MIRAL INSTAL COMPANY SRL,Construcții / Instalații,Municipiul București,SUDOR,5,15198012
resurse.umane@olgagudynn.ro,LICEUL BILIGVN ''OLGA GUDYNN'',Educație / Training / Coaching,Ilfov,SEF CATEDRA,1,39700549
resurse.umane@osrs.ro,ONE STAR RAIL SECURITY SRL,Armată / Pază/ Protecție,Constanța,"MANAGER MARKETING (TARIFE, CONTRACTE, ACHIZITII)",1,44686661
resurse.umane@perla1mai.ro,S.C. ALINBOGDANS.R.L.,Turism / Alimentație,Bihor,CAMERISTA HOTEL,1,18049929
resurse.umane@prodlacta.ro,PRODLACTA SA,Producție / Logistică,Brașov,ZUGRAV,2,1112568
resurse.umane@profish.ro,PROFISH UNLIMITED S.R.L.,Altele,Bacău,VÂNZATOR,1,41378276
resurse.umane@radacini.ro,RADACINI MOTORS SRL,Vânzări,Municipiul București,AGENT DE VÂNZARI,1,17083558
resurse.umane@ramadasibiu.ro,PREMIER HOTEL MANAGEMENT SIBIU SRL,Altele,Sibiu,CAMERISTA HOTEL,5,50014690
resurse.umane@reosproduction.eu,REOS PRODUCTION SRL,Producție / Logistică,Giurgiu,"MUNCITOR NECALIFICAT LA ASAMBLAREA, MONTAREA PIESELOR",7,23596809
resurse.umane@romcim.ro,ROMCIM S.A.,Construcții / Instalații,Constanța,LACATUS MECANIC,2,328750
resurse.umane@salbac.ro,S.C. SALBAC S.A.,PRODUCTIA SI CONSERVAREA CARNII,Bacău,AMBALATOR MANUAL,5,18774861
resurse.umane@scurbansaslobozia.ro,URBAN SA,Altele,,OPERATOR INSTALATII APA SI CANALIZARE,3,11316859
resurse.umane@selina.ro,SELINA SRL,Construcții / Instalații,Bihor,"MUNCITOR NECALIFICAT LA DEMOLAREA CLADIRILOR, CAPTUSELI ZIDARIE, PLACI MOZAIC, FAIANTA, GRESIE, PARCHET",6,6649997
resurse.umane@som.ro,MEDEX VITAL SERV SRL,Medicină / Sănătate /Psihoterapie,Mureș,ÎNGRIJITOR SPATII VERZI,1,38192027
resurse.umane@staff.utcluj.ro,UNIVERSITATEA TEHNICA DIN CLUJ,Educație / Training / Coaching,Cluj,ASISTENT DE CERCETARE ÎN CALCULATOARE,2,4288306
resurse.umane@stpt.ro,SOCIETATEA DE TRANSPORT PUBLIC TIMISOARA S.A.,Servicii transport / curierat,Timiș,Conducator auto transport rutier de persoane,28,2490570
resurse.umane@talisman-cosnult.ro,AMORY LONDON RETAIL SRL,COMERT,Municipiul București,LUCRATOR COMERCIAL,1,52459392
resurse.umane@testergrup.ro,CASA AUTO SRL,SERVICE AUTO,Iași,CURATITOR-SABLATOR,1,8885439
resurse.umane@valoris.ro,VALORIS CENTER SRL,Call center / Suport clienți,Municipiul București,"OPERATOR INTRODUCERE, VALIDARE SI PRELUCRARE DATE",2,18602432
resurse.umane@vasion.ro,VASION SRL,Altele,Bacău,MANIPULANT MARFURI,2,992154
resurse.umane@xavitel.ro,SC XAV MEDIA SRL,Construcții / Instalații,Vâlcea,"MUNCITOR NECALIFICAT LA DEMOLAREA CLADIRILOR, CAPTUSELI ZIDARIE, PLACI MOZAIC, FAIANTA, GRESIE, PARCHET",3,30286495
resurse44@dedeman.ro,DEDEMAN SRL,Retail,Neamț,VÂNZATOR,1,2816464
resurse@baumnet.com,BAUM AMUSEMENT SRL,Altele,,BUCATAR,1,36189394
resurse@zalau.rosilva.ro,REGIA NAŢIONALĂ A PĂDURILOR ROMSILVA RA SUCURSALA DIRECŢIA SILVICĂ SĂLAJ,Altele,Sălaj,PADURAR,1,13734491
resursel1@dedeman.ro,DEDEMAN SRL,Producție / Logistică,Ilfov,LUCRATOR GESTIONAR,1,2816464
resurseuman@electroceramica.com,ELECTROCERAMICA SA,Producție / Logistică,Cluj,MANIPULANT MARFURI,20,201586
resurseumane.oradea@metro.ro,METRO CASH CARRY ROMANIA SRL,COMERT,Bihor,LUCRATOR COMERCIAL,4,8119423
resurseumane.pallady@metro.ro,METRO CASH CARRY ROMANIA SRL,Retail,Municipiul București,LUCRATOR COMERCIAL,5,8119423
resurseumane.salonta.ro@delonghigroup.com,DELONGHI ROMANIA SRL,Producție / Logistică,Bihor,MONTATOR ELECTROMECANIC,55,29527204
resurseumane.satumare.ro@delonghigroup.com,DELONGHI ROMANIA SRL,Producție / Logistică,Satu Mare,SEF UNITATE ELEMENTARA DE LUCRU,1,29527204
resurseumane@akylesecurity.ro,AKYLE SECURITY SRL,SERVICII DE PAZA SI PROTECTIE,,AGENT DE SECURITATE,55,31662938
resurseumane@bioeel.ro,BIO EEL SRL,Vânzări,Timiș,OPERATOR VÂNZARI PRIN TELEFON,1,1199107
resurseumane@blashine.ro,BLA SHINE SRL,Au pair / Babysitter / Curățenie,Cluj,AGENT CURATENIE CLADIRI SI MIJLOACE DE TRANSPORT,1,30981661
resurseumane@brutariabaiasprie.ro,COFETĂRIA AURORA SRL,COMERT,Maramureș,VÂNZATOR,6,2203214
resurseumane@businesspromotion.ro,JOAKIM MAGIC TOUCH S.R.L.,RESTAURANTE,Sibiu,LUCRATOR COMERCIAL,1,37939001
resurseumane@cfl.ro,CONTINENTAL FAST LINE SRL,Servicii transport / curierat,Argeș,Conducator auto transport rutier de persoane,1,16231761
resurseumane@cia-aboliv.ro,C I A ABOLIV SRL,Producție / Logistică,Cluj,MUNCITOR NECALIFICAT LA AMBALAREA PRODUSELOR SOLIDE SI SEMISOLIDE,2,2872537
resurseumane@cinar.ro,ANDREEAS 95 EXIM SRL,PRODUCTIA SI CONSERVAREA CARNII,,"OPERATOR INTRODUCERE, VALIDARE SI PRELUCRARE DATE",1,7324845
resurseumane@citadina98.ro,CITADINA 98 SA,Construcții / Instalații,Galați,"INSTALATOR APA, CANAL",1,1634561
resurseumane@civitasgroup.ro,CIVITAS P.S.G. S.A.,Armată / Pază/ Protecție,Dolj,PAZNIC,1,15074871
resurseumane@cjbrasov.ro,CONSILIUL JUDETEAN BRASOV,Legislativ / Juridic / Funcții Publice,Brașov,CONSILIER ADMINISTRATIA PUBLICA,1,4384150
resurseumane@clemans.ro,CLEMANS SRL,COMERT,Argeș,SUDOR MANUAL CU FLACARA DE GAZE,1,130744
resurseumane@clinicaromgermed.ro,ST LUKAS CLINIC ,Medicină / Sănătate /Psihoterapie,,FEMEIE DE SERVICIU,3,24664944
resurseumane@cmdeltaapparel.ro,SC CM Delta Apparel Romania SA,Retail,Municipiul București,LUCRATOR COMERCIAL,7,13848950
resurseumane@comunahorodnicenisv.ro,COMUNA HORODNICENI,ASISTENTA SOCIALA,Suceava,ASISTENT PERSONAL AL PERSOANEI CU HANDICAP GRAV,1,4326833
resurseumane@crosta.ro,CROSTA SRL,COMERT,Iași,VÂNZATOR,2,15793982
resurseumane@dabacco.ro,DA BACCO SRL,Agricultură / Zootehnie,Bacău,MUNCITOR NECALIFICAT ÎN AGRICULTURA,10,18461813
resurseumane@dabauto.ro,DAB AUTO SERV SRL,SERVICE AUTO,Municipiul București,ELECTRICIAN AUTO,1,12734167
resurseumane@damila.ro,DAMILA SRL,Construcții / Instalații,Constanța,AGENT DE VÂNZARI,2,2552702
resurseumane@dgaspc-arad.ro,DIRECTIA GENERALA DE ASISTENTA SOCIALA SI PROTECTIA COPILULUI ARAD,ASISTENTA SOCIALA,Arad,ASISTENT MATERNAL,10,17090393
resurseumane@dgaspcbt.ro,DIRECTIA GENERALA DE ASISTENTA SOCIALA SI PROTECTIA COPILULUI,ASISTENTA SOCIALA,Botoșani,PSIHOLOG ÎN SPECIALITATEA PSIHOLOGIE CLINICA,1,17093020
resurseumane@divingarden.com,DIVINGARDEN SRL,Altele,,PORTAR,1,35069608
resurseumane@drdpct.ro,COMPANIA NAŢIONALĂ DE ADMINISTRARE A INFRASTRUCTURII RUTIERE S.A.,Altele,Constanța,MASINIST LA MASINI PENTRU TERASAMENTE (IFRONIST),1,16054368
resurseumane@drdptm.ro,COMPANIA NAŢIONALĂ DE ADMINISTRARE A INFRASTRUCTURII RUTIERE S.A.,Construcții / Instalații,Timiș,ASFALTATOR,5,16054368
resurseumane@dumexim.ro,DUMEXIM SRL,Construcții / Instalații,Bihor,MASINIST LA MASINI PENTRU TERASAMENTE (IFRONIST),10,16057895
resurseumane@ecuator.ro,ECUATOR SRL,Vânzări,Suceava,AGENT DE VÂNZARI,1,2560861
resurseumane@elnetsecurity.ro,ELNET SECURITY SRL,Armată / Pază/ Protecție,Municipiul București,AGENT DE SECURITATE,196,31133899
resurseumane@epinvest.ro,EPINVEST SRL,COMERT,Cluj,REPREZENTANT COMERCIAL,1,6541951
resurseumane@europrod.ro,EUROPROD SA,Agricultură / Zootehnie,Bacău,LACATUS MECANIC,1,13531071
resurseumane@gordonprod.ro,GORDONPROD SRL,Producție / Logistică,Harghita,OPERATOR LA PREPARAREA PRODUSELOR LACTATE,3,4367213
resurseumane@grawe.ro,GRAWE ROMÂNIA ASIGURARE S.A.,Altele,Municipiul București,AGENT DE ASIGURARE,9,8398697
resurseumane@grupprimacons.ro,GRUP PRIMACONS SRL,Construcții / Instalații,Olt,CONSILIER/EXPERT/INSPECTOR/REFERENT/ECONOMIST ÎN ECONOMIE GENERALA,1,6341643
resurseumane@imosteel.ro,IMOMETAL S.R.L.,Construcții / Instalații,Cluj,"MUNCITOR NECALIFICAT LA DEMOLAREA CLADIRILOR, CAPTUSELI ZIDARIE, PLACI MOZAIC, FAIANTA, GRESIE, PARCHET",6,37935379
resurseumane@isuzu.com,ANADOLU AUTOMOBIL ROM SRL,SERVICE AUTO,Ilfov,TEHNICIAN ELECTROMECANIC,1,13610337
resurseumane@italtextil.eu,ITALTEXTIL SARATA SRL,Producție / Logistică,Bistrița-Năsăud,MUNCITOR NECALIFICAT ÎN INDUSTRIA CONFECTIILOR,10,13878942
resurseumane@jsssecurity.ro,JUSTICE SECURITY SERVICES SRL,SERVICII DE PAZA SI PROTECTIE,Dolj,AGENT DE SECURITATE,2,29229739
resurseumane@klassprofile.ro,ONEPLAST S.R.L.,Producție / Logistică,Vâlcea,CONFECTIONER TÂMPLARIE DIN ALUMINIU SI MASE PLASTICE,10,37106605
resurseumane@lacasapane.ro,LA CASA RISTORANTE PIZZERIA PANE DOLCE SRL,Producție / Logistică,Cluj,AMBALATOR MANUAL,5,32069255
resurseumane@lexprotect.ro,LEX PROTECT BUZĂU SRL,SERVICII DE PAZA SI PROTECTIE,Timiș,AGENT DE SECURITATE,3,4595335
resurseumane@libraguard.ro,LIBRA GUARD SRL,Armată / Pază/ Protecție,,AGENT DE SECURITATE,1,36404409
resurseumane@lucatraditie.ro,TINERVIS GROUP SRL,Turism / Alimentație,Argeș,LUCRATOR BUCATARIE (SPALATOR VASE MARI),3,27329545
resurseumane@lunacleaning.ro,PROFI LUNA,Au pair / Babysitter / Curățenie,Cluj,AGENT CURATENIE CLADIRI SI MIJLOACE DE TRANSPORT,50,43842746
resurseumane@luscancom.ro,LUSCAN COM SRL,Altele,Municipiul București,FEMEIE DE SERVICIU,1,1148138
resurseumane@minoronzoni.ro,MINORONZONI SRL BERGAMO SUCURSALA SIBIU,Producție / Logistică,Sibiu,MUNCITOR NECALIFICAT ÎN INDUSTRIA CONFECTIILOR,3,40891418
resurseumane@ortoprofil.ro,ORTOPROFIL PROD ROMANIA SRL,Medicină / Sănătate /Psihoterapie,Sibiu,FUNCTIONAR INFORMATII CLIENTI,1,6877197
resurseumane@palex.ro,PALEX CONSTRUCTII INSTALATII SRL,Construcții / Instalații,Municipiul București,"MUNCITOR NECALIFICAT LA DEMOLAREA CLADIRILOR, CAPTUSELI ZIDARIE, PLACI MOZAIC, FAIANTA, GRESIE, PARCHET",8,6546959
resurseumane@pambac.ro,PAMBAC SA,Altele,,ELECTRICIAN DE ÎNTRETINERE SI REPARATII,2,950264
resurseumane@partnerdrinks.ro,SC PARTNER DRINKS SRL,Altele,Bihor,GESTIONAR DEPOZIT,2,32061090
resurseumane@prebet.ro,PREBET AIUD SA,Construcții / Instalații,Alba,MASINIST POD RULANT,1,1763841
resurseumane@primariapitesti.ro,PRIMARIA MUNICIPIULUI PITESTI,Altele,Argeș,ARHIVAR,1,4317967
resurseumane@radicstar.ro,RADICSTAR SRL,Producție / Logistică,Argeș,TEHNICIAN VETERINAR,1,4917490
resurseumane@rbcgas.ro,ROMBEER CRINGASU SRL,Contabilitate / Financiar,Prahova,FUNCTIONAR ECONOMIC,2,6850671
resurseumane@rhinowork.ro,RHINO WORK S.R.L.,Producție / Logistică,Bacău,MAGAZINER,1,18360762
resurseumane@scandia.ro,SCANDIA FOOD SRL,Producție / Logistică,Sibiu,STIVUITORIST,1,16070576
resurseumane@secured-sr.ro,SECURED SR S.R.L.,Armată / Pază/ Protecție,Brașov,AGENT DE SECURITATE,4,15554640
resurseumane@selina.ro,DRUM ASFALT SRL,Construcții / Instalații,Bihor,MASINIST LA MASINI PENTRU TERASAMENTE (IFRONIST),6,22519077
resurseumane@sfsava.ro,RED HOSPITAL - SPITALUL SF. SAVA S.R.L.,Medicină / Sănătate /Psihoterapie,Iași,ASISTENT MEDICAL GENERALIST,1,48097715
resurseumane@spinexfarm.ro,SPINEX MEDPHARM SRL,Medicină / Sănătate /Psihoterapie,Hunedoara,TEHNICIAN CHIMIST,1,34470422
resurseumane@spitalgherla.ro,SPITALUL MUNICIPAL GHERLA,Medicină / Sănătate /Psihoterapie,Cluj,ASISTENT MEDICAL GENERALIST,4,4546995
resurseumane@srr.ro,SOCIETATEA ROMANA DE RADIODIFUZIUNE,IT / Telecomunicații,,TEHNICIAN ECHIPAMENTE DE CALCUL SI RETELE,1,8296093
resurseumane@stera.ro,PROFLEX PLOIESTI PH SRL,COMERT,Prahova,MANIPULANT MARFURI,1,37634228
resurseumane@topmarket.ro,TOP MARKET COMIMPEX SRL,COMERT,Satu Mare,MANIPULANT MARFURI,1,4289352
resurseumane@totulverde.ro,TOTUL VERDE SA,Altele,Municipiul București,LUCRATOR PENTRU SALUBRIZARE SPATII VERZI,8,14665500
resurseumane@transagape.ro,TRANS AGAPE SRL,Producție / Logistică,Sibiu,MUNCITOR NECALIFICAT LA AMBALAREA PRODUSELOR SOLIDE SI SEMISOLIDE,5,6269971
resurseumane@tupturda.ro,TRANSPORT URBAN PUBLIC SRL,Servicii transport / curierat,Cluj,Conducator auto transport rutier de persoane,5,37709819
resurseumane@umfst.ro,"UNIVERSITATEA DE MEDICINA, FARMACIE, STIINTE SI TEHNOLOGIE ""GEORGE EMIL PALADE"" DIN TARGU MURES",Educație / Training / Coaching,Mureș,LABORANT ÎN ÎNVATAMÂNT,2,4322742
resurseumane@usamv.ro,USAMV STATIUNEA DIDACTICA EXPE,Agricultură / Zootehnie,Cluj,SEF FERMA AGRICOLA (AGROZOOTEHNICA),1,13897480
resurseumane@usamvcluj.ro,UNIVERSITATEA DE STIINTE AGRIC,Altele,Cluj,"AGENT DEZINFECTIE, DERATIZARE, DEZINSECTIE",1,4288381
resurseumane@vivaconstructdeva.ro,VIVA CONSTRUCT SRL,Servicii transport / curierat,Hunedoara,Conducător auto transport rutier de mărfuri,1,16034220
resusrseumaned@primariabarlad.ro,MUNICIPIUL BARLAD,STAT,Vaslui,SEF SERVICIU INSTITUTIE PUBLICA,2,4539912
rezervari@george-dragon.ro,DRAKO CUHNIA BALKANICA S.R.L.,RESTAURANTE,Municipiul București,AJUTOR OSPATAR,17,43054535
rezervari@hotelgrand.ro,GRAND SA,Turism / Alimentație,Mureș,FEMEIE DE SERVICIU,1,1208434
rezervari@roserhause.ro,ROSER HOUSE SRL,Turism / Alimentație,Bistrița-Năsăud,CAMERISTA HOTEL,2,36534921
riordache@retiro.ro,S.C. RETIRO S.A.,Producție / Logistică,Argeș,"MUNCITOR NECALIFICAT LA ASAMBLAREA, MONTAREA PIESELOR",1,8851614
ritadaniela.baka@weidmueller.com,WEIDMÜLLER INTERFACE ROMANIA SRL,Producție / Logistică,Maramureș,"MUNCITOR NECALIFICAT LA ASAMBLAREA, MONTAREA PIESELOR",20,17050356
rmatache@pssglobal.ro,PSS GLOBAL SRL,Altele,Municipiul București,LUCRATOR GESTIONAR,6,30770940
ro-hraccount@alef.com,ALEF DISTRIBUTION RO,Producție / Logistică,Municipiul București,ASISTENT COMERCIAL,1,37561959
ro_hr_admin@bat.com,BRITISH AMERICAN TOBACCO (ROMA,Altele,Municipiul București,SEF SERVICIU MARKETING,1,8808452
robert.simion@maxbetromania.com,MAX BET SRL,Altele,Timiș,SUPRAVEGHETOR JOCURI (CAZINO),3,14786022
robert@vitalberry.ro,VITAL BERRY PRODUCTION SRL,Agricultură / Zootehnie,,MUNCITOR NECALIFICAT ÎN AGRICULTURA,1,18691928
roberto.ababei@maxestate.ro,MAX RISTORANTE ITALIANO S.R.L.,Altele,Municipiul București,AJUTOR OSPATAR,3,50991147
rock@lacanapele.ro,SC COMITAS SRL,RESTAURANTE,Constanța,AJUTOR BUCATAR,22,2425156
rockwool-hrpayroll.ro@forvismazars.com,ROCKWOOL ROMANIA,Producție / Logistică,Municipiul București,CONSILIER TEHNIC,1,10863700
rodica.bichirgiu@rtpbz.ro,RING TEXTILE PRODUCTION RTP SRL,Altele,Buzău,CONFECTIONER-ASAMBLOR ARTICOLE DIN TEXTILE,2,12131140
rodica.carcu@caro-holding.ro,SC VERDENA GARDEN GROUP SRL,Altele,,AMBALATOR MANUAL,2,15252430
rodica@peruvision.ro,PERUVISION SRL,Construcții / Instalații,Timiș,MUNCITOR NECALIFICAT LA SPARGEREA SI TAIEREA MATERIALELOR DE CONSTRUCTII,1,5187911
rodica@trans-euro.ro,TRANS EURO EXPRESS 94 SRL,Servicii transport / curierat,Municipiul București,DISPECER,3,5603754
rodicapop@ildibau.ro,ILDIBAU SRL,Construcții / Instalații,Bistrița-Năsăud,ZIDAR ROSAR-TENCUITOR,1,24913824
rom.amm@termostampirom.com,TERMOSTAMPI ROM SRL,Producție / Logistică,Arad,"MUNCITOR NECALIFICAT LA ASAMBLAREA, MONTAREA PIESELOR",20,17697663
romania.office@comau.com,COMAU ROMANIA,Contabilitate / Financiar,Bihor,CONTABIL-SEF,1,58924
romania.visa.agent@huawei.com,HUAWEI TECHNOLOGIES SRL,Management,Municipiul București,MANAGER APROVIZIONARE,1,20567140
romaniahr@evalueserve.com,EVALUESERVE SRL,Management,Cluj,ANALIST FINANCIAR,1,23772107
romaniahr@harting.com,HARTING ROMÂNIA MANUFACTURING SCS,Producție / Logistică,Sibiu,"MUNCITOR NECALIFICAT LA ASAMBLAREA, MONTAREA PIESELOR",2,15486112
roumanie@dedinne.com,DEMGY FĂGĂRAȘ S.R.L.,Altele,Brașov,AMBALATOR MANUAL,5,16872847
roxana.andreoiu@distributie-energie.ro,DISTRIBUȚIE ENERGIE ELECTRICĂ ROMANIA S.A.,Altele,Prahova,ELECTRICIAN EXPLOATARE CENTRALE SI STATII ELECTRICE,11,14476722
roxana.boangar@cws.com,CWS GLOBAL BUSINESS SERVICES S.R.L.,Vânzări,Sibiu,FUNCTIONAR INFORMATII CLIENTI,4,41092753
roxana.constantin@cabuzau.ro,COMPANIA DE APĂ SA,Altele,Buzău,INSTALATOR RETELE TERMICE SI SANITARE,1,22987337
roxana.craciun@medicover.ro,MEDICOVER HOSPITALS SRL,Medicină / Sănătate /Psihoterapie,Municipiul București,ASISTENT MEDICAL GENERALIST,3,28890251
roxana.ivasuc@cargus.ro,CARGUS S.R.L.,Servicii transport / curierat,Ilfov,RESPONSABIL TURA EXPEDITIE,4,3541906
roxana.popa@fermier.info,AGROBIONICS S.R.L.,Agricultură / Zootehnie,Brăila,CRESCATOR DE PASARI,4,43815989
roxana.tabacaru@vrancart.com,VRANCART SA,Producție / Logistică,Vrancea,LABORANT DETERMINARI FIZICO-MECANICE,1,1454846
roxana.tulin@asahibeer.ro,URSUS BREWERIES S.A. BUCUREŞTI SUCURSALA BUZĂU,Producție / Logistică,Buzău,INGINER-SEF INDUSTRIA PRELUCRATOARE,1,10957340
roxana@francetransit.com,FRANCE TRANSIT SRL,Servicii transport / curierat,Giurgiu,Conducător auto transport rutier de mărfuri,4,39055354
rstan@fccco.com,FCC CONSTRUCCION SA BARCELONA SUCURSALA BUCURESTI,Construcții / Instalații,Bihor,AGENT TRANSPORTURI,5,17060007
rsu1puls@termoficareoradea.ro,TERMOFICARE ORADEA S.A.,Altele,Bihor,INSTALATOR ÎNCALZIRE CENTRALA SI GAZE,1,31952982
rtg@romturingia.ro,ROMTURINGIA SRL,Producție / Logistică,Argeș,LACATUS MECANIC,1,6277265
ru.bv@arabesque.ro,ARABESQUE SRL,Administrativ / Secretariat,Brașov,MANIPULANT MARFURI,1,5340801
ru@centrul.com,CENTRUL DE CALCULATOARE SRL,COMERT,Caraș-Severin,AGENT DE VÂNZARI,2,15715771
ru@cmpb.ro,COMPANIA MUNICIPALA PARKING BUCURESTI,Altele,,LEGATOR DE SARCINA,5,37832152
ru@dpponesti.ro,DOMENIU PUBLIC ŞI PRIVAT ONEŞTI SA,Construcții / Instalații,Bacău,SEF SECTOR (SECTIE) DRUMURI-PODURI,1,27231643
ru@primariabod.ro,PRIMARIA COMUNEI BOD,STAT,Brașov,ASISTENT MEDICAL COMUNITAR,1,4777213
runos@smploiesti.ro,SPITALUL MUNICIPAL PLOIESTI,Medicină / Sănătate /Psihoterapie,Prahova,TÂMPLAR UNIVERSAL,1,2844227
runos@spcm.ro,SPITALUL DE PSIHIATRIE,Medicină / Sănătate /Psihoterapie,,"MEDIC SEF SECTIE, LABORATOR",1,11937660
runos@spital-ludus.ro,SPITALUL OR DR VALER RUSSU LUDUS,Medicină / Sănătate /Psihoterapie,Mureș,CONSILIER/EXPERT/INSPECTOR/REFERENT/ECONOMIST ÎN ECONOMIE GENERALA,1,4323543
runos@spitaltulcea.ro,SPITALUL JUDETEAN DE URGENTA TULCEA,Medicină / Sănătate /Psihoterapie,Tulcea,REGISTRATOR MEDICAL,1,4026712
runos@spitaluljimbolia.ro,SPITALUL DR. KARL DIEL,Medicină / Sănătate /Psihoterapie,Timiș,BRANCARDIER,1,2502771
runos@spitalulmavromati.ro,SPITALUL JUDETEAN DE URGENTA MAVROMATI,Medicină / Sănătate /Psihoterapie,Botoșani,MEDIC REZIDENT,1,4557951
runos@spitjudbraila.ro,SPITALUL JUDETEAN DE URGENTA BRAILA,Medicină / Sănătate /Psihoterapie,Brăila,MEDIC SPECIALIST,10,4342863
s.motoi@eekels.com,EEKELS ROMANIA SRL,Altele,Galați,INGINER ELECTROTEHNIST,5,13607676
sal.invest@iahoo.com,SAN INVEST BUILDING S.R.L.,Construcții / Instalații,Bistrița-Năsăud,"MUNCITOR NECALIFICAT LA DEMOLAREA CLADIRILOR, CAPTUSELI ZIDARIE, PLACI MOZAIC, FAIANTA, GRESIE, PARCHET",3,39299596
salarizare.personal@upg-ploiesti.ro,UNIVERSITATEA PETROL-GAZE din PLOIESTI,Altele,Prahova,PAZNIC,1,2844790
salarizare@ifcont.ro,AUTOMAS GARAGE S.R.L.,SERVICE AUTO,Cluj,TINICHIGIU CAROSIER,1,37363951
sales@globextradco.ro,GLOBEX TRADCO SRL,Altele,Bistrița-Năsăud,ÎNGRIJITOR CLADIRI,2,38142290
sales@motoemotion.ro,MOTO E MOTION SRL,COMERT,Timiș,REPREZENTANT COMERCIAL,3,29698638
sales@play-solutions.ro,P&A SOLUTIONS SRL,Construcții / Instalații,,ZUGRAV,1,50318672
sales@rapel.biz,RAPEL SRL,Producție / Logistică,Alba,"MAROCHINER-CONFECTIONER MAROCHINARIE, DUPA COMANDA",5,5665609
sales@trendix.ro,BLUE LOGIC SRL,IT / Telecomunicații,Dolj,PROGRAMATOR DE SISTEM INFORMATIC,2,14370216
salomeea.gherle@hvac112.com,CARPATIC FUN,Construcții / Instalații,,INSTALATOR INSTALATII TEHNICO-SANITARE SI DE GAZE,6,31555753
samia@globalconnectingpeople.ro,VOICU ELENA-PETRONELA,Altele,Ilfov,MENAJERA,1,2941124341398
samira@globalconnectingpeople.ro,DUMITRU ALEXANDRA-MIHAELA,Altele,Municipiul București,GUVERNANTA,2,2811008410108
sanca@delfingen.com,DELFINGEN RO TRANSILVANIA SRL,Producție / Logistică,Arad,OPERATOR MASE PLASTICE,2,17981940
sandy@sandyimpex.ro,SANDY IMPEX SRL,Producție / Logistică,Bihor,BRUTAR,4,108984
satumare@medima.ro,EDOMED RELIFE SRL,Medicină / Sănătate /Psihoterapie,Satu Mare,REPREZENTANT MEDICAL,1,30119438
sbanu@proleasing.ro,PROLEASING MOTORS SRL,COMERT,Prahova,AGENT DE VÂNZARI,1,18877620
sebastian.chetan@guidetech.ro,GUIDETECH INNOVATION S.R.L.,Vânzări,Cluj,REPREZENTANT COMERCIAL,2,48765458
sebn.phr-anofm-ro@sebn.com,SE BORDNETZE SRL,Producție / Logistică,Caraș-Severin,CONFECTIONER CABLAJE AUTO,30,26649690
secretariat.buzau@boromir.ro,BOROMIR IND SRL,Agricultură / Zootehnie,Buzău,MECANIC UTILAJ,1,6334476
secretariat.cmrts@meteoromania.ro,DIRECTIA  METEOROLOGICA REGIONALA TRANSILVANIA SUD,Altele,Harghita,METEOROLOG (STUDII SUPERIOARE),1,11715213
secretariat@autoeuropa.ro,AUTO EUROPA SRL,SERVICE AUTO,Timiș,MECANIC AUTO,2,6725652
secretariat@betak.ro,BETAK SA,Producție / Logistică,Bistrița-Năsăud,Conducător auto transport rutier de mărfuri,1,573768
secretariat@brenneka.com,S.C.BRENNEKA INSTALL SRL,Construcții / Instalații,Bacău,MAISTRU INSTALATOR ÎN CONSTRUCTII,1,31612697
secretariat@catd.ro,COMPANIA DE APA TARGOVISTEDAMBOVITA SA,Altele,Dâmbovița,SUDOR,1,10084149
secretariat@cecinstgroup.ro,CEC INSTGROUP S.R.L.,Altele,Mureș,MUNCITOR NECALIFICAT LA SPARGEREA SI TAIEREA MATERIALELOR DE CONSTRUCTII,5,40304920
secretariat@cogemeset.ro,COGEME SET RO SRL,Producție / Logistică,Argeș,OPERATOR LA MASINI-UNELTE SEMIAUTOMATE SI AUTOMATE,10,17481030
secretariat@conted.ro,CONTED SA,FABRICAREA ARTICOLELOR DE IMBRACAMINTE,Botoșani,MUNCITOR NECALIFICAT ÎN INDUSTRIA CONFECTIILOR,5,622445
secretariat@cramabeciu.ro,CASA DE VINURI BECIU S.R.L.,Vânzări,Argeș,LUCRATOR COMERCIAL,1,18273704
secretariat@depogazploiesti.ro,"SNGN ""ROMGAZ"" SA-FILIALA DE ÎNMAGAZINARE GAZE NATURALE DEPOGAZ PLOIESTI SRL",Altele,Dâmbovița,OPERATOR EXTRACTIE GAZE,3,34915261
secretariat@dstt.ro,TEATRUL GERMAN DE STAT TIMISOA,Administrativ / Secretariat,Timiș,REFERENT DE SPECIALITATE ÎN ADMINISTRATIA PUBLICA,2,5016490
secretariat@efe-europa.ro,EFE EUROPA CONSTRUCTION S.R.L.,Construcții / Instalații,Municipiul București,CONTABIL,1,42782395
secretariat@elco-giurgiu.ro,ELECTROCONSTRUCTIA ELCO GIURGIU SA,Construcții / Instalații,Tulcea,ELECTRICIAN ÎN CONSTRUCTII,1,3352672
secretariat@fuslesecurity.ro,FUȘLE SISTEME DE SECURITATE S.R.L.,SERVICII DE PAZA SI PROTECTIE,Satu Mare,TEHNICIAN ENERGETICIAN/ELECTRICIAN,4,46340973
secretariat@incom-vranco.ro,INCOM-VRANCO SA,FABRICAREA ARTICOLELOR DE IMBRACAMINTE,Vrancea,"OPERATOR CONFECTIONER INDUSTRIAL ÎMBRACAMINTE DIN TESATURI, TRICOTAJE, MATERIALE SINTETICE",30,5019225
secretariat@mecanica-sighet.ro,MECANICA-SIGHETU SA,Altele,Maramureș,PRESATOR METALE LA RECE,2,2214574
secretariat@nucinmob.ro,BUCIN MOB SRL,PRODUCTIE MOBILA,Mureș,TÂMPLAR UNIVERSAL,5,3840525
secretariat@rocomes.ro,ROCOMES SRL,Producție / Logistică,Bihor,SPECIALIST IN ACHIZITII,1,14950604
secretariat@roorconstruct.ro,CONSTRUCT RO.OR SRL,Construcții / Instalații,Timiș,SUDOR,2,23668123
secretariat@salubritate-craiova.ro,SALUBRITATE CRAIOVA SRL,Altele,Dolj,LUCRATOR PENTRU SALUBRIZARE CAI PUBLICE,12,27969145
secretariat@securytas.ro,SECURYTAS SYSTEMS SRL,SERVICII DE PAZA SI PROTECTIE,Prahova,AGENT DE SECURITATE INTERVENȚIE,1,16889954
secretariat@shsdynamic.ro,SHS DYNAMIC INSTAL SRL,Construcții / Instalații,Municipiul București,ELECTRICIAN ÎN CONSTRUCTII,3,23132299
secretariat@sibiuairport.ro,AEROPORTUL INTERNAŢIONAL SIBIU RA,Altele,Sibiu,SEF DEPARTAMENT,1,2577146
secretariat@sphd.ro,SPITALUL MUNICIPALDR. ALEXAN,Medicină / Sănătate /Psihoterapie,Hunedoara,LUCRATOR BUCATARIE (SPALATOR VASE MARI),1,5453860
secretariat@spitaltglapus.ro,SPITALUL ORASENESC TARGU LAPUS,Medicină / Sănătate /Psihoterapie,Maramureș,MEDIC PRIMAR,1,3695247
secretariat@sudometal.com,SUDOMETAL SRL,Altele,Bacău,INGINER MECANIC,1,13186836
secretariat@transloc.ro,TRANSLOC SA,Servicii transport / curierat,Gorj,SOFER AUTOMACARAGIU,1,10682703
secretariat@tusnad.ro,TUSNAD SA,Medicină / Sănătate /Psihoterapie,Harghita,KINETOTERAPEUT,1,4241753
secretariatscoala@ioanid.com,FUNDATIA BLUE PLANET,Educație / Training / Coaching,Municipiul București,"PROFESOR ÎN ÎNVATAMÂNTUL LICEAL, POSTLICEAL",1,19060577
sedcom_ru@sedcom.ro,SEDCOM LIBRIS SA IASI,COMERT,Iași,LIBRAR,1,1972163
sediu@muzeulbrailei.ro,MUZEUL BRAILEI CAROL I,Altele,Brăila,EXPERT ACHIZITII PUBPLICE,1,5217575
sergiu.mihalache@testergrup.ro,CENTRO IMOBILIARE SRL,Inginerie,Iași,SPECIALIST DOCUMENTATIE STUDII,1,4981476
sergiu.opris@promold.ro,PROMOLD SIB S.R.L.,Producție / Logistică,,FREZOR UNIVERSAL,1,40544060
service@edmontondiesel.ro,EDMONTON DOCTOR MOTOR S.R.L.,SERVICE AUTO,,MECANIC AUTO,1,44802553
service@exc-express.com,EXCELENT AUTO SRL,Servicii transport / curierat,Alba,SOFER DE AUTOTURISME SI CAMIONETE,5,29087375
service@soauto.ro,SO AUTO IMPEX SRL,SERVICE AUTO,Sibiu,MECANIC AUTO,2,25352150
siadeliverysrl@gmai.com,BAICU BRISK DELIVERY SRL,Servicii transport / curierat,Municipiul București,CURIER,10,47081346
siemens.ro@siemens.com,SIEMENS SRL,Inginerie,Municipiul București,INGINER ELECTRICIAN,3,7614474
sigstrat@sigstrta.ro,SIGSTRAT SA,Altele,Maramureș,TÂMPLAR UNIVERSAL,1,2954386
silvana.mateiu@upt.ro,UNIVERSITATEA POLITEHNICA TIMISOARA,Educație / Training / Coaching,Timiș,"SECRETAR INSTITUT, FACULTATE",1,4269282
silvia.malus@enevogroup.ro,ENEVO GROUP SRL,Inginerie,Municipiul București,SEF SANTIER,7,33110123
silvia@frudisiac.ro,ARMEDI FOOD SRL,Altele,Municipiul București,AJUTOR BUCATAR,5,46144381
silviu@badenmob.ro,S.C. BADENMOB SRL,Altele,Brăila,"MUNCITOR NECALIFICAT LA ASAMBLAREA, MONTAREA PIESELOR",3,16861384
simona.ana@rhein-vision.com,RHEIN VISION SRL,Altele,Prahova,CONTROLOR FINANCIAR,1,29582829
simona.boromiz@ces.eu,CESROM SRL,Altele,Sibiu,PROGRAMATOR,1,16706240
simona.cernica@evoconcept.ro,EVO CONCEPT FM SRL,Altele,Municipiul București,TÂMPLAR UNIVERSAL,1,34642048
simona.ciubuc@comdivers.ro,COM DIVERS AUTO RO SA,Servicii transport / curierat,Argeș,Conducător auto transport rutier de mărfuri,6,6833743
simona.curtuius@duke-tech.com,DUKE TECHNOLOGIES SRL,Construcții / Instalații,Municipiul București,MONTATOR SUBANSAMBLE,1,50318419
simona.dinuta@profi.ro,PROFI ROM FOOD SRL,Producție / Logistică,Dolj,MANIPULANT MARFURI,2,11607939
simona.ganea@sobis.ro,SOBIS SOLUTIONS SRL,Agricultură / Zootehnie,Sibiu,MUNCITOR PISCICOL,7,12018818
simona.gugiu@dicorland.ro,DICOR LAND SRL,Agricultură / Zootehnie,Galați,AGENT DE VÂNZARI,1,28881164
simona.nestian@valpet.ro,ASTOR COM SRL,Construcții / Instalații,Mureș,LABORANT DETERMINARI FIZICO-MECANICE PENTRU LUCRARI DE DRUMURI SI PODURI,1,3445623
simona.radu@marmosim.ro,MARMOSIM SA,Altele,Hunedoara,MASINIST LA MASINI PENTRU TERASAMENTE (IFRONIST),1,2150373
simona.simion@blueoffice.ro,BLUE OFFICE TRADING SRL,Vânzări,Ilfov,GESTIONAR DEPOZIT,1,34545118
simona.stancu@clinicadentalex.ro,SC DENTALEX SRL,Medicină / Sănătate /Psihoterapie,Dolj,ASISTENT DE MEDICINĂ DENTARĂ,4,15972660
sm881@primark.com,PRIMARK MAGAZINE S.R.L.,Retail,Municipiul București,LUCRATOR COMERCIAL,11,44875482
sm884@primark.com,PRIMARK MAGAZINE S.R.L.,Retail,Cluj,MANAGER RESURSE UMANE,1,44875482
social@atelierefarafrontiere.ro,ASOCIATIA ATELIERE FARA FRONTI,Altele,Municipiul București,LUCRATOR SORTATOR DESEURI RECICLABILE,2,23989280
socom.unirea@xnet.ro,SOCOM UNIREA SOCIETATE COOPERATIVA,RESTAURANTE,,LUCRATOR BUCATARIE (SPALATOR VASE MARI),1,2135250
sonia.lonca@skyline-engineering.ro,SKYLINE ENGINEERING SRL,Construcții / Instalații,Cluj,OPERATOR LA MASINI-UNELTE CU COMANDA NUMERICA,2,30835569
sonia@job-link.ro,S.C. JOB-LINK ROMANIA SRL,Servicii transport / curierat,Bihor,Conducător auto transport rutier de mărfuri,20,46298062
sorin.bizu@avocatde10.ro,TRANSEVREN SRL,Servicii transport / curierat,Constanța,MECANIC AUTO,10,4476466
sorin.dan@sabisor.ro,ROSIBAS FLUID SRL,Construcții / Instalații,Harghita,VÂNZATOR,1,36955807
sorin.gherghe@conexclean.ro,CONEX CLEAN SRL,Au pair / Babysitter / Curățenie,,AGENT CURATENIE CLADIRI SI MIJLOACE DE TRANSPORT,17,36378628
sorin.pop@dspmediacons.ro,DSP MEDIACONS SRL,Altele,Bihor,FEMEIE DE SERVICIU,1,30450201
sorina.cosman@rightman.eu,SMÂRDAN NO. 9 SRL,Altele,Municipiul București,AJUTOR OSPATAR,2,25902270
sorina.mutnean@distributie-energie.ro,DISTRIBUȚIE ENERGIE ELECTRICĂ ROMANIA S.A.,Altele,Cluj,INGINER ELECTROENERGETICA,3,14476722
sorina.tudor@pachiravalven.com,PACHIRA & VALVEN SRL,Altele,Constanța,TUBULATOR NAVAL,50,28312746
sorinalb1904@gmil.com,MAŞINI DE CUSUT ONE SRL,COMERT,Alba,"MECANIC INTRETINERE SI REPARATII UTILAJE DIN INDUSTRIA TEXTILA, CONFECTII SI INCALTAMINTE",1,48793873
spiru.valentin@spiru.eu,SPIRU ELECTRA SRL,Construcții / Instalații,Tulcea,INSTALATOR PENTRU SISTEME FOTOVOLTAICE SOLARE,3,2368972
spital@spitmunor.ro,SPITALUL MUNICIPAL ORASTIE,Medicină / Sănătate /Psihoterapie,Hunedoara,ASISTENT MEDICAL GENERALIST,1,5808334
ssp@nemoinvestigo.ro,NEMO INVESTIGO SRL,Armată / Pază/ Protecție,Sibiu,PAZNIC,1,8707083
staff@expresseuroscan.com,S.C. EXPRESS EUROSCAN S.R.L.,Servicii transport / curierat,Suceava,Conducător auto transport rutier de mărfuri,10,20169676
stanciu@pro-vest.ro,ASOCIATIA EUROPEANA PENTRU TINERET SI DEZVOLTARE CULTURALA SI SOCIALA,Contabilitate / Financiar,Argeș,MANAGER FINANCIAR,1,32421172
statusmet2025@gmaio.com,NICHTVISION SERVICE SRL,SERVICE AUTO,,MECANIC AUTO,1,52237744
stefan.almasan@flora.com,FLARO PROD SA,Producție / Logistică,Sibiu,MONTATOR SUBANSAMBLE,4,17956636
stefan.badescu@accedio.ro,Emcer Consult srl,Servicii transport / curierat,Municipiul București,SOFER DE AUTOTURISME SI CAMIONETE,4,14966910
stefan.daniela@ymail.com,SC ALY KAT NEW SOLUTIONS SRL,PRODUCTIE MOBILA,Argeș,TÂMPLAR UNIVERSAL,1,28388612
stefan.ion@zip-escort.ro,BLACK SEA SECURITY SISTEMS,SERVICII DE PAZA SI PROTECTIE,Constanța,AGENT DE SECURITATE,20,33672636
stefan.raicu@ravauto.ro,SC RAVAUTO COLOR SRL,SERVICE AUTO,Gorj,"MUNCITOR NECALIFICAT LA ASAMBLAREA, MONTAREA PIESELOR",1,32979641
stefan@straciug.com,SC ALIZEU SRL,COMERT,Vaslui,VÂNZATOR,1,7601946
stefana.geleriu@guentner.com,JAEGGI INDUSTRIES SRL,Producție / Logistică,Sibiu,SUDOR,20,32214983
stefana.spatacean@diaverum.com,DIAVERUM ROMANIA SRL,Medicină / Sănătate /Psihoterapie,Mureș,ÎNGRIJITOARE LA UNITATI DE OCROTIRE SOCIALA SI SANITARA,1,25934329
stefana.stoenescu@vait.ro,NHR AGROPARTNERS SRL,COMERT,Ilfov,logistician responsabil comenzi,1,11946536
stefania.banaru@credius.ro,S.C. CREDIUS IFN S.A.,Altele,Municipiul București,ANALIST CREDITE,1,31534882
stefania.banaru@qoobiss.com,CREDIMATIC NETWORK SRL,Altele,Municipiul București,AGENT DE VÂNZARI,2,36217540
stela.moscalu@iuliusmall.com,IULIUS REAL ESTATE SRL,Construcții / Instalații,Iași,DESENATOR TEHNIC,1,22844795
stela.patrana@popeci.ro,POPECI UTILAJ GREU SA,Producție / Logistică,Dolj,SUDOR,10,2294590
stelian.clipacs@unicarm.ro,UNICARM SUPERMARKET S.R.L.,COMERT,Satu Mare,LUCRATOR COMERCIAL,3,46322543
steliana.rus@evanwijk.ro,LOGISTIC E VAN WIJK SRL,Servicii transport / curierat,Cluj,Conducător auto transport rutier de mărfuri,16,6654810
strategii.personal@procontabil.eu,STRATEGII DE PERSONAL,Contabilitate / Financiar,,UCENIC,3,52094563
suport@kipi.ro,KIPI MEDIA S.R.L.,Contabilitate / Financiar,Prahova,CONSILIER/EXPERT/INSPECTOR/REFERENT/ECONOMIST ÎN ECONOMIE GENERALA,1,40603094
syrinx@syrinx.ro,SC SYRINX SRL,Altele,Harghita,"INSTALATOR APA, CANAL",1,516860
szabolcs.pal@csikisor.hu,PITYÓKA GYÁR SRL,Producție / Logistică,Harghita,MANIPULANT MARFURI,3,36943845
ta@zitec.com,ZITEC,IT / Telecomunicații,Municipiul București,MANAGER,1,15496736
tanta@haditon.ro,HADITON GROUP SRL,Agricultură / Zootehnie,Argeș,FUNCTIONAR ECONOMIC,1,11839840
tasnadi@ttsped.hu,UNION TRANSPED SRL,Servicii transport / curierat,Bihor,SOFER DE AUTOTURISME SI CAMIONETE,12,17625187
tdro.hr@tdcx.com,TDCX (EUROPE) SRL,Altele,Municipiul București,AGENT SERVICII CLIENT,5,43892736
tehnic@atimo.ro,ATIMO PROJECT S.R.L.,Construcții / Instalații,Bistrița-Năsăud,INSTALATOR INSTALATII TEHNICO-SANITARE SI DE GAZE,2,38992313
tehnic@instalelectro.ro,RAPIDELECTROINSTAL S.R.L.,IT / Telecomunicații,Călărași,UCENIC,6,42093900
tehnic@primariacetate.ro,PRIMARIA COMUNEI CETATE,ASISTENTA SOCIALA,Dolj,ASISTENT PERSONAL AL PERSOANEI CU HANDICAP GRAV,2,4553470
tehnic@secure-sys.ro,Secure Systems,IT / Telecomunicații,Prahova,TEHNICIAN ECHIPAMENTE DE CALCUL SI RETELE,2,51381619
teodora.buga@istratecom.ro,ISTRATE COM SRL,Servicii transport / curierat,Sibiu,Conducător auto transport rutier de mărfuri,1,10704330
teodora.tamas@autosmartheater.com,SMART IMPORT SRL,COMERT,Cluj,MANIPULANT MARFURI,1,47212964
teodora@sereledalin.ro,SERELE DALIN SRL,Agricultură / Zootehnie,Mureș,MUNCITOR NECALIFICAT LA SPARGEREA SI TAIEREA MATERIALELOR DE CONSTRUCTII,1,20169536
termalmed@duck.com,S.C. TERMALMED S.R.L.,Au pair / Babysitter / Curățenie,Mureș,ALTI MUNCITORI ÎN SERVICII PENTRU CURATENIE,1,40527787
test@test.ro,CINE-CITTA RISTORANTE S.R.L.,RESTAURANTE,Arad,UCENIC,4,36449940
texital@texital.ro,SC TEXITAL SRL,FABRICAREA ARTICOLELOR DE IMBRACAMINTE,Prahova,"OPERATOR CONFECTIONER INDUSTRIAL ÎMBRACAMINTE DIN TESATURI, TRICOTAJE, MATERIALE SINTETICE",1,12375187
timoserv@rontaila.ro,TIMO SERV SRL,Producție / Logistică,Brăila,OPERATOR LA FABRICAREA BISCUITILOR,2,4873954
tolan.andrada@wipindustries.eu,WIP INDUSTRIES ROMANIA SRL,PRODUCTIE MOBILA,Cluj,MANIPULANT MARFURI,10,31721449
tolea.avram@auromet.ro,AUROMET ELECTROCONSTRUCT SRL,Producție / Logistică,Arad,FREZOR UNIVERSAL,2,28859590
tonmoy@whl.ro,BLACK EL ZORAB S.R.L.,RESTAURANTE,Municipiul București,LUCRATOR BUCATARIE (SPALATOR VASE MARI),50,36766603
topoloveni@bamesa.com,S.C. BAMESA OTEL S.A.,Altele,Argeș,MACARAGIU,2,18066946
toroimpex@toroimpex.ro,CRAFT MEAT SRL,COMERT,Covasna,MANIPULANT MARFURI,1,47903137
traian@gagea.ro,SMILE DENT SRL,Medicină / Sănătate /Psihoterapie,Iași,ASISTENT MEDICAL GENERALIST,2,15532960
transport@wsm.ro,WEISSMAN INTERNATIONAL TRANSPO,Servicii transport / curierat,Arad,Conducător auto transport rutier de mărfuri,6,32784380
tturkrom@turkrom.ro,TURKROM SA,COMERT,Vrancea,Conducător auto transport rutier de mărfuri,1,6572370
tunde.nagy@csiki.com,SC LIXID PROJECT,Producție / Logistică,Harghita,OPERATOR RESPONSABIL CU SUPRAVEGHEREA TEHNICA A INSTALATIILOR,3,32319920
ueromhr@uechairs.com,UEROM FURNITURE CO. S.R.L.,PRODUCTIE MOBILA,Timiș,INSPECTOR ÎN DOMENIUL SECURITATII SI SANATATII ÎN MUNCA,1,41376500
umo@umo.ro,UZINA MECANICA ORASTIE SA,Producție / Logistică,Hunedoara,FREZOR UNIVERSAL,2,15657042
ungureanu.elizabet@cont-exp.ro,CENTRU DE DIAGNOSTIC IMAGISTIC RADIOMEDIC S.R.L.,Altele,Covasna,ASISTENT MANAGER,1,4969588
unlockbusinessconsulting@gmal.com,UNLOCK BUSINESS CONSULTING SRL,Altele,Iași,SOFER DE AUTOTURISME SI CAMIONETE,1,28639943
urbis@urbis.ro,URBIS SA,Altele,Maramureș,Conducator auto transport rutier de persoane,1,10250004
valentin@restaurantbucovina.ro,BUCOVINA ORIGIN SRL,Turism / Alimentație,Suceava,LUCRATOR COMERCIAL,1,51781232
valentina.rizea@mattdesign.ro,MATT DESIGN & PRODUCTION SRL,PRODUCTIE MOBILA,Municipiul București,OPERATOR LA MASINI-UNELTE SEMIAUTOMATE SI AUTOMATE,1,14793100
valentina@ghvsol.com,INSIDE CONSTRUCTION SRL,Construcții / Instalații,Neamț,"MUNCITOR NECALIFICAT LA DEMOLAREA CLADIRILOR, CAPTUSELI ZIDARIE, PLACI MOZAIC, FAIANTA, GRESIE, PARCHET",2,24314868
valentincuciureanu@gpd.ro,GOLDEN GRAND MANAGEMENT S.R.L.,Altele,Ilfov,MANIPULANT MARFURI,2,45972572
valerica.sandulescu@wipro.com,WIPRO INFRASTRUCTURE ENGINEERING S.A.,Producție / Logistică,Vâlcea,"MUNCITOR NECALIFICAT LA ASAMBLAREA, MONTAREA PIESELOR",1,1471049
vali@micromet.ro,MICROMET SA,Producție / Logistică,Vrancea,OPERATOR LA MASINI-UNELTE CU COMANDA NUMERICA,2,11359469
vanzari@hellios.ro,HELLIOS COM SRL,COMERT,Mureș,AGENT DE VÂNZARI,1,1199190
vanzari@horeca-bucuresti.ro,DISTAL MARK SRL,COMERT,Municipiul București,"MUNCITOR NECALIFICAT LA ASAMBLAREA, MONTAREA PIESELOR",15,18606140
vanzari@jordanriver.eu,WORK TRAVEL BUSINESS,Altele,Municipiul București,FEMEIE DE SERVICIU,3,45567200
vanzari@magazinunic.ro,TERMOHIDROFONICA GRUP SRL,Construcții / Instalații,Vrancea,AGENT DE VÂNZARI,2,27534167
vasile.lazar@eurial.com.ro,EURIAL SRL,Construcții / Instalații,Cluj,SUDOR,2,16924229
veronica.radescu@areslogistics.com.tr,S.C. ARES INTERNATIONAL TRANSP,Servicii transport / curierat,Municipiul București,Conducător auto transport rutier de mărfuri,20,30063663
veronica_pereverzii@dietsmann.com,Dietsmann Energy SRL,Producție / Logistică,Hunedoara,SPECIALIST ÎN DOMENIUL SECURITATII SI SANATATII ÎN MUNCA,1,9816194
veronika.bojte@jabdgroup.com,JABS GLODENI S.R.L.,Construcții / Instalații,Mureș,OPERATOR LA MASINI UNELTE CU COMANDA NUMERICA ÎN PRELUCRAREA LEMNULUI,1,23933998
verovica.c@neks.ro,NEKSIO LAND SRL,Servicii transport / curierat,Călărași,Conducător auto transport rutier de mărfuri,1,33069300
vi@mmp-steel.com,MMP STEEL SRL,Construcții / Instalații,Mureș,SUDOR,3,51882784
victor.dascalescu@unclevic.ro,SC TAKE AWAY RESTAURANTS & DELIVERY SRL,RESTAURANTE,Botoșani,OSPATAR (CHELNER),1,48484193
victor@big.store.ro,DYNAMIC TOOLS SRL,COMERT,Cluj,MECANIC OPERATOR,2,10137316
victoria@vonrep.ro,VONREP SRL,Altele,Gorj,ELECTRICIAN DE ÎNTRETINERE ÎN CONSTRUCTII,1,6721561
vinatori@cjmures.ro,COMUNA VÂNĂTORI,ASISTENTA SOCIALA,Mureș,ÎNGRIJITOR CLADIRI,1,5902721
violeta.teodorescu@questfield.ro,SCOALA PRIMARA QUESTFILD,Altele,Ilfov,PROFESOR ÎN ÎNVATAMÂNTUL GIMNAZIAL,10,38821313
violeta.vilcu@transelectrica.ro,CN TRANSELECTRICA-STT,Inginerie,Dolj,SEF TURA DISPECER ENERGETIC,1,47998340
violeta@abmyapi.com,ABM FACADE SYSTEMS S.R.L.,Construcții / Instalații,Municipiul București,"MUNCITOR NECALIFICAT LA DEMOLAREA CLADIRILOR, CAPTUSELI ZIDARIE, PLACI MOZAIC, FAIANTA, GRESIE, PARCHET",15,46091651
viorel.feraru@sferabags.ro,SFERA BAGS S.R.L.,FABRICAREA ARTICOLELOR DE IMBRACAMINTE,Alba,"MUNCITOR NECALIFICAT LA ASAMBLAREA, MONTAREA PIESELOR",5,44076817
viorica.ursuleac@cnin.ro,"COMPANIA NATIONALA ""IMPRIMERIA NATIONALA"" SA",Producție / Logistică,Municipiul București,LEGATOR MANUAL (ÎN POLIGRAFIE SI ATELIERE SPECIALE),3,2779625
vioricanegrut@fancourier.ro,S.C. ROMCURIER SRL,Servicii transport / curierat,Bihor,MANIPULANT MARFURI,6,17304845
virginia.trifan@aaylex.ro,AAYLEX ONE S.A.,Agricultură / Zootehnie,Buzău,MUNCITOR NECALIFICAT ÎN AGRICULTURA,9,45303187
vlad.oltean@comelf.ro,COMELF SA,Altele,Bistrița-Năsăud,LACATUS MECANIC,10,568656
vlad@cheli.ro,MTV SCUTER RENT SRL,Altele,Cluj,CURIER,100,50582509
vladimir.pg@fortengineering.ro,FORT ENGINEERING SRL,Producție / Logistică,Cluj,"MUNCITOR NECALIFICAT LA ASAMBLAREA, MONTAREA PIESELOR",5,32120765
vladionut@euroasiajobs.ro,ROYAL DESSERTS S.R.L.,RESTAURANTE,Municipiul București,LUCRATOR COMERCIAL,16,48885942
voicu.alexandraaa@strauss-group.ro,S.C. STRAUSS ROMANIA S.R.L.,Vânzări,Municipiul București,REPREZENTANT COMERCIAL,1,5990561
wh_dlt-ro-personnel@concentrix.com,WEBHELP ROMÂNIA SRL,Call center / Suport clienți,Iași,ANALIST SERVICII CLIENT,40,18988172
workandfashion@workandfashion.ro,WORK AND FASHION SRL,FABRICAREA ARTICOLELOR DE IMBRACAMINTE,Maramureș,LUCRATOR GESTIONAR,1,13661551
wp@counselors.legal,CRISTIN NL IMPEX,RESTAURANTE,Municipiul București,AJUTOR BUCATAR,31,5581168
xnet@xnet.com,MAL FIER MARI S.R.L.,Altele,Neamț,SUDOR,1,48062814
xplaygroundsibiu@gamil.com,INSTAL IMPULS S.R.L.,Altele,Sibiu,MANIPULANT MARFURI,30,30459596
yusufacar@kurularltd.com,HES BLACK CONSTRUCTION,Construcții / Instalații,Constanța,FIERAR BETONIST,50,43580360
zadio.duta@afconsulting.ro,AF CONSULTING SRL,Construcții / Instalații,Prahova,"MUNCITOR NECALIFICAT LA DEMOLAREA CLADIRILOR, CAPTUSELI ZIDARIE, PLACI MOZAIC, FAIANTA, GRESIE, PARCHET",2,12972517
zebimobil@zebimobil.ro,PADRONES SRL,Altele,Covasna,AGENT TRANSPORTURI,1,22218520
zolcsakbeata@barta-ati.ro,BARTA ATI SRL,COMERT,Satu Mare,MANIPULANT MARFURI,1,5112404
zoosab@marcel.com.ro,ZOOSAB SRL,Agricultură / Zootehnie,Neamț,MANIPULANT MARFURI,3,2005136
zskelemen@artemobinternational.com,ARTEMOB INTERNATIONAL SRL,PRODUCTIE MOBILA,Mureș,MANIPULANT MARFURI,15,8102405
zsofia.gabor@rdero.ro,RDE HURON SRL,Servicii transport / curierat,Harghita,GOSPODAR,1,10313528
zsuzsa.szell@agrosel.ro,AGROSEL SRL,COMERT,Cluj,MAGAZINER,1,10534685
